[13:27:38] ENQUEUE t-20260611-132738-997e6e role=ops timeout=300s
[13:27:38] HEARTBEAT t-20260611-132738-997e6e status=started progress=None/None msg=子 agent 已起，准备扫目录
[13:27:38] HEARTBEAT t-20260611-132738-997e6e status=running progress=1/3 msg=扫描第 1 批
[13:27:38] HEARTBEAT t-20260611-132738-997e6e status=running progress=2/3 msg=扫描第 2 批
[13:27:38] HEARTBEAT t-20260611-132738-997e6e status=running progress=3/3 msg=扫描第 3 批
[13:27:38] DONE t-20260611-132738-997e6e result_keys=['summary', 'artifacts']
[13:27:38] ENQUEUE t-20260611-132738-290805 role=test timeout=5s
[13:27:44] FAILED t-20260611-132738-290805 reason=watchdog_timeout error=no heartbeat for > timeout window
[13:27:53] ENQUEUE t-20260611-132753-146d41 role=ops timeout=300s
[13:27:53] HEARTBEAT t-20260611-132753-146d41 status=started progress=None/None msg=子 agent 已起，准备扫目录
[13:27:53] HEARTBEAT t-20260611-132753-146d41 status=running progress=1/3 msg=扫描第 1 批
[13:27:53] HEARTBEAT t-20260611-132753-146d41 status=running progress=2/3 msg=扫描第 2 批
[13:27:53] HEARTBEAT t-20260611-132753-146d41 status=running progress=3/3 msg=扫描第 3 批
[13:27:54] DONE t-20260611-132753-146d41 result_keys=['summary', 'artifacts']
[13:27:54] ENQUEUE t-20260611-132754-72c7fd role=test timeout=5s
[13:28:00] FAILED t-20260611-132754-72c7fd reason=watchdog_timeout error=no heartbeat for > timeout window
[13:31:24] ENQUEUE t-20260611-133124-458db2 role=livetest timeout=5s
[13:32:12] FAILED t-20260611-133124-458db2 reason=watchdog_timeout error=no heartbeat for > timeout window
[14:20:15] ENQUEUE t-20260611-142015-3a6728 role=ops timeout=120s hb=30s
[14:20:15] HEARTBEAT t-20260611-142015-3a6728 status=started progress=None/None msg=子 agent 已起
[14:20:15] HEARTBEAT t-20260611-142015-3a6728 status=running progress=1/3 msg=扫描第 1 批
[14:20:15] HEARTBEAT t-20260611-142015-3a6728 status=running progress=2/3 msg=扫描第 2 批
[14:20:15] HEARTBEAT t-20260611-142015-3a6728 status=running progress=3/3 msg=扫描第 3 批
[14:20:15] DONE t-20260611-142015-3a6728 result_keys=['summary', 'artifacts']
[14:20:15] ENQUEUE t-20260611-142015-59d0eb role=tester timeout=600s hb=60s
[14:20:15] DONE t-20260611-142015-59d0eb result_keys=['artifacts']
[14:20:15] DONE t-20260611-142015-59d0eb result_keys=['artifacts']
[14:20:15] ENQUEUE t-20260611-142015-3c1ae6 role=stresstest timeout=2s hb=1s
[14:20:15] ENQUEUE t-20260611-142015-a88840 role=stresstest timeout=2s hb=1s
[14:20:15] ENQUEUE t-20260611-142015-544435 role=stresstest timeout=2s hb=1s
[14:20:15] ENQUEUE t-20260611-142015-598996 role=stresstest timeout=2s hb=1s
[14:20:15] ENQUEUE t-20260611-142015-0bc102 role=stresstest timeout=2s hb=1s
[14:20:19] TIMEOUT_BATCH 5 tasks
[14:20:19] ENQUEUE t-20260611-142019-54a22f role=ops timeout=120s hb=30s
[14:20:19] ENQUEUE t-20260611-142019-03fd39 role=general timeout=600s hb=60s
[14:20:19] DONE t-20260611-142019-03fd39 result_keys=['artifacts']
[14:20:19] ENQUEUE t-20260611-142019-06882c role=ops timeout=120s hb=30s
[14:20:19] ENQUEUE t-20260611-142019-d96375 role=tester timeout=600s hb=60s
[14:20:19] ENQUEUE t-20260611-142019-c0af5b role=general timeout=600s hb=60s
[14:20:19] ENQUEUE t-20260611-142019-a55967 role=researcher timeout=1800s hb=120s
[14:20:19] ENQUEUE t-20260611-142019-df3e4a role=coder timeout=3600s hb=120s
[14:20:19] ENQUEUE t-20260611-142019-f0fc90 role=ops timeout=10s hb=2s
[14:20:19] ENQUEUE t-20260611-142019-c3eb34 role=watchdogtest timeout=3s hb=1s
[14:20:23] TIMEOUT_BATCH 1 tasks
[14:21:17] ENQUEUE t-20260611-142117-d4d133 role=ops timeout=120s hb=30s
[14:21:17] HEARTBEAT t-20260611-142117-d4d133 status=started progress=None/None msg=子 agent 已起
[14:21:17] HEARTBEAT t-20260611-142117-d4d133 status=running progress=1/3 msg=扫描第 1 批
[14:21:17] HEARTBEAT t-20260611-142117-d4d133 status=running progress=2/3 msg=扫描第 2 批
[14:21:17] HEARTBEAT t-20260611-142117-d4d133 status=running progress=3/3 msg=扫描第 3 批
[14:21:17] DONE t-20260611-142117-d4d133 result_keys=['summary', 'artifacts']
[14:21:34] ENQUEUE t-20260611-142134-2f6cea role=ops timeout=120s hb=30s
[14:21:39] ENQUEUE t-20260611-142139-4438c9 role=ops timeout=120s hb=30s
[14:21:40] DONE t-20260611-142139-4438c9 result_keys=['k']
[14:23:02] ENQUEUE t-20260611-142302-edd373 role=ops timeout=120s hb=30s
[14:23:02] HEARTBEAT t-20260611-142302-edd373 status=started progress=None/None msg=子 agent 已起
[14:23:02] HEARTBEAT t-20260611-142302-edd373 status=running progress=1/3 msg=扫描第 1 批
[14:23:02] HEARTBEAT t-20260611-142302-edd373 status=running progress=2/3 msg=扫描第 2 批
[14:23:02] HEARTBEAT t-20260611-142302-edd373 status=running progress=3/3 msg=扫描第 3 批
[14:23:02] DONE t-20260611-142302-edd373 result_keys=['summary', 'artifacts']
[14:23:02] ENQUEUE t-20260611-142302-aac91f role=tester timeout=600s hb=60s
[14:23:02] DONE t-20260611-142302-aac91f result_keys=['artifacts']
[14:23:28] ENQUEUE t-20260611-142328-ab5ad5 role=ops timeout=120s hb=30s
[14:23:28] HEARTBEAT t-20260611-142328-ab5ad5 status=started progress=None/None msg=子 agent 已起
[14:23:28] HEARTBEAT t-20260611-142328-ab5ad5 status=running progress=1/3 msg=扫描第 1 批
[14:23:28] HEARTBEAT t-20260611-142328-ab5ad5 status=running progress=2/3 msg=扫描第 2 批
[14:23:28] HEARTBEAT t-20260611-142328-ab5ad5 status=running progress=3/3 msg=扫描第 3 批
[14:23:28] DONE t-20260611-142328-ab5ad5 result_keys=['summary', 'artifacts']
[14:23:28] ENQUEUE t-20260611-142328-710fd3 role=tester timeout=600s hb=60s
[14:23:37] ENQUEUE t-20260611-142337-44299e role=ops timeout=120s hb=30s
[14:23:37] HEARTBEAT t-20260611-142337-44299e status=started progress=None/None msg=子 agent 已起
[14:23:37] HEARTBEAT t-20260611-142337-44299e status=running progress=1/3 msg=扫描第 1 批
[14:23:37] HEARTBEAT t-20260611-142337-44299e status=running progress=2/3 msg=扫描第 2 批
[14:23:37] HEARTBEAT t-20260611-142337-44299e status=running progress=3/3 msg=扫描第 3 批
[14:23:37] DONE t-20260611-142337-44299e result_keys=['summary', 'artifacts']
[14:23:37] ENQUEUE t-20260611-142337-3ff2c5 role=tester timeout=600s hb=60s
[14:23:37] DONE t-20260611-142337-3ff2c5 result_keys=['artifacts']
[14:23:37] ENQUEUE t-20260611-142337-0d5c41 role=stresstest timeout=2s hb=1s
[14:23:37] ENQUEUE t-20260611-142337-cf3162 role=stresstest timeout=2s hb=1s
[14:23:37] ENQUEUE t-20260611-142337-6180a2 role=stresstest timeout=2s hb=1s
[14:23:37] ENQUEUE t-20260611-142337-6c1065 role=stresstest timeout=2s hb=1s
[14:23:37] ENQUEUE t-20260611-142337-b4aeb9 role=stresstest timeout=2s hb=1s
[14:23:41] TIMEOUT_BATCH 5 tasks
[14:23:41] ENQUEUE t-20260611-142341-f72230 role=ops timeout=120s hb=30s
[14:23:41] FAILED t-20260611-142341-f72230 reason=dispatch_no_hermes_cli error=hermes CLI not in PATH; cannot dispatch
[14:23:41] ENQUEUE t-20260611-142341-ed8c27 role=general timeout=600s hb=60s
[14:23:41] DONE t-20260611-142341-ed8c27 result_keys=['artifacts']
[14:23:41] ENQUEUE t-20260611-142341-35ce53 role=ops timeout=120s hb=30s
[14:23:41] ENQUEUE t-20260611-142341-339b46 role=tester timeout=600s hb=60s
[14:23:41] ENQUEUE t-20260611-142341-6efc3a role=general timeout=600s hb=60s
[14:23:41] ENQUEUE t-20260611-142341-4e9ebd role=researcher timeout=1800s hb=120s
[14:23:41] ENQUEUE t-20260611-142341-6b0eb1 role=coder timeout=3600s hb=120s
[14:23:41] ENQUEUE t-20260611-142341-7e97fb role=ops timeout=10s hb=2s
[14:23:41] ENQUEUE t-20260611-142341-a8a84c role=watchdogtest timeout=3s hb=1s
[14:23:45] TIMEOUT_BATCH 1 tasks
[14:24:28] ENQUEUE t-20260611-142428-a5de4a role=general timeout=600s hb=60s
[14:24:28] DONE t-20260611-142428-a5de4a result_keys=['artifacts']
[14:24:37] ENQUEUE t-20260611-142437-f2892a role=ops timeout=120s hb=30s
[14:24:37] HEARTBEAT t-20260611-142437-f2892a status=started progress=None/None msg=子 agent 已起
[14:24:37] HEARTBEAT t-20260611-142437-f2892a status=running progress=1/3 msg=扫描第 1 批
[14:24:37] HEARTBEAT t-20260611-142437-f2892a status=running progress=2/3 msg=扫描第 2 批
[14:24:37] HEARTBEAT t-20260611-142437-f2892a status=running progress=3/3 msg=扫描第 3 批
[14:24:37] DONE t-20260611-142437-f2892a result_keys=['summary', 'artifacts']
[14:24:37] ENQUEUE t-20260611-142437-67d46b role=tester timeout=600s hb=60s
[14:24:37] DONE t-20260611-142437-67d46b result_keys=['artifacts']
[14:24:37] ENQUEUE t-20260611-142437-430ca5 role=stresstest timeout=2s hb=1s
[14:24:37] ENQUEUE t-20260611-142437-45d6ce role=stresstest timeout=2s hb=1s
[14:24:37] ENQUEUE t-20260611-142437-f0fce5 role=stresstest timeout=2s hb=1s
[14:24:37] ENQUEUE t-20260611-142437-edef62 role=stresstest timeout=2s hb=1s
[14:24:37] ENQUEUE t-20260611-142437-c64442 role=stresstest timeout=2s hb=1s
[14:24:41] TIMEOUT_BATCH 5 tasks
[14:24:41] ENQUEUE t-20260611-142441-121a50 role=ops timeout=120s hb=30s
[14:24:41] FAILED t-20260611-142441-121a50 reason=dispatch_no_hermes_cli error=hermes CLI not in PATH; cannot dispatch
[14:24:41] ENQUEUE t-20260611-142441-20f665 role=general timeout=600s hb=60s
[14:24:41] DONE t-20260611-142441-20f665 result_keys=['artifacts']
[14:24:41] ENQUEUE t-20260611-142441-abf60b role=ops timeout=120s hb=30s
[14:24:41] ENQUEUE t-20260611-142441-7a7853 role=tester timeout=600s hb=60s
[14:24:41] ENQUEUE t-20260611-142441-19e472 role=general timeout=600s hb=60s
[14:24:41] ENQUEUE t-20260611-142441-7469e6 role=researcher timeout=1800s hb=120s
[14:24:41] ENQUEUE t-20260611-142441-e190ee role=coder timeout=3600s hb=120s
[14:24:41] ENQUEUE t-20260611-142441-5b7a5d role=ops timeout=10s hb=2s
[14:24:42] ENQUEUE t-20260611-142442-551d39 role=watchdogtest timeout=3s hb=1s
[14:24:46] TIMEOUT_BATCH 1 tasks
[14:25:07] ENQUEUE t-20260611-142507-4c93ce role=ops timeout=120s hb=30s
[14:25:07] HEARTBEAT t-20260611-142507-4c93ce status=started progress=None/None msg=子 agent 已起
[14:25:07] HEARTBEAT t-20260611-142507-4c93ce status=running progress=1/3 msg=扫描第 1 批
[14:25:07] HEARTBEAT t-20260611-142507-4c93ce status=running progress=2/3 msg=扫描第 2 批
[14:25:07] HEARTBEAT t-20260611-142507-4c93ce status=running progress=3/3 msg=扫描第 3 批
[14:25:07] DONE t-20260611-142507-4c93ce result_keys=['summary', 'artifacts']
[14:25:07] ENQUEUE t-20260611-142507-f28679 role=tester timeout=600s hb=60s
[14:25:07] DONE t-20260611-142507-f28679 result_keys=['artifacts']
[14:25:07] ENQUEUE t-20260611-142507-838759 role=stresstest timeout=2s hb=1s
[14:25:07] ENQUEUE t-20260611-142507-faa519 role=stresstest timeout=2s hb=1s
[14:25:07] ENQUEUE t-20260611-142507-af1913 role=stresstest timeout=2s hb=1s
[14:25:07] ENQUEUE t-20260611-142507-b5c9a8 role=stresstest timeout=2s hb=1s
[14:25:07] ENQUEUE t-20260611-142507-96c88d role=stresstest timeout=2s hb=1s
[14:25:11] TIMEOUT_BATCH 5 tasks
[14:25:12] ENQUEUE t-20260611-142512-536611 role=ops timeout=120s hb=30s
[14:25:12] FAILED t-20260611-142512-536611 reason=dispatch_no_hermes_cli error=hermes CLI not in PATH; cannot dispatch
[14:25:12] ENQUEUE t-20260611-142512-0435ac role=general timeout=600s hb=60s
[14:25:12] DONE t-20260611-142512-0435ac result_keys=['artifacts']
[14:25:23] ENQUEUE t-20260611-142523-72c935 role=ops timeout=120s hb=30s
[14:25:23] HEARTBEAT t-20260611-142523-72c935 status=started progress=None/None msg=子 agent 已起
[14:25:23] HEARTBEAT t-20260611-142523-72c935 status=running progress=1/3 msg=扫描第 1 批
[14:25:23] HEARTBEAT t-20260611-142523-72c935 status=running progress=2/3 msg=扫描第 2 批
[14:25:23] HEARTBEAT t-20260611-142523-72c935 status=running progress=3/3 msg=扫描第 3 批
[14:25:23] DONE t-20260611-142523-72c935 result_keys=['summary', 'artifacts']
[14:25:23] ENQUEUE t-20260611-142523-3cace8 role=tester timeout=600s hb=60s
[14:25:23] DONE t-20260611-142523-3cace8 result_keys=['artifacts']
[14:25:23] ENQUEUE t-20260611-142523-d6b336 role=stresstest timeout=2s hb=1s
[14:25:23] ENQUEUE t-20260611-142523-573f4e role=stresstest timeout=2s hb=1s
[14:25:23] ENQUEUE t-20260611-142523-dd0d0e role=stresstest timeout=2s hb=1s
[14:25:23] ENQUEUE t-20260611-142523-8a786b role=stresstest timeout=2s hb=1s
[14:25:23] ENQUEUE t-20260611-142523-4b312d role=stresstest timeout=2s hb=1s
[14:25:27] TIMEOUT_BATCH 5 tasks
[14:25:27] ENQUEUE t-20260611-142527-193b9d role=ops timeout=120s hb=30s
[14:25:27] FAILED t-20260611-142527-193b9d reason=dispatch_no_hermes_cli error=hermes CLI not in PATH; cannot dispatch
[14:25:27] ENQUEUE t-20260611-142527-6d948d role=general timeout=600s hb=60s
[14:25:27] DONE t-20260611-142527-6d948d result_keys=['artifacts']
[14:25:27] ENQUEUE t-20260611-142527-7fbbcf role=ops timeout=120s hb=30s
[14:25:27] ENQUEUE t-20260611-142527-57ef3c role=tester timeout=600s hb=60s
[14:25:27] ENQUEUE t-20260611-142527-65fdbb role=general timeout=600s hb=60s
[14:25:27] ENQUEUE t-20260611-142527-dd782c role=researcher timeout=1800s hb=120s
[14:25:28] ENQUEUE t-20260611-142527-085b55 role=coder timeout=3600s hb=120s
[14:25:28] ENQUEUE t-20260611-142528-0369b3 role=ops timeout=10s hb=2s
[14:25:28] ENQUEUE t-20260611-142528-d95fba role=watchdogtest timeout=3s hb=1s
[14:25:32] TIMEOUT_BATCH 1 tasks
[14:25:37] ENQUEUE t-20260611-142537-1ae60c role=ops timeout=120s hb=30s
[14:25:37] HEARTBEAT t-20260611-142537-1ae60c status=started progress=None/None msg=子 agent 已起
[14:25:37] HEARTBEAT t-20260611-142537-1ae60c status=running progress=1/3 msg=扫描第 1 批
[14:25:37] HEARTBEAT t-20260611-142537-1ae60c status=running progress=2/3 msg=扫描第 2 批
[14:25:37] HEARTBEAT t-20260611-142537-1ae60c status=running progress=3/3 msg=扫描第 3 批
[14:25:37] DONE t-20260611-142537-1ae60c result_keys=['summary', 'artifacts']
[14:25:37] ENQUEUE t-20260611-142537-ffd507 role=tester timeout=600s hb=60s
[14:25:37] DONE t-20260611-142537-ffd507 result_keys=['artifacts']
[14:25:37] ENQUEUE t-20260611-142537-fd19e5 role=stresstest timeout=2s hb=1s
[14:25:37] ENQUEUE t-20260611-142537-7b9a1c role=stresstest timeout=2s hb=1s
[14:25:37] ENQUEUE t-20260611-142537-64fd87 role=stresstest timeout=2s hb=1s
[14:25:37] ENQUEUE t-20260611-142537-de0d00 role=stresstest timeout=2s hb=1s
[14:25:37] ENQUEUE t-20260611-142537-c9c94e role=stresstest timeout=2s hb=1s
[14:25:41] TIMEOUT_BATCH 5 tasks
[14:25:41] ENQUEUE t-20260611-142541-17f3ed role=ops timeout=120s hb=30s
[14:25:41] FAILED t-20260611-142541-17f3ed reason=dispatch_no_hermes_cli error=hermes CLI not in PATH; cannot dispatch
[14:25:41] ENQUEUE t-20260611-142541-037c12 role=general timeout=600s hb=60s
[14:25:41] DONE t-20260611-142541-037c12 result_keys=['artifacts']
[14:25:41] ENQUEUE t-20260611-142541-3efd2f role=ops timeout=120s hb=30s
[14:25:42] ENQUEUE t-20260611-142542-343165 role=tester timeout=600s hb=60s
[14:25:42] ENQUEUE t-20260611-142542-010239 role=general timeout=600s hb=60s
[14:25:42] ENQUEUE t-20260611-142542-0a4d24 role=researcher timeout=1800s hb=120s
[14:25:42] ENQUEUE t-20260611-142542-7b8578 role=coder timeout=3600s hb=120s
[14:25:42] ENQUEUE t-20260611-142542-caa3f4 role=ops timeout=10s hb=2s
[14:25:42] ENQUEUE t-20260611-142542-7e5f5d role=watchdogtest timeout=3s hb=1s
[14:25:46] TIMEOUT_BATCH 1 tasks
[15:09:56] ENQUEUE t-20260611-150956-8f57a2 role=ops timeout=10s hb=2s
[15:09:56] NUDGE_WRITE t-20260611-150956-8f57a2 kind=nudge gap=4s
[15:09:56] NUDGE_CONSUME t-20260611-150956-8f57a2 kind=nudge
[15:09:56] NUDGE_WRITE t-20260611-150956-8f57a2 kind=ping gap=8s
[15:09:56] NUDGE_CONSUME t-20260611-150956-8f57a2 kind=ping
[15:13:45] ENQUEUE t-20260611-151345-cd2199 role=ops timeout=30s hb=5s
[15:13:45] NUDGE_WRITE t-20260611-151345-cd2199 kind=nudge gap=10s
[15:13:45] NUDGE_CONSUME t-20260611-151345-cd2199 kind=nudge
[15:13:45] NUDGE_WRITE t-20260611-151345-cd2199 kind=ping gap=20s
[15:13:45] NUDGE_CONSUME t-20260611-151345-cd2199 kind=ping
[15:13:45] ENQUEUE t-20260611-151345-3756e3 role=ops timeout=30s hb=2s
[15:13:45] HEARTBEAT t-20260611-151345-3756e3 status=running progress=None/None msg=刚跑
[15:13:45] ENQUEUE t-20260611-151345-f9058c role=ops timeout=30s hb=2s
[15:13:45] HEARTBEAT t-20260611-151345-f9058c status=running progress=None/None msg=
[15:13:45] ENQUEUE t-20260611-151345-eda574 role=ops timeout=30s hb=2s
[15:13:45] HEARTBEAT t-20260611-151345-eda574 status=running progress=None/None msg=
[15:13:45] ENQUEUE t-20260611-151345-d2b6ff role=ops timeout=30s hb=2s
[15:13:45] HEARTBEAT t-20260611-151345-d2b6ff status=running progress=None/None msg=
[15:13:45] ENQUEUE t-20260611-151345-854583 role=ops timeout=5s hb=2s
[15:13:45] HEARTBEAT t-20260611-151345-854583 status=running progress=None/None msg=
[15:13:45] NUDGE_WRITE t-20260611-151345-f9058c kind=nudge gap=3s
[15:13:45] NUDGE_WRITE t-20260611-151345-eda574 kind=ping gap=5s
[15:13:45] NUDGE_WRITE t-20260611-151345-d2b6ff kind=escalate gap=7s
[15:13:45] TIMEOUT_BATCH 1 tasks
[15:13:45] ENQUEUE t-20260611-151345-18c6a6 role=ops timeout=30s hb=2s
[15:13:45] NUDGE_WRITE t-20260611-151345-18c6a6 kind=nudge gap=3s
[15:13:45] NUDGE_CONSUME t-20260611-151345-18c6a6 kind=nudge
[15:13:45] HEARTBEAT t-20260611-151345-18c6a6 status=running progress=None/None msg=RESPONDING_TO_NUDGE: 正在跑第 2 步
[15:13:45] ENQUEUE t-20260611-151345-79346f role=ops timeout=30s hb=2s
[15:13:45] HEARTBEAT t-20260611-151345-79346f status=running progress=None/None msg=
[15:13:45] NUDGE_WRITE t-20260611-151345-79346f kind=nudge gap=2s
[15:13:46] NUDGE_WRITE t-20260611-151345-79346f kind=ping gap=4s
[15:13:46] NUDGE_WRITE t-20260611-151345-79346f kind=escalate gap=7s
[15:13:46] NUDGE_CONSUME t-20260611-151345-79346f kind=escalate
[15:13:46] ENQUEUE t-20260611-151346-48ef81 role=ops timeout=30s hb=5s
[15:13:46] HEARTBEAT t-20260611-151346-48ef81 status=running progress=None/None msg=
[15:13:46] ENQUEUE t-20260611-151346-227e60 role=ops timeout=30s hb=2s
[15:13:46] NUDGE_WRITE t-20260611-151346-227e60 kind=nudge gap=0s
[15:13:46] NUDGE_CONSUME t-20260611-151346-227e60 kind=nudge
[15:13:46] ENQUEUE t-20260611-151346-c9c81c role=ops timeout=30s hb=2s
[15:13:46] HEARTBEAT t-20260611-151346-c9c81c status=running progress=None/None msg=
[15:13:46] ENQUEUE t-20260611-151346-061a0d role=ops timeout=30s hb=2s
[15:13:46] HEARTBEAT t-20260611-151346-061a0d status=running progress=None/None msg=
[15:13:46] ENQUEUE t-20260611-151346-73b496 role=ops timeout=30s hb=2s
[15:13:46] HEARTBEAT t-20260611-151346-73b496 status=running progress=None/None msg=
[15:14:00] ENQUEUE t-20260611-151400-e46bde role=ops timeout=120s hb=30s
[15:14:00] HEARTBEAT t-20260611-151400-e46bde status=started progress=None/None msg=子 agent 已起
[15:14:00] HEARTBEAT t-20260611-151400-e46bde status=running progress=1/3 msg=扫描第 1 批
[15:14:00] HEARTBEAT t-20260611-151400-e46bde status=running progress=2/3 msg=扫描第 2 批
[15:14:00] HEARTBEAT t-20260611-151400-e46bde status=running progress=3/3 msg=扫描第 3 批
[15:14:00] DONE t-20260611-151400-e46bde result_keys=['summary', 'artifacts']
[15:14:00] ENQUEUE t-20260611-151400-67471e role=tester timeout=600s hb=60s
[15:14:00] DONE t-20260611-151400-67471e result_keys=['artifacts']
[15:14:00] ENQUEUE t-20260611-151400-033e44 role=stresstest timeout=2s hb=1s
[15:14:00] ENQUEUE t-20260611-151400-a70210 role=stresstest timeout=2s hb=1s
[15:14:00] ENQUEUE t-20260611-151400-aa868f role=stresstest timeout=2s hb=1s
[15:14:00] ENQUEUE t-20260611-151400-b26b74 role=stresstest timeout=2s hb=1s
[15:14:00] ENQUEUE t-20260611-151400-bbad95 role=stresstest timeout=2s hb=1s
[15:14:04] TIMEOUT_BATCH 5 tasks
[15:14:04] ENQUEUE t-20260611-151404-b49e09 role=ops timeout=120s hb=30s
[15:14:04] FAILED t-20260611-151404-b49e09 reason=dispatch_no_hermes_cli error=hermes CLI not in PATH; cannot dispatch
[15:14:04] ENQUEUE t-20260611-151404-d37361 role=general timeout=600s hb=60s
[15:14:04] DONE t-20260611-151404-d37361 result_keys=['artifacts']
[15:14:04] ENQUEUE t-20260611-151404-d48e4c role=ops timeout=120s hb=30s
[15:14:04] ENQUEUE t-20260611-151404-f8cb0a role=tester timeout=600s hb=60s
[15:14:04] ENQUEUE t-20260611-151404-c3d8b1 role=general timeout=600s hb=60s
[15:14:04] ENQUEUE t-20260611-151404-0e03db role=researcher timeout=1800s hb=120s
[15:14:04] ENQUEUE t-20260611-151404-3339f4 role=coder timeout=3600s hb=120s
[15:14:04] ENQUEUE t-20260611-151404-40dea2 role=ops timeout=10s hb=2s
[15:14:04] ENQUEUE t-20260611-151404-da30fb role=watchdogtest timeout=3s hb=1s
[15:14:08] TIMEOUT_BATCH 1 tasks
[15:14:37] ENQUEUE t-20260611-151437-6e50ac role=ops timeout=120s hb=30s
[15:14:37] HEARTBEAT t-20260611-151437-6e50ac status=started progress=None/None msg=子 agent 已起
[15:14:37] HEARTBEAT t-20260611-151437-6e50ac status=running progress=1/3 msg=扫描第 1 批
[15:14:37] HEARTBEAT t-20260611-151437-6e50ac status=running progress=2/3 msg=扫描第 2 批
[15:14:37] HEARTBEAT t-20260611-151437-6e50ac status=running progress=3/3 msg=扫描第 3 批
[15:14:37] DONE t-20260611-151437-6e50ac result_keys=['summary', 'artifacts']
[15:14:37] ENQUEUE t-20260611-151437-e15eb5 role=tester timeout=600s hb=60s
[15:14:37] DONE t-20260611-151437-e15eb5 result_keys=['artifacts']
[15:14:37] ENQUEUE t-20260611-151437-1b71ee role=stresstest timeout=2s hb=1s
[15:14:37] ENQUEUE t-20260611-151437-23681e role=stresstest timeout=2s hb=1s
[15:14:37] ENQUEUE t-20260611-151437-6933af role=stresstest timeout=2s hb=1s
[15:14:37] ENQUEUE t-20260611-151437-a541c8 role=stresstest timeout=2s hb=1s
[15:14:37] ENQUEUE t-20260611-151437-b8db55 role=stresstest timeout=2s hb=1s
[15:14:41] TIMEOUT_BATCH 5 tasks
[15:14:41] ENQUEUE t-20260611-151441-4320fb role=ops timeout=120s hb=30s
[15:14:41] FAILED t-20260611-151441-4320fb reason=dispatch_no_hermes_cli error=hermes CLI not in PATH; cannot dispatch
[15:14:41] ENQUEUE t-20260611-151441-765884 role=general timeout=600s hb=60s
[15:14:41] DONE t-20260611-151441-765884 result_keys=['artifacts']
[15:14:41] ENQUEUE t-20260611-151441-ce87b9 role=ops timeout=120s hb=30s
[15:14:41] ENQUEUE t-20260611-151441-dd254a role=tester timeout=600s hb=60s
[15:14:41] ENQUEUE t-20260611-151441-144b21 role=general timeout=600s hb=60s
[15:14:41] ENQUEUE t-20260611-151441-f14e9d role=researcher timeout=1800s hb=120s
[15:14:41] ENQUEUE t-20260611-151441-c3c0c5 role=coder timeout=3600s hb=120s
[15:14:41] ENQUEUE t-20260611-151441-b3b9dc role=ops timeout=10s hb=2s
[15:14:41] ENQUEUE t-20260611-151441-f5e7b1 role=watchdogtest timeout=3s hb=1s
[15:14:45] TIMEOUT_BATCH 1 tasks
[15:14:53] ENQUEUE t-20260611-151453-57e641 role=ops timeout=120s hb=30s
[15:14:53] HEARTBEAT t-20260611-151453-57e641 status=started progress=None/None msg=子 agent 已起
[15:14:53] HEARTBEAT t-20260611-151453-57e641 status=running progress=1/3 msg=扫描第 1 批
[15:14:53] HEARTBEAT t-20260611-151453-57e641 status=running progress=2/3 msg=扫描第 2 批
[15:14:53] HEARTBEAT t-20260611-151453-57e641 status=running progress=3/3 msg=扫描第 3 批
[15:14:53] DONE t-20260611-151453-57e641 result_keys=['summary', 'artifacts']
[15:14:53] ENQUEUE t-20260611-151453-89295f role=tester timeout=600s hb=60s
[15:14:53] DONE t-20260611-151453-89295f result_keys=['artifacts']
[15:14:53] ENQUEUE t-20260611-151453-57de38 role=stresstest timeout=2s hb=1s
[15:14:53] ENQUEUE t-20260611-151453-a992e4 role=stresstest timeout=2s hb=1s
[15:14:53] ENQUEUE t-20260611-151453-a635d7 role=stresstest timeout=2s hb=1s
[15:14:53] ENQUEUE t-20260611-151453-a912be role=stresstest timeout=2s hb=1s
[15:14:54] ENQUEUE t-20260611-151454-8b086c role=stresstest timeout=2s hb=1s
[15:14:58] TIMEOUT_BATCH 5 tasks
[15:14:58] ENQUEUE t-20260611-151458-291ef1 role=ops timeout=120s hb=30s
[15:14:58] FAILED t-20260611-151458-291ef1 reason=dispatch_no_hermes_cli error=hermes CLI not in PATH; cannot dispatch
[15:14:58] ENQUEUE t-20260611-151458-9157f9 role=general timeout=600s hb=60s
[15:14:58] DONE t-20260611-151458-9157f9 result_keys=['artifacts']
[15:14:58] ENQUEUE t-20260611-151458-998d32 role=ops timeout=120s hb=30s
[15:14:58] ENQUEUE t-20260611-151458-54103c role=tester timeout=600s hb=60s
[15:14:58] ENQUEUE t-20260611-151458-768e28 role=general timeout=600s hb=60s
[15:14:58] ENQUEUE t-20260611-151458-4a2749 role=researcher timeout=1800s hb=120s
[15:14:58] ENQUEUE t-20260611-151458-abf43f role=coder timeout=3600s hb=120s
[15:14:58] ENQUEUE t-20260611-151458-4f7221 role=ops timeout=10s hb=2s
[15:14:58] ENQUEUE t-20260611-151458-3ea4e5 role=watchdogtest timeout=3s hb=1s
[15:15:02] TIMEOUT_BATCH 1 tasks
[15:15:19] ENQUEUE t-20260611-151519-004cdf role=ops timeout=20s hb=2s
[15:15:19] HEARTBEAT t-20260611-151519-004cdf status=running progress=None/None msg=开始干活
[15:15:22] NUDGE_WRITE t-20260611-151519-004cdf kind=nudge gap=3s
[15:15:24] NUDGE_WRITE t-20260611-151519-004cdf kind=ping gap=5s
[15:15:26] NUDGE_WRITE t-20260611-151519-004cdf kind=escalate gap=7s
[15:15:40] TIMEOUT_BATCH 1 tasks
[15:53:12] ENQUEUE t-20260611-155312-b4250a role=ops timeout=30s hb=5s
[15:53:12] NUDGE_WRITE t-20260611-155312-b4250a kind=nudge gap=10s
[15:53:12] NUDGE_CONSUME t-20260611-155312-b4250a kind=nudge
[15:53:12] NUDGE_WRITE t-20260611-155312-b4250a kind=ping gap=20s
[15:53:12] NUDGE_CONSUME t-20260611-155312-b4250a kind=ping
[15:53:12] ENQUEUE t-20260611-155312-6ac007 role=ops timeout=30s hb=2s
[15:53:13] HEARTBEAT t-20260611-155312-6ac007 status=running progress=None/None msg=刚跑
[15:53:13] ENQUEUE t-20260611-155313-67db35 role=ops timeout=30s hb=2s
[15:53:13] HEARTBEAT t-20260611-155313-67db35 status=running progress=None/None msg=
[15:53:13] ENQUEUE t-20260611-155313-71811a role=ops timeout=30s hb=2s
[15:53:13] HEARTBEAT t-20260611-155313-71811a status=running progress=None/None msg=
[15:53:13] ENQUEUE t-20260611-155313-b1babc role=ops timeout=30s hb=2s
[15:53:13] HEARTBEAT t-20260611-155313-b1babc status=running progress=None/None msg=
[15:53:13] ENQUEUE t-20260611-155313-0f689b role=ops timeout=5s hb=2s
[15:53:13] HEARTBEAT t-20260611-155313-0f689b status=running progress=None/None msg=
[15:53:13] NUDGE_WRITE t-20260611-155313-67db35 kind=nudge gap=3s
[15:53:13] NUDGE_WRITE t-20260611-155313-71811a kind=ping gap=5s
[15:53:13] NUDGE_WRITE t-20260611-155313-b1babc kind=escalate gap=7s
[15:53:13] TIMEOUT_BATCH 1 tasks
[15:53:13] ENQUEUE t-20260611-155313-316d7b role=ops timeout=30s hb=2s
[15:53:13] NUDGE_WRITE t-20260611-155313-316d7b kind=nudge gap=3s
[15:53:13] NUDGE_CONSUME t-20260611-155313-316d7b kind=nudge
[15:53:13] HEARTBEAT t-20260611-155313-316d7b status=running progress=None/None msg=RESPONDING_TO_NUDGE: 正在跑第 2 步
[15:53:13] ENQUEUE t-20260611-155313-146c71 role=ops timeout=30s hb=2s
[15:53:13] HEARTBEAT t-20260611-155313-146c71 status=running progress=None/None msg=
[15:53:13] NUDGE_WRITE t-20260611-155313-146c71 kind=nudge gap=2s
[15:53:13] NUDGE_WRITE t-20260611-155313-146c71 kind=ping gap=4s
[15:53:13] NUDGE_WRITE t-20260611-155313-146c71 kind=escalate gap=7s
[15:53:13] NUDGE_CONSUME t-20260611-155313-146c71 kind=escalate
[15:53:13] ENQUEUE t-20260611-155313-031eb7 role=ops timeout=30s hb=5s
[15:53:13] HEARTBEAT t-20260611-155313-031eb7 status=running progress=None/None msg=
[15:53:13] ENQUEUE t-20260611-155313-14c7f3 role=ops timeout=30s hb=2s
[15:53:13] NUDGE_WRITE t-20260611-155313-14c7f3 kind=nudge gap=0s
[15:53:13] NUDGE_CONSUME t-20260611-155313-14c7f3 kind=nudge
[15:53:13] ENQUEUE t-20260611-155313-e91a34 role=ops timeout=30s hb=2s
[15:53:13] HEARTBEAT t-20260611-155313-e91a34 status=running progress=None/None msg=
[15:53:13] ENQUEUE t-20260611-155313-ae8867 role=ops timeout=30s hb=2s
[15:53:13] HEARTBEAT t-20260611-155313-ae8867 status=running progress=None/None msg=
[15:53:13] ENQUEUE t-20260611-155313-651bdd role=ops timeout=30s hb=2s
[15:53:13] HEARTBEAT t-20260611-155313-651bdd status=running progress=None/None msg=
[15:53:13] ENQUEUE t-20260611-155313-330086 role=ops timeout=120s hb=30s
[15:53:13] HEARTBEAT t-20260611-155313-330086 status=started progress=None/None msg=子 agent 已起
[15:53:13] HEARTBEAT t-20260611-155313-330086 status=running progress=1/3 msg=扫描第 1 批
[15:53:13] HEARTBEAT t-20260611-155313-330086 status=running progress=2/3 msg=扫描第 2 批
[15:53:13] HEARTBEAT t-20260611-155313-330086 status=running progress=3/3 msg=扫描第 3 批
[15:53:13] DONE t-20260611-155313-330086 result_keys=['summary', 'artifacts']
[15:53:13] ENQUEUE t-20260611-155313-0c9133 role=tester timeout=600s hb=60s
[15:53:13] DONE t-20260611-155313-0c9133 result_keys=['artifacts']
[15:53:13] ENQUEUE t-20260611-155313-121ed7 role=stresstest timeout=2s hb=1s
[15:53:13] ENQUEUE t-20260611-155313-fbe73c role=stresstest timeout=2s hb=1s
[15:53:13] ENQUEUE t-20260611-155313-8179b6 role=stresstest timeout=2s hb=1s
[15:53:13] ENQUEUE t-20260611-155313-9e69a1 role=stresstest timeout=2s hb=1s
[15:53:13] ENQUEUE t-20260611-155313-6165cb role=stresstest timeout=2s hb=1s
[15:53:17] TIMEOUT_BATCH 5 tasks
[15:53:17] ENQUEUE t-20260611-155317-688e3b role=ops timeout=120s hb=30s
[15:53:17] FAILED t-20260611-155317-688e3b reason=dispatch_no_hermes_cli error=hermes CLI not in PATH; cannot dispatch
[15:53:17] ENQUEUE t-20260611-155317-0fcd09 role=general timeout=600s hb=60s
[15:53:17] DONE t-20260611-155317-0fcd09 result_keys=['artifacts']
[15:53:17] ENQUEUE t-20260611-155317-862ffb role=ops timeout=120s hb=30s
[15:53:17] ENQUEUE t-20260611-155317-fc7209 role=tester timeout=600s hb=60s
[15:53:17] ENQUEUE t-20260611-155317-29fde3 role=general timeout=600s hb=60s
[15:53:17] ENQUEUE t-20260611-155317-d3f1b5 role=researcher timeout=1800s hb=120s
[15:53:17] ENQUEUE t-20260611-155317-1a3951 role=coder timeout=3600s hb=120s
[15:53:18] ENQUEUE t-20260611-155317-8cfaac role=ops timeout=10s hb=2s
[15:53:18] ENQUEUE t-20260611-155318-dc076c role=watchdogtest timeout=3s hb=1s
[15:53:22] TIMEOUT_BATCH 1 tasks
[15:53:29] ENQUEUE t-20260611-155329-4db9ff role=ops timeout=30s hb=5s
[15:53:29] NUDGE_WRITE t-20260611-155329-4db9ff kind=nudge gap=10s
[15:53:29] NUDGE_CONSUME t-20260611-155329-4db9ff kind=nudge
[15:53:29] NUDGE_WRITE t-20260611-155329-4db9ff kind=ping gap=20s
[15:53:29] NUDGE_CONSUME t-20260611-155329-4db9ff kind=ping
[15:53:29] ENQUEUE t-20260611-155329-6afd36 role=ops timeout=30s hb=2s
[15:53:29] HEARTBEAT t-20260611-155329-6afd36 status=running progress=None/None msg=刚跑
[15:53:29] ENQUEUE t-20260611-155329-75a70b role=ops timeout=30s hb=2s
[15:53:29] HEARTBEAT t-20260611-155329-75a70b status=running progress=None/None msg=
[15:53:29] ENQUEUE t-20260611-155329-8385a2 role=ops timeout=30s hb=2s
[15:53:29] HEARTBEAT t-20260611-155329-8385a2 status=running progress=None/None msg=
[15:53:29] ENQUEUE t-20260611-155329-9d0b0d role=ops timeout=30s hb=2s
[15:53:29] HEARTBEAT t-20260611-155329-9d0b0d status=running progress=None/None msg=
[15:53:29] ENQUEUE t-20260611-155329-9e7498 role=ops timeout=5s hb=2s
[15:53:29] HEARTBEAT t-20260611-155329-9e7498 status=running progress=None/None msg=
[15:53:29] NUDGE_WRITE t-20260611-155329-75a70b kind=nudge gap=3s
[15:53:29] NUDGE_WRITE t-20260611-155329-8385a2 kind=ping gap=5s
[15:53:29] NUDGE_WRITE t-20260611-155329-9d0b0d kind=escalate gap=7s
[15:53:29] TIMEOUT_BATCH 1 tasks
[15:53:29] ENQUEUE t-20260611-155329-25e1c2 role=ops timeout=30s hb=2s
[15:53:29] NUDGE_WRITE t-20260611-155329-25e1c2 kind=nudge gap=3s
[15:53:29] NUDGE_CONSUME t-20260611-155329-25e1c2 kind=nudge
[15:53:29] HEARTBEAT t-20260611-155329-25e1c2 status=running progress=None/None msg=RESPONDING_TO_NUDGE: 正在跑第 2 步
[15:53:29] ENQUEUE t-20260611-155329-222263 role=ops timeout=30s hb=2s
[15:53:29] HEARTBEAT t-20260611-155329-222263 status=running progress=None/None msg=
[15:53:29] NUDGE_WRITE t-20260611-155329-222263 kind=nudge gap=2s
[15:53:29] NUDGE_WRITE t-20260611-155329-222263 kind=ping gap=4s
[15:53:29] NUDGE_WRITE t-20260611-155329-222263 kind=escalate gap=7s
[15:53:29] NUDGE_CONSUME t-20260611-155329-222263 kind=escalate
[15:53:29] ENQUEUE t-20260611-155329-86d9a8 role=ops timeout=30s hb=5s
[15:53:29] HEARTBEAT t-20260611-155329-86d9a8 status=running progress=None/None msg=
[15:53:29] ENQUEUE t-20260611-155329-605ab9 role=ops timeout=30s hb=2s
[15:53:29] NUDGE_WRITE t-20260611-155329-605ab9 kind=nudge gap=0s
[15:53:29] NUDGE_CONSUME t-20260611-155329-605ab9 kind=nudge
[15:53:29] ENQUEUE t-20260611-155329-b4afe4 role=ops timeout=30s hb=2s
[15:53:29] HEARTBEAT t-20260611-155329-b4afe4 status=running progress=None/None msg=
[15:53:29] ENQUEUE t-20260611-155329-b09908 role=ops timeout=30s hb=2s
[15:53:29] HEARTBEAT t-20260611-155329-b09908 status=running progress=None/None msg=
[15:53:29] ENQUEUE t-20260611-155329-2350b6 role=ops timeout=30s hb=2s
[15:53:29] HEARTBEAT t-20260611-155329-2350b6 status=running progress=None/None msg=
[15:53:29] ENQUEUE t-20260611-155329-a965f0 role=ops timeout=120s hb=30s
[15:53:29] HEARTBEAT t-20260611-155329-a965f0 status=started progress=None/None msg=子 agent 已起
[15:53:30] HEARTBEAT t-20260611-155329-a965f0 status=running progress=1/3 msg=扫描第 1 批
[15:53:30] HEARTBEAT t-20260611-155329-a965f0 status=running progress=2/3 msg=扫描第 2 批
[15:53:30] HEARTBEAT t-20260611-155329-a965f0 status=running progress=3/3 msg=扫描第 3 批
[15:53:30] DONE t-20260611-155329-a965f0 result_keys=['summary', 'artifacts']
[15:53:30] ENQUEUE t-20260611-155330-4b1216 role=tester timeout=600s hb=60s
[15:53:30] DONE t-20260611-155330-4b1216 result_keys=['artifacts']
[15:53:30] ENQUEUE t-20260611-155330-6ceb54 role=stresstest timeout=2s hb=1s
[15:53:30] ENQUEUE t-20260611-155330-2530f9 role=stresstest timeout=2s hb=1s
[15:53:30] ENQUEUE t-20260611-155330-b44653 role=stresstest timeout=2s hb=1s
[15:53:30] ENQUEUE t-20260611-155330-75de7a role=stresstest timeout=2s hb=1s
[15:53:30] ENQUEUE t-20260611-155330-6a13fd role=stresstest timeout=2s hb=1s
[15:53:34] TIMEOUT_BATCH 5 tasks
[15:53:34] ENQUEUE t-20260611-155334-f80181 role=ops timeout=120s hb=30s
[15:53:34] FAILED t-20260611-155334-f80181 reason=dispatch_no_hermes_cli error=hermes CLI not in PATH; cannot dispatch
[15:53:34] ENQUEUE t-20260611-155334-66ef2c role=general timeout=600s hb=60s
[15:53:34] DONE t-20260611-155334-66ef2c result_keys=['artifacts']
[15:53:34] ENQUEUE t-20260611-155334-b8549c role=ops timeout=120s hb=30s
[15:53:34] ENQUEUE t-20260611-155334-c6c6db role=tester timeout=600s hb=60s
[15:53:34] ENQUEUE t-20260611-155334-edcf53 role=general timeout=600s hb=60s
[15:53:34] ENQUEUE t-20260611-155334-bab9b3 role=researcher timeout=1800s hb=120s
[15:53:34] ENQUEUE t-20260611-155334-a5eba1 role=coder timeout=3600s hb=120s
[15:53:34] ENQUEUE t-20260611-155334-64b2a4 role=ops timeout=10s hb=2s
[15:53:34] ENQUEUE t-20260611-155334-d6086c role=watchdogtest timeout=3s hb=1s
[15:53:38] TIMEOUT_BATCH 1 tasks
[16:04:13] ENQUEUE t-20260611-160413-939813 role=ops timeout=30s hb=5s
[16:04:13] NUDGE_WRITE t-20260611-160413-939813 kind=nudge gap=10s
[16:04:13] NUDGE_CONSUME t-20260611-160413-939813 kind=nudge
[16:04:13] NUDGE_WRITE t-20260611-160413-939813 kind=ping gap=20s
[16:04:13] NUDGE_CONSUME t-20260611-160413-939813 kind=ping
[16:04:13] ENQUEUE t-20260611-160413-972ccd role=ops timeout=30s hb=2s
[16:04:13] HEARTBEAT t-20260611-160413-972ccd status=running progress=None/None msg=刚跑
[16:04:13] ENQUEUE t-20260611-160413-5fd7fc role=ops timeout=30s hb=2s
[16:04:13] HEARTBEAT t-20260611-160413-5fd7fc status=running progress=None/None msg=
[16:04:13] ENQUEUE t-20260611-160413-76051d role=ops timeout=30s hb=2s
[16:04:13] HEARTBEAT t-20260611-160413-76051d status=running progress=None/None msg=
[16:04:13] ENQUEUE t-20260611-160413-7dcbdd role=ops timeout=30s hb=2s
[16:04:13] HEARTBEAT t-20260611-160413-7dcbdd status=running progress=None/None msg=
[16:04:13] ENQUEUE t-20260611-160413-4e7f37 role=ops timeout=5s hb=2s
[16:04:13] HEARTBEAT t-20260611-160413-4e7f37 status=running progress=None/None msg=
[16:04:13] NUDGE_WRITE t-20260611-160413-5fd7fc kind=nudge gap=3s
[16:04:13] NUDGE_WRITE t-20260611-160413-76051d kind=ping gap=5s
[16:04:13] NUDGE_WRITE t-20260611-160413-7dcbdd kind=escalate gap=7s
[16:04:13] TIMEOUT_BATCH 1 tasks
[16:04:13] ENQUEUE t-20260611-160413-ff503a role=ops timeout=30s hb=2s
[16:04:13] NUDGE_WRITE t-20260611-160413-ff503a kind=nudge gap=3s
[16:04:13] NUDGE_CONSUME t-20260611-160413-ff503a kind=nudge
[16:04:13] HEARTBEAT t-20260611-160413-ff503a status=running progress=None/None msg=RESPONDING_TO_NUDGE: 正在跑第 2 步
[16:04:13] ENQUEUE t-20260611-160413-d4563a role=ops timeout=30s hb=2s
[16:04:13] HEARTBEAT t-20260611-160413-d4563a status=running progress=None/None msg=
[16:04:13] NUDGE_WRITE t-20260611-160413-d4563a kind=nudge gap=2s
[16:04:13] NUDGE_WRITE t-20260611-160413-d4563a kind=ping gap=4s
[16:04:13] NUDGE_WRITE t-20260611-160413-d4563a kind=escalate gap=7s
[16:04:13] NUDGE_CONSUME t-20260611-160413-d4563a kind=escalate
[16:04:13] ENQUEUE t-20260611-160413-5dce71 role=ops timeout=30s hb=5s
[16:04:13] HEARTBEAT t-20260611-160413-5dce71 status=running progress=None/None msg=
[16:04:13] ENQUEUE t-20260611-160413-1b7de0 role=ops timeout=30s hb=2s
[16:04:13] NUDGE_WRITE t-20260611-160413-1b7de0 kind=nudge gap=0s
[16:04:13] NUDGE_CONSUME t-20260611-160413-1b7de0 kind=nudge
[16:04:13] ENQUEUE t-20260611-160413-6e9ed7 role=ops timeout=30s hb=2s
[16:04:13] HEARTBEAT t-20260611-160413-6e9ed7 status=running progress=None/None msg=
[16:04:13] ENQUEUE t-20260611-160413-3bb928 role=ops timeout=30s hb=2s
[16:04:13] HEARTBEAT t-20260611-160413-3bb928 status=running progress=None/None msg=
[16:04:14] ENQUEUE t-20260611-160414-e0b719 role=ops timeout=30s hb=2s
[16:04:14] HEARTBEAT t-20260611-160414-e0b719 status=running progress=None/None msg=
[16:04:14] ENQUEUE t-20260611-160414-6ce76a role=ops timeout=120s hb=30s
[16:04:14] HEARTBEAT t-20260611-160414-6ce76a status=started progress=None/None msg=子 agent 已起
[16:04:14] HEARTBEAT t-20260611-160414-6ce76a status=running progress=1/3 msg=扫描第 1 批
[16:04:14] HEARTBEAT t-20260611-160414-6ce76a status=running progress=2/3 msg=扫描第 2 批
[16:04:14] HEARTBEAT t-20260611-160414-6ce76a status=running progress=3/3 msg=扫描第 3 批
[16:04:14] DONE t-20260611-160414-6ce76a result_keys=['summary', 'artifacts']
[16:04:14] ENQUEUE t-20260611-160414-78c2be role=tester timeout=600s hb=60s
[16:04:14] DONE t-20260611-160414-78c2be result_keys=['artifacts']
[16:04:14] ENQUEUE t-20260611-160414-e890b1 role=stresstest timeout=2s hb=1s
[16:04:14] ENQUEUE t-20260611-160414-983c43 role=stresstest timeout=2s hb=1s
[16:04:14] ENQUEUE t-20260611-160414-35a752 role=stresstest timeout=2s hb=1s
[16:04:14] ENQUEUE t-20260611-160414-5a1242 role=stresstest timeout=2s hb=1s
[16:04:14] ENQUEUE t-20260611-160414-227d48 role=stresstest timeout=2s hb=1s
[16:04:18] TIMEOUT_BATCH 5 tasks
[16:04:18] ENQUEUE t-20260611-160418-eda850 role=ops timeout=120s hb=30s
[16:04:18] FAILED t-20260611-160418-eda850 reason=dispatch_no_hermes_cli error=hermes CLI not in PATH; cannot dispatch
[16:04:18] ENQUEUE t-20260611-160418-dd4c88 role=general timeout=600s hb=60s
[16:04:18] DONE t-20260611-160418-dd4c88 result_keys=['artifacts']
[16:04:18] ENQUEUE t-20260611-160418-f73c95 role=ops timeout=120s hb=30s
[16:04:18] ENQUEUE t-20260611-160418-b5f6e3 role=tester timeout=600s hb=60s
[16:04:18] ENQUEUE t-20260611-160418-5f3594 role=general timeout=600s hb=60s
[16:04:18] ENQUEUE t-20260611-160418-8025b2 role=researcher timeout=1800s hb=120s
[16:04:18] ENQUEUE t-20260611-160418-27df1d role=coder timeout=3600s hb=120s
[16:04:18] ENQUEUE t-20260611-160418-6ae33e role=ops timeout=10s hb=2s
[16:04:18] ENQUEUE t-20260611-160418-0394e3 role=watchdogtest timeout=3s hb=1s
[16:04:22] TIMEOUT_BATCH 1 tasks
[16:04:32] ENQUEUE t-20260611-160432-1ef290 role=ops timeout=30s hb=5s
[16:04:32] NUDGE_WRITE t-20260611-160432-1ef290 kind=nudge gap=10s
[16:04:32] NUDGE_CONSUME t-20260611-160432-1ef290 kind=nudge
[16:04:32] NUDGE_WRITE t-20260611-160432-1ef290 kind=ping gap=20s
[16:04:32] NUDGE_CONSUME t-20260611-160432-1ef290 kind=ping
[16:04:32] ENQUEUE t-20260611-160432-673232 role=ops timeout=30s hb=2s
[16:04:32] HEARTBEAT t-20260611-160432-673232 status=running progress=None/None msg=刚跑
[16:04:32] ENQUEUE t-20260611-160432-b59a13 role=ops timeout=30s hb=2s
[16:04:32] HEARTBEAT t-20260611-160432-b59a13 status=running progress=None/None msg=
[16:04:32] ENQUEUE t-20260611-160432-04fe7a role=ops timeout=30s hb=2s
[16:04:32] HEARTBEAT t-20260611-160432-04fe7a status=running progress=None/None msg=
[16:04:32] ENQUEUE t-20260611-160432-0d3c78 role=ops timeout=30s hb=2s
[16:04:32] HEARTBEAT t-20260611-160432-0d3c78 status=running progress=None/None msg=
[16:04:32] ENQUEUE t-20260611-160432-c82523 role=ops timeout=5s hb=2s
[16:04:32] HEARTBEAT t-20260611-160432-c82523 status=running progress=None/None msg=
[16:04:32] NUDGE_WRITE t-20260611-160432-b59a13 kind=nudge gap=3s
[16:04:32] NUDGE_WRITE t-20260611-160432-04fe7a kind=ping gap=5s
[16:04:32] NUDGE_WRITE t-20260611-160432-0d3c78 kind=escalate gap=7s
[16:04:32] TIMEOUT_BATCH 1 tasks
[16:04:32] ENQUEUE t-20260611-160432-952a4a role=ops timeout=30s hb=2s
[16:04:32] NUDGE_WRITE t-20260611-160432-952a4a kind=nudge gap=3s
[16:04:32] NUDGE_CONSUME t-20260611-160432-952a4a kind=nudge
[16:04:32] HEARTBEAT t-20260611-160432-952a4a status=running progress=None/None msg=RESPONDING_TO_NUDGE: 正在跑第 2 步
[16:04:32] ENQUEUE t-20260611-160432-4685a5 role=ops timeout=30s hb=2s
[16:04:32] HEARTBEAT t-20260611-160432-4685a5 status=running progress=None/None msg=
[16:04:32] NUDGE_WRITE t-20260611-160432-4685a5 kind=nudge gap=2s
[16:04:32] NUDGE_WRITE t-20260611-160432-4685a5 kind=ping gap=4s
[16:04:32] NUDGE_WRITE t-20260611-160432-4685a5 kind=escalate gap=7s
[16:04:32] NUDGE_CONSUME t-20260611-160432-4685a5 kind=escalate
[16:04:32] ENQUEUE t-20260611-160432-e928ed role=ops timeout=30s hb=5s
[16:04:32] HEARTBEAT t-20260611-160432-e928ed status=running progress=None/None msg=
[16:04:32] ENQUEUE t-20260611-160432-f8eb05 role=ops timeout=30s hb=2s
[16:04:32] NUDGE_WRITE t-20260611-160432-f8eb05 kind=nudge gap=0s
[16:04:32] NUDGE_CONSUME t-20260611-160432-f8eb05 kind=nudge
[16:04:32] ENQUEUE t-20260611-160432-ff5a12 role=ops timeout=30s hb=2s
[16:04:32] HEARTBEAT t-20260611-160432-ff5a12 status=running progress=None/None msg=
[16:04:32] ENQUEUE t-20260611-160432-c9ee75 role=ops timeout=30s hb=2s
[16:04:32] HEARTBEAT t-20260611-160432-c9ee75 status=running progress=None/None msg=
[16:04:32] ENQUEUE t-20260611-160432-c2c15f role=ops timeout=30s hb=2s
[16:04:32] HEARTBEAT t-20260611-160432-c2c15f status=running progress=None/None msg=
[16:04:46] NUDGE_WRITE t-20260611-160432-c2c15f kind=escalate gap=21s
[16:04:46] NUDGE_WRITE t-20260611-160432-c9ee75 kind=escalate gap=19s
[16:04:46] NUDGE_WRITE t-20260611-160432-ff5a12 kind=escalate gap=17s
[16:04:54] ENQUEUE t-20260611-160454-af24a6 role=ops timeout=30s hb=5s
[16:04:54] NUDGE_WRITE t-20260611-160454-af24a6 kind=nudge gap=10s
[16:04:54] NUDGE_CONSUME t-20260611-160454-af24a6 kind=nudge
[16:04:54] NUDGE_WRITE t-20260611-160454-af24a6 kind=ping gap=20s
[16:04:54] NUDGE_CONSUME t-20260611-160454-af24a6 kind=ping
[16:04:54] ENQUEUE t-20260611-160454-4b191b role=ops timeout=30s hb=2s
[16:04:54] HEARTBEAT t-20260611-160454-4b191b status=running progress=None/None msg=刚跑
[16:04:54] ENQUEUE t-20260611-160454-3d1f09 role=ops timeout=30s hb=2s
[16:04:54] HEARTBEAT t-20260611-160454-3d1f09 status=running progress=None/None msg=
[16:04:54] ENQUEUE t-20260611-160454-8068b6 role=ops timeout=30s hb=2s
[16:04:54] HEARTBEAT t-20260611-160454-8068b6 status=running progress=None/None msg=
[16:04:55] ENQUEUE t-20260611-160455-59f023 role=ops timeout=30s hb=2s
[16:04:55] HEARTBEAT t-20260611-160455-59f023 status=running progress=None/None msg=
[16:04:55] ENQUEUE t-20260611-160455-8f82fc role=ops timeout=5s hb=2s
[16:04:55] HEARTBEAT t-20260611-160455-8f82fc status=running progress=None/None msg=
[16:04:55] NUDGE_WRITE t-20260611-160454-3d1f09 kind=ping gap=4s
[16:04:55] NUDGE_WRITE t-20260611-160454-8068b6 kind=escalate gap=6s
[16:04:55] NUDGE_WRITE t-20260611-160455-59f023 kind=escalate gap=7s
[16:04:55] TIMEOUT_BATCH 1 tasks
[16:04:55] ENQUEUE t-20260611-160455-8386f1 role=ops timeout=30s hb=2s
[16:04:55] NUDGE_WRITE t-20260611-160455-8386f1 kind=nudge gap=3s
[16:04:55] NUDGE_CONSUME t-20260611-160455-8386f1 kind=nudge
[16:04:55] HEARTBEAT t-20260611-160455-8386f1 status=running progress=None/None msg=RESPONDING_TO_NUDGE: 正在跑第 2 步
[16:04:55] ENQUEUE t-20260611-160455-69c763 role=ops timeout=30s hb=2s
[16:04:55] HEARTBEAT t-20260611-160455-69c763 status=running progress=None/None msg=
[16:04:55] NUDGE_WRITE t-20260611-160455-69c763 kind=nudge gap=2s
[16:04:55] NUDGE_WRITE t-20260611-160455-69c763 kind=ping gap=4s
[16:04:55] NUDGE_WRITE t-20260611-160455-69c763 kind=escalate gap=7s
[16:04:55] NUDGE_CONSUME t-20260611-160455-69c763 kind=escalate
[16:04:55] ENQUEUE t-20260611-160455-c82737 role=ops timeout=30s hb=5s
[16:04:55] HEARTBEAT t-20260611-160455-c82737 status=running progress=None/None msg=
[16:04:55] ENQUEUE t-20260611-160455-965f08 role=ops timeout=30s hb=2s
[16:04:55] NUDGE_WRITE t-20260611-160455-965f08 kind=nudge gap=0s
[16:04:55] NUDGE_CONSUME t-20260611-160455-965f08 kind=nudge
[16:04:55] ENQUEUE t-20260611-160455-620e91 role=ops timeout=30s hb=2s
[16:04:55] HEARTBEAT t-20260611-160455-620e91 status=running progress=None/None msg=
[16:04:55] ENQUEUE t-20260611-160455-cfc2e5 role=ops timeout=30s hb=2s
[16:04:55] HEARTBEAT t-20260611-160455-cfc2e5 status=running progress=None/None msg=
[16:04:55] ENQUEUE t-20260611-160455-c76739 role=ops timeout=30s hb=2s
[16:04:55] HEARTBEAT t-20260611-160455-c76739 status=running progress=None/None msg=
[16:05:02] ENQUEUE t-20260611-160502-111b50 role=ops timeout=30s hb=5s
[16:05:02] NUDGE_WRITE t-20260611-160502-111b50 kind=nudge gap=10s
[16:05:02] NUDGE_CONSUME t-20260611-160502-111b50 kind=nudge
[16:05:02] NUDGE_WRITE t-20260611-160502-111b50 kind=ping gap=20s
[16:05:02] NUDGE_CONSUME t-20260611-160502-111b50 kind=ping
[16:05:02] ENQUEUE t-20260611-160502-62e57d role=ops timeout=30s hb=2s
[16:05:02] HEARTBEAT t-20260611-160502-62e57d status=running progress=None/None msg=刚跑
[16:05:02] ENQUEUE t-20260611-160502-8d30d1 role=ops timeout=30s hb=2s
[16:05:02] HEARTBEAT t-20260611-160502-8d30d1 status=running progress=None/None msg=
[16:05:02] ENQUEUE t-20260611-160502-80dc2c role=ops timeout=30s hb=2s
[16:05:02] HEARTBEAT t-20260611-160502-80dc2c status=running progress=None/None msg=
[16:05:02] ENQUEUE t-20260611-160502-d4d8bc role=ops timeout=30s hb=2s
[16:05:02] HEARTBEAT t-20260611-160502-d4d8bc status=running progress=None/None msg=
[16:05:02] ENQUEUE t-20260611-160502-7d6945 role=ops timeout=5s hb=2s
[16:05:02] HEARTBEAT t-20260611-160502-7d6945 status=running progress=None/None msg=
[16:05:02] NUDGE_WRITE t-20260611-160502-8d30d1 kind=nudge gap=3s
[16:05:02] NUDGE_WRITE t-20260611-160502-80dc2c kind=ping gap=5s
[16:05:02] NUDGE_WRITE t-20260611-160502-d4d8bc kind=escalate gap=7s
[16:05:02] TIMEOUT_BATCH 1 tasks
[16:05:02] ENQUEUE t-20260611-160502-b490a7 role=ops timeout=30s hb=2s
[16:05:02] NUDGE_WRITE t-20260611-160502-b490a7 kind=nudge gap=3s
[16:05:02] NUDGE_CONSUME t-20260611-160502-b490a7 kind=nudge
[16:05:02] HEARTBEAT t-20260611-160502-b490a7 status=running progress=None/None msg=RESPONDING_TO_NUDGE: 正在跑第 2 步
[16:05:02] ENQUEUE t-20260611-160502-ced884 role=ops timeout=30s hb=2s
[16:05:02] HEARTBEAT t-20260611-160502-ced884 status=running progress=None/None msg=
[16:05:02] NUDGE_WRITE t-20260611-160502-ced884 kind=nudge gap=2s
[16:05:02] NUDGE_WRITE t-20260611-160502-ced884 kind=ping gap=4s
[16:05:02] NUDGE_WRITE t-20260611-160502-ced884 kind=escalate gap=7s
[16:05:02] NUDGE_CONSUME t-20260611-160502-ced884 kind=escalate
[16:05:02] ENQUEUE t-20260611-160502-b27174 role=ops timeout=30s hb=5s
[16:05:02] HEARTBEAT t-20260611-160502-b27174 status=running progress=None/None msg=
[16:05:02] ENQUEUE t-20260611-160502-fae6c0 role=ops timeout=30s hb=2s
[16:05:03] NUDGE_WRITE t-20260611-160502-fae6c0 kind=nudge gap=1s
[16:05:03] NUDGE_CONSUME t-20260611-160502-fae6c0 kind=nudge
[16:05:03] ENQUEUE t-20260611-160503-68f1ea role=ops timeout=30s hb=2s
[16:05:03] HEARTBEAT t-20260611-160503-68f1ea status=running progress=None/None msg=
[16:05:03] ENQUEUE t-20260611-160503-7efbdf role=ops timeout=30s hb=2s
[16:05:03] HEARTBEAT t-20260611-160503-7efbdf status=running progress=None/None msg=
[16:05:03] ENQUEUE t-20260611-160503-01e13a role=ops timeout=30s hb=2s
[16:05:03] HEARTBEAT t-20260611-160503-01e13a status=running progress=None/None msg=
[16:05:46] TIMEOUT_BATCH 3 tasks
[16:07:31] ENQUEUE t-20260611-160731-940790 role=ops level=S timeout=120s hb=30s
[16:07:31] ENQUEUE t-20260611-160731-eb3336 role=general level=M timeout=600s hb=60s
[16:07:31] ENQUEUE t-20260611-160731-0766e1 role=researcher level=L timeout=1800s hb=120s
[16:07:31] ENQUEUE t-20260611-160731-88ad90 role=coder level=S timeout=3600s hb=120s
[16:13:25] ENQUEUE t-20260611-161325-75dcb6 role=ops level=S timeout=120s hb=30s
[16:13:25] ENQUEUE t-20260611-161325-14d35b role=ops level=S timeout=60s hb=30s
[16:13:25] ENQUEUE t-20260611-161325-28514c role=ops level=S timeout=999s hb=30s
[16:13:25] ENQUEUE t-20260611-161325-4c35e9 role=ops level=S timeout=120s hb=30s
[16:16:00] ENQUEUE t-20260611-161600-3bc4c9 role=ops level=S timeout=120s hb=30s
[16:16:00] ENQUEUE t-20260611-161600-901286 role=tester level=M timeout=600s hb=60s
[16:16:00] ENQUEUE t-20260611-161600-fb34c1 role=general level=M timeout=600s hb=60s
[16:17:22] ENQUEUE t-20260611-161722-0059d3 role=ops level=S timeout=120s hb=30s
[16:17:22] ENQUEUE t-20260611-161722-d634a8 role=tester level=M timeout=600s hb=60s
[16:17:22] ENQUEUE t-20260611-161722-cd7ed6 role=general level=M timeout=600s hb=60s
[16:17:22] ENQUEUE t-20260611-161722-e18300 role=researcher level=L timeout=1800s hb=120s
[16:17:22] ENQUEUE t-20260611-161722-442276 role=coder level=L timeout=3600s hb=120s
[16:17:22] ENQUEUE t-20260611-161722-6ab90b role=coder level=S timeout=3600s hb=120s
[16:17:22] ENQUEUE t-20260611-161722-ef47d3 role=ops level=CRITICAL timeout=120s hb=30s
[16:17:22] ENQUEUE t-20260611-161722-3f27f0 role=ops level=S timeout=120s hb=30s
[16:17:22] ENQUEUE t-20260611-161722-1677a7 role=general level=M timeout=600s hb=60s
[16:17:22] ENQUEUE t-20260611-161722-999903 role=researcher level=L timeout=1800s hb=120s
[16:17:22] ENQUEUE t-20260611-161722-7923a9 role=general level=CRITICAL timeout=600s hb=60s
[16:17:22] ENQUEUE t-20260611-161722-e3820d role=ops level=S timeout=60s hb=30s
[16:17:22] ENQUEUE t-20260611-161722-2d4922 role=ops level=S timeout=300s hb=30s
[16:17:23] ENQUEUE t-20260611-161723-ae41e6 role=ops level=S timeout=999s hb=30s
[16:17:23] ENQUEUE t-20260611-161723-ac1081 role=ops level=S timeout=10s hb=2s
[16:17:23] HEARTBEAT t-20260611-161723-ac1081 status=running progress=None/None msg=
[16:17:23] TIMEOUT_BATCH 1 tasks
[16:17:23] ENQUEUE t-20260611-161723-bbf548 role=ops level=S timeout=10s hb=2s
[16:17:23] HEARTBEAT t-20260611-161723-bbf548 status=running progress=None/None msg=
[16:17:23] TIMEOUT_BATCH 1 tasks
[16:17:23] ENQUEUE t-20260611-161723-32fec4 role=ops level=S timeout=10s hb=2s
[16:17:23] HEARTBEAT t-20260611-161723-32fec4 status=running progress=None/None msg=
[16:17:23] TIMEOUT_BATCH 1 tasks
[16:17:23] ENQUEUE t-20260611-161723-f4c3a6 role=ops level=S timeout=10s hb=2s
[16:17:23] HEARTBEAT t-20260611-161723-f4c3a6 status=running progress=None/None msg=
[16:17:23] TIMEOUT_BATCH 1 tasks
[16:17:23] ENQUEUE t-20260611-161723-173104 role=ops level=S timeout=120s hb=30s
[16:17:23] ENQUEUE t-20260611-161723-c36760 role=general level=M timeout=600s hb=60s
[16:17:23] ENQUEUE t-20260611-161723-983587 role=researcher level=L timeout=1800s hb=120s
[16:17:23] DONE t-20260611-161723-173104 result_keys=['artifacts']
[16:17:23] DONE t-20260611-161723-983587 result_keys=['artifacts']
[16:17:23] DONE t-20260611-161723-c36760 result_keys=['artifacts']
[16:17:32] ENQUEUE t-20260611-161732-9c681a role=ops level=S timeout=120s hb=30s
[16:17:32] ENQUEUE t-20260611-161732-9ba5d4 role=tester level=M timeout=600s hb=60s
[16:17:32] ENQUEUE t-20260611-161732-d4241f role=general level=M timeout=600s hb=60s
[16:17:32] ENQUEUE t-20260611-161732-2b0ba6 role=researcher level=L timeout=1800s hb=120s
[16:17:32] ENQUEUE t-20260611-161732-04773e role=coder level=L timeout=3600s hb=120s
[16:17:32] ENQUEUE t-20260611-161732-a81fa7 role=coder level=S timeout=3600s hb=120s
[16:17:32] ENQUEUE t-20260611-161732-cb1ced role=ops level=CRITICAL timeout=120s hb=30s
[16:17:32] ENQUEUE t-20260611-161732-54ce2a role=ops level=S timeout=120s hb=30s
[16:17:32] ENQUEUE t-20260611-161732-723371 role=general level=M timeout=600s hb=60s
[16:17:32] ENQUEUE t-20260611-161732-3a304e role=researcher level=L timeout=1800s hb=120s
[16:17:32] ENQUEUE t-20260611-161732-f79aa8 role=general level=CRITICAL timeout=600s hb=60s
[16:17:32] ENQUEUE t-20260611-161732-20a63f role=ops level=S timeout=60s hb=30s
[16:17:32] ENQUEUE t-20260611-161732-6bec2f role=ops level=S timeout=300s hb=30s
[16:17:32] ENQUEUE t-20260611-161732-b90c87 role=ops level=S timeout=999s hb=30s
[16:17:32] ENQUEUE t-20260611-161732-a7ae64 role=ops level=S timeout=10s hb=2s
[16:17:32] HEARTBEAT t-20260611-161732-a7ae64 status=running progress=None/None msg=
[16:17:32] TIMEOUT_BATCH 1 tasks
[16:17:32] ENQUEUE t-20260611-161732-4fb9ff role=ops level=S timeout=10s hb=2s
[16:17:32] HEARTBEAT t-20260611-161732-4fb9ff status=running progress=None/None msg=
[16:17:32] TIMEOUT_BATCH 1 tasks
[16:17:32] ENQUEUE t-20260611-161732-4ece0d role=ops level=S timeout=10s hb=2s
[16:17:32] HEARTBEAT t-20260611-161732-4ece0d status=running progress=None/None msg=
[16:17:32] TIMEOUT_BATCH 1 tasks
[16:17:32] ENQUEUE t-20260611-161732-e1a42a role=ops level=S timeout=10s hb=2s
[16:17:32] HEARTBEAT t-20260611-161732-e1a42a status=running progress=None/None msg=
[16:17:32] TIMEOUT_BATCH 1 tasks
[16:17:32] ENQUEUE t-20260611-161732-84978b role=ops level=S timeout=120s hb=30s
[16:17:32] ENQUEUE t-20260611-161732-9b322b role=general level=M timeout=600s hb=60s
[16:17:32] ENQUEUE t-20260611-161732-7e3588 role=researcher level=L timeout=1800s hb=120s
[16:17:32] DONE t-20260611-161732-7e3588 result_keys=['artifacts']
[16:17:32] DONE t-20260611-161732-84978b result_keys=['artifacts']
[16:17:32] DONE t-20260611-161732-9b322b result_keys=['artifacts']
[16:17:33] ENQUEUE t-20260611-161733-7e2309 role=ops level=S timeout=30s hb=5s
[16:17:33] NUDGE_WRITE t-20260611-161733-7e2309 kind=nudge gap=10s
[16:17:33] NUDGE_CONSUME t-20260611-161733-7e2309 kind=nudge
[16:17:33] NUDGE_WRITE t-20260611-161733-7e2309 kind=ping gap=20s
[16:17:33] NUDGE_CONSUME t-20260611-161733-7e2309 kind=ping
[16:17:33] ENQUEUE t-20260611-161733-f0cb90 role=ops level=S timeout=30s hb=2s
[16:17:33] HEARTBEAT t-20260611-161733-f0cb90 status=running progress=None/None msg=刚跑
[16:17:33] ENQUEUE t-20260611-161733-36fb99 role=ops level=S timeout=30s hb=2s
[16:17:33] HEARTBEAT t-20260611-161733-36fb99 status=running progress=None/None msg=
[16:17:33] ENQUEUE t-20260611-161733-3307c4 role=ops level=S timeout=30s hb=2s
[16:17:33] HEARTBEAT t-20260611-161733-3307c4 status=running progress=None/None msg=
[16:17:33] ENQUEUE t-20260611-161733-b91a60 role=ops level=S timeout=30s hb=2s
[16:17:33] HEARTBEAT t-20260611-161733-b91a60 status=running progress=None/None msg=
[16:17:33] ENQUEUE t-20260611-161733-16eb03 role=ops level=S timeout=5s hb=2s
[16:17:33] HEARTBEAT t-20260611-161733-16eb03 status=running progress=None/None msg=
[16:17:33] NUDGE_WRITE t-20260611-161733-36fb99 kind=nudge gap=3s
[16:17:33] NUDGE_WRITE t-20260611-161733-3307c4 kind=ping gap=5s
[16:17:33] NUDGE_WRITE t-20260611-161733-b91a60 kind=escalate gap=7s
[16:17:33] TIMEOUT_BATCH 1 tasks
[16:17:33] ENQUEUE t-20260611-161733-f14d6d role=ops level=S timeout=30s hb=2s
[16:17:33] NUDGE_WRITE t-20260611-161733-f14d6d kind=nudge gap=3s
[16:17:33] NUDGE_CONSUME t-20260611-161733-f14d6d kind=nudge
[16:17:33] HEARTBEAT t-20260611-161733-f14d6d status=running progress=None/None msg=RESPONDING_TO_NUDGE: 正在跑第 2 步
[16:17:33] ENQUEUE t-20260611-161733-1ceff7 role=ops level=S timeout=30s hb=2s
[16:17:33] HEARTBEAT t-20260611-161733-1ceff7 status=running progress=None/None msg=
[16:17:33] NUDGE_WRITE t-20260611-161733-1ceff7 kind=nudge gap=2s
[16:17:33] NUDGE_WRITE t-20260611-161733-1ceff7 kind=ping gap=4s
[16:17:33] NUDGE_WRITE t-20260611-161733-1ceff7 kind=escalate gap=7s
[16:17:33] NUDGE_CONSUME t-20260611-161733-1ceff7 kind=escalate
[16:17:33] ENQUEUE t-20260611-161733-10f8ba role=ops level=S timeout=30s hb=5s
[16:17:33] HEARTBEAT t-20260611-161733-10f8ba status=running progress=None/None msg=
[16:17:33] ENQUEUE t-20260611-161733-1bceec role=ops level=S timeout=30s hb=2s
[16:17:33] NUDGE_WRITE t-20260611-161733-1bceec kind=nudge gap=0s
[16:17:33] NUDGE_CONSUME t-20260611-161733-1bceec kind=nudge
[16:17:33] ENQUEUE t-20260611-161733-526ec5 role=ops level=S timeout=30s hb=2s
[16:17:33] HEARTBEAT t-20260611-161733-526ec5 status=running progress=None/None msg=
[16:17:33] ENQUEUE t-20260611-161733-6d0d60 role=ops level=S timeout=30s hb=2s
[16:17:33] HEARTBEAT t-20260611-161733-6d0d60 status=running progress=None/None msg=
[16:17:33] ENQUEUE t-20260611-161733-02801f role=ops level=S timeout=30s hb=2s
[16:17:33] HEARTBEAT t-20260611-161733-02801f status=running progress=None/None msg=
[16:17:33] ENQUEUE t-20260611-161733-6be443 role=ops level=S timeout=120s hb=30s
[16:17:33] HEARTBEAT t-20260611-161733-6be443 status=started progress=None/None msg=子 agent 已起
[16:17:33] HEARTBEAT t-20260611-161733-6be443 status=running progress=1/3 msg=扫描第 1 批
[16:17:33] HEARTBEAT t-20260611-161733-6be443 status=running progress=2/3 msg=扫描第 2 批
[16:17:33] HEARTBEAT t-20260611-161733-6be443 status=running progress=3/3 msg=扫描第 3 批
[16:17:33] DONE t-20260611-161733-6be443 result_keys=['summary', 'artifacts']
[16:17:33] ENQUEUE t-20260611-161733-0ebc9f role=tester level=M timeout=600s hb=60s
[16:17:33] DONE t-20260611-161733-0ebc9f result_keys=['artifacts']
[16:17:34] ENQUEUE t-20260611-161734-dfc29d role=stresstest level=M timeout=2s hb=1s
[16:17:34] ENQUEUE t-20260611-161734-19b5f6 role=stresstest level=M timeout=2s hb=1s
[16:17:34] ENQUEUE t-20260611-161734-1eccec role=stresstest level=M timeout=2s hb=1s
[16:17:34] ENQUEUE t-20260611-161734-c42963 role=stresstest level=M timeout=2s hb=1s
[16:17:34] ENQUEUE t-20260611-161734-26b510 role=stresstest level=M timeout=2s hb=1s
[16:17:38] TIMEOUT_BATCH 5 tasks
[16:17:38] ENQUEUE t-20260611-161738-630118 role=ops level=S timeout=120s hb=30s
[16:17:38] FAILED t-20260611-161738-630118 reason=dispatch_no_hermes_cli error=hermes CLI not in PATH; cannot dispatch
[16:17:38] ENQUEUE t-20260611-161738-817e62 role=general level=M timeout=600s hb=60s
[16:17:38] DONE t-20260611-161738-817e62 result_keys=['artifacts']
[16:17:38] ENQUEUE t-20260611-161738-013094 role=ops level=S timeout=120s hb=30s
[16:17:38] ENQUEUE t-20260611-161738-67f04b role=tester level=M timeout=600s hb=60s
[16:17:38] ENQUEUE t-20260611-161738-983a8a role=general level=M timeout=600s hb=60s
[16:17:47] ENQUEUE t-20260611-161747-edb363 role=ops level=S timeout=120s hb=30s
[16:17:47] HEARTBEAT t-20260611-161747-edb363 status=started progress=None/None msg=子 agent 已起
[16:17:47] HEARTBEAT t-20260611-161747-edb363 status=running progress=1/3 msg=扫描第 1 批
[16:17:47] HEARTBEAT t-20260611-161747-edb363 status=running progress=2/3 msg=扫描第 2 批
[16:17:47] HEARTBEAT t-20260611-161747-edb363 status=running progress=3/3 msg=扫描第 3 批
[16:17:47] DONE t-20260611-161747-edb363 result_keys=['summary', 'artifacts']
[16:17:47] ENQUEUE t-20260611-161747-493b02 role=tester level=M timeout=600s hb=60s
[16:17:47] DONE t-20260611-161747-493b02 result_keys=['artifacts']
[16:17:47] ENQUEUE t-20260611-161747-27f445 role=stresstest level=M timeout=2s hb=1s
[16:17:47] ENQUEUE t-20260611-161747-bb4883 role=stresstest level=M timeout=2s hb=1s
[16:17:47] ENQUEUE t-20260611-161747-13af4c role=stresstest level=M timeout=2s hb=1s
[16:17:48] ENQUEUE t-20260611-161748-989512 role=stresstest level=M timeout=2s hb=1s
[16:17:48] ENQUEUE t-20260611-161748-e22e94 role=stresstest level=M timeout=2s hb=1s
[16:17:52] TIMEOUT_BATCH 5 tasks
[16:17:52] ENQUEUE t-20260611-161752-de56b5 role=ops level=S timeout=120s hb=30s
[16:17:52] FAILED t-20260611-161752-de56b5 reason=dispatch_no_hermes_cli error=hermes CLI not in PATH; cannot dispatch
[16:17:52] ENQUEUE t-20260611-161752-f75d15 role=general level=M timeout=600s hb=60s
[16:17:52] DONE t-20260611-161752-f75d15 result_keys=['artifacts']
[16:17:52] ENQUEUE t-20260611-161752-f9542b role=ops level=S timeout=120s hb=30s
[16:17:52] ENQUEUE t-20260611-161752-256b65 role=tester level=M timeout=600s hb=60s
[16:17:52] ENQUEUE t-20260611-161752-cd105c role=general level=M timeout=600s hb=60s
[16:18:48] ENQUEUE t-20260611-161848-0ccfcd role=ops level=S timeout=120s hb=30s
[16:18:48] HEARTBEAT t-20260611-161848-0ccfcd status=started progress=None/None msg=子 agent 已起
[16:18:48] HEARTBEAT t-20260611-161848-0ccfcd status=running progress=1/3 msg=扫描第 1 批
[16:18:48] HEARTBEAT t-20260611-161848-0ccfcd status=running progress=2/3 msg=扫描第 2 批
[16:18:48] HEARTBEAT t-20260611-161848-0ccfcd status=running progress=3/3 msg=扫描第 3 批
[16:18:48] DONE t-20260611-161848-0ccfcd result_keys=['summary', 'artifacts']
[16:18:48] ENQUEUE t-20260611-161848-fcd6a0 role=tester level=M timeout=600s hb=60s
[16:18:48] DONE t-20260611-161848-fcd6a0 result_keys=['artifacts']
[16:18:48] ENQUEUE t-20260611-161848-8d563f role=stresstest level=M timeout=2s hb=1s
[16:18:48] ENQUEUE t-20260611-161848-3e3d07 role=stresstest level=M timeout=2s hb=1s
[16:18:48] ENQUEUE t-20260611-161848-7065a5 role=stresstest level=M timeout=2s hb=1s
[16:18:48] ENQUEUE t-20260611-161848-34b9a4 role=stresstest level=M timeout=2s hb=1s
[16:18:48] ENQUEUE t-20260611-161848-d4b464 role=stresstest level=M timeout=2s hb=1s
[16:18:52] TIMEOUT_BATCH 5 tasks
[16:18:52] ENQUEUE t-20260611-161852-316246 role=ops level=S timeout=120s hb=30s
[16:18:52] FAILED t-20260611-161852-316246 reason=dispatch_no_hermes_cli error=hermes CLI not in PATH; cannot dispatch
[16:18:52] ENQUEUE t-20260611-161852-f98418 role=general level=M timeout=600s hb=60s
[16:18:52] DONE t-20260611-161852-f98418 result_keys=['artifacts']
[16:18:52] ENQUEUE t-20260611-161852-f254db role=ops level=S timeout=120s hb=30s
[16:18:52] ENQUEUE t-20260611-161852-a27d30 role=tester level=M timeout=600s hb=60s
[16:18:52] ENQUEUE t-20260611-161852-321d9d role=general level=M timeout=600s hb=60s
[16:18:52] ENQUEUE t-20260611-161852-4c828b role=researcher level=L timeout=1800s hb=120s
[16:18:52] ENQUEUE t-20260611-161852-9c224e role=coder level=L timeout=3600s hb=120s
[16:18:52] ENQUEUE t-20260611-161852-6bb8f7 role=ops level=S timeout=10s hb=2s
[16:18:52] ENQUEUE t-20260611-161852-982108 role=watchdogtest level=M timeout=3s hb=1s
[16:18:56] TIMEOUT_BATCH 1 tasks
[16:19:06] ENQUEUE t-20260611-161906-a9f6e6 role=ops level=S timeout=30s hb=5s
[16:19:06] NUDGE_WRITE t-20260611-161906-a9f6e6 kind=nudge gap=10s
[16:19:06] NUDGE_CONSUME t-20260611-161906-a9f6e6 kind=nudge
[16:19:06] NUDGE_WRITE t-20260611-161906-a9f6e6 kind=ping gap=20s
[16:19:06] NUDGE_CONSUME t-20260611-161906-a9f6e6 kind=ping
[16:19:06] ENQUEUE t-20260611-161906-a3d686 role=ops level=S timeout=30s hb=2s
[16:19:06] HEARTBEAT t-20260611-161906-a3d686 status=running progress=None/None msg=刚跑
[16:19:06] ENQUEUE t-20260611-161906-52d3c9 role=ops level=S timeout=30s hb=2s
[16:19:06] HEARTBEAT t-20260611-161906-52d3c9 status=running progress=None/None msg=
[16:19:06] ENQUEUE t-20260611-161906-1721e6 role=ops level=S timeout=30s hb=2s
[16:19:06] HEARTBEAT t-20260611-161906-1721e6 status=running progress=None/None msg=
[16:19:06] ENQUEUE t-20260611-161906-f3e441 role=ops level=S timeout=30s hb=2s
[16:19:06] HEARTBEAT t-20260611-161906-f3e441 status=running progress=None/None msg=
[16:19:06] ENQUEUE t-20260611-161906-201263 role=ops level=S timeout=5s hb=2s
[16:19:06] HEARTBEAT t-20260611-161906-201263 status=running progress=None/None msg=
[16:19:06] NUDGE_WRITE t-20260611-161906-52d3c9 kind=nudge gap=3s
[16:19:06] NUDGE_WRITE t-20260611-161906-1721e6 kind=ping gap=5s
[16:19:06] NUDGE_WRITE t-20260611-161906-f3e441 kind=escalate gap=7s
[16:19:06] TIMEOUT_BATCH 1 tasks
[16:19:06] ENQUEUE t-20260611-161906-0a5c0f role=ops level=S timeout=30s hb=2s
[16:19:06] NUDGE_WRITE t-20260611-161906-0a5c0f kind=nudge gap=3s
[16:19:06] NUDGE_CONSUME t-20260611-161906-0a5c0f kind=nudge
[16:19:06] HEARTBEAT t-20260611-161906-0a5c0f status=running progress=None/None msg=RESPONDING_TO_NUDGE: 正在跑第 2 步
[16:19:06] ENQUEUE t-20260611-161906-bbee14 role=ops level=S timeout=30s hb=2s
[16:19:06] HEARTBEAT t-20260611-161906-bbee14 status=running progress=None/None msg=
[16:19:06] NUDGE_WRITE t-20260611-161906-bbee14 kind=nudge gap=2s
[16:19:06] NUDGE_WRITE t-20260611-161906-bbee14 kind=ping gap=4s
[16:19:06] NUDGE_WRITE t-20260611-161906-bbee14 kind=escalate gap=7s
[16:19:06] NUDGE_CONSUME t-20260611-161906-bbee14 kind=escalate
[16:19:06] ENQUEUE t-20260611-161906-06350b role=ops level=S timeout=30s hb=5s
[16:19:06] HEARTBEAT t-20260611-161906-06350b status=running progress=None/None msg=
[16:19:06] ENQUEUE t-20260611-161906-f7452c role=ops level=S timeout=30s hb=2s
[16:19:06] NUDGE_WRITE t-20260611-161906-f7452c kind=nudge gap=0s
[16:19:06] NUDGE_CONSUME t-20260611-161906-f7452c kind=nudge
[16:19:06] ENQUEUE t-20260611-161906-a5084c role=ops level=S timeout=30s hb=2s
[16:19:06] HEARTBEAT t-20260611-161906-a5084c status=running progress=None/None msg=
[16:19:06] ENQUEUE t-20260611-161906-f14456 role=ops level=S timeout=30s hb=2s
[16:19:06] HEARTBEAT t-20260611-161906-f14456 status=running progress=None/None msg=
[16:19:06] ENQUEUE t-20260611-161906-cc4df6 role=ops level=S timeout=30s hb=2s
[16:19:06] HEARTBEAT t-20260611-161906-cc4df6 status=running progress=None/None msg=
[16:19:28] ENQUEUE t-20260611-161928-6a25c8 role=ops level=S timeout=120s hb=30s
[16:19:28] ENQUEUE t-20260611-161928-fd6fdc role=general level=M timeout=600s hb=60s
[16:19:28] ENQUEUE t-20260611-161928-b7b84a role=researcher level=L timeout=1800s hb=120s
[16:19:28] ENQUEUE t-20260611-161928-9f613d role=coder level=CRITICAL timeout=3600s hb=120s
[16:19:28] ENQUEUE t-20260611-161928-c50f99 role=ops level=S timeout=60s hb=30s
[16:20:39] NUDGE_WRITE t-20260611-161928-fd6fdc kind=nudge gap=71s
[16:20:39] NUDGE_WRITE t-20260611-161928-6a25c8 kind=ping gap=71s
[16:20:39] TIMEOUT_BATCH 1 tasks
[16:21:39] NUDGE_WRITE t-20260611-161928-9f613d kind=nudge gap=131s
[16:21:39] NUDGE_WRITE t-20260611-161928-b7b84a kind=nudge gap=131s
[16:21:39] NUDGE_WRITE t-20260611-161928-fd6fdc kind=ping gap=131s
[16:21:39] TIMEOUT_BATCH 1 tasks
[16:22:40] NUDGE_WRITE t-20260611-161928-9f613d kind=nudge gap=192s
[16:22:40] NUDGE_WRITE t-20260611-161928-b7b84a kind=nudge gap=192s
[16:22:40] NUDGE_WRITE t-20260611-161928-fd6fdc kind=escalate gap=192s
[16:23:40] NUDGE_WRITE t-20260611-161928-9f613d kind=ping gap=252s
[16:23:40] NUDGE_WRITE t-20260611-161928-b7b84a kind=ping gap=252s
[16:23:40] NUDGE_WRITE t-20260611-161928-fd6fdc kind=escalate gap=252s
[16:24:40] NUDGE_WRITE t-20260611-161928-9f613d kind=ping gap=312s
[16:24:40] NUDGE_WRITE t-20260611-161928-b7b84a kind=ping gap=312s
[16:24:40] NUDGE_WRITE t-20260611-161928-fd6fdc kind=escalate gap=312s
[16:24:50] CANCEL t-20260611-161928-9f613d
[16:24:50] CANCEL t-20260611-161928-b7b84a
[16:24:50] CANCEL t-20260611-161928-fd6fdc
[16:31:22] ENQUEUE t-20260611-163122-c1d1a7 role=ops level=S timeout=120s hb=30s
[16:31:22] ENQUEUE t-20260611-163122-5a332b role=tester level=M timeout=600s hb=60s
[16:31:22] ENQUEUE t-20260611-163122-302984 role=general level=M timeout=600s hb=60s
[16:31:22] ENQUEUE t-20260611-163122-88b8e8 role=researcher level=L timeout=1800s hb=120s
[16:31:22] ENQUEUE t-20260611-163122-ca9093 role=coder level=L timeout=3600s hb=120s
[16:31:22] ENQUEUE t-20260611-163122-523d5a role=coder level=S timeout=3600s hb=120s
[16:31:22] ENQUEUE t-20260611-163122-def977 role=ops level=CRITICAL timeout=120s hb=30s
[16:31:22] ENQUEUE t-20260611-163122-918b64 role=ops level=S timeout=120s hb=30s
[16:31:22] ENQUEUE t-20260611-163122-a7e4ce role=general level=M timeout=600s hb=60s
[16:31:22] ENQUEUE t-20260611-163122-0d5f9f role=researcher level=L timeout=1800s hb=120s
[16:31:22] ENQUEUE t-20260611-163122-3d0b6b role=general level=CRITICAL timeout=600s hb=60s
[16:31:22] ENQUEUE t-20260611-163122-abf2d8 role=ops level=S timeout=60s hb=30s
[16:31:22] ENQUEUE t-20260611-163122-ad4b54 role=ops level=S timeout=300s hb=30s
[16:31:22] ENQUEUE t-20260611-163122-ae1c65 role=ops level=S timeout=999s hb=30s
[16:31:22] ENQUEUE t-20260611-163122-fae913 role=ops level=S timeout=10s hb=2s
[16:31:22] HEARTBEAT t-20260611-163122-fae913 status=running progress=None/None msg=
[16:31:22] TIMEOUT_BATCH 1 tasks
[16:31:22] ENQUEUE t-20260611-163122-b0a67f role=ops level=S timeout=10s hb=2s
[16:31:22] HEARTBEAT t-20260611-163122-b0a67f status=running progress=None/None msg=
[16:31:22] TIMEOUT_BATCH 1 tasks
[16:31:22] ENQUEUE t-20260611-163122-f3cbd4 role=ops level=S timeout=10s hb=2s
[16:31:22] HEARTBEAT t-20260611-163122-f3cbd4 status=running progress=None/None msg=
[16:31:22] TIMEOUT_BATCH 1 tasks
[16:31:22] ENQUEUE t-20260611-163122-fb9f62 role=ops level=S timeout=10s hb=2s
[16:31:22] HEARTBEAT t-20260611-163122-fb9f62 status=running progress=None/None msg=
[16:31:23] TIMEOUT_BATCH 1 tasks
[16:31:23] ENQUEUE t-20260611-163123-ffce03 role=ops level=S timeout=120s hb=30s
[16:31:23] ENQUEUE t-20260611-163123-cd1ed3 role=general level=M timeout=600s hb=60s
[16:31:23] ENQUEUE t-20260611-163123-52a7d9 role=researcher level=L timeout=1800s hb=120s
[16:31:23] DONE t-20260611-163123-52a7d9 result_keys=['artifacts']
[16:31:23] DONE t-20260611-163123-cd1ed3 result_keys=['artifacts']
[16:31:23] DONE t-20260611-163123-ffce03 result_keys=['artifacts']
[16:31:23] ENQUEUE t-20260611-163123-b0315a role=ops level=S timeout=30s hb=5s
[16:31:23] NUDGE_WRITE t-20260611-163123-b0315a kind=nudge gap=10s
[16:31:23] NUDGE_CONSUME t-20260611-163123-b0315a kind=nudge
[16:31:23] NUDGE_WRITE t-20260611-163123-b0315a kind=ping gap=20s
[16:31:23] NUDGE_CONSUME t-20260611-163123-b0315a kind=ping
[16:31:23] ENQUEUE t-20260611-163123-2a35cc role=ops level=S timeout=30s hb=2s
[16:31:23] HEARTBEAT t-20260611-163123-2a35cc status=running progress=None/None msg=刚跑
[16:31:23] ENQUEUE t-20260611-163123-5e2ee4 role=ops level=S timeout=30s hb=2s
[16:31:23] HEARTBEAT t-20260611-163123-5e2ee4 status=running progress=None/None msg=
[16:31:23] ENQUEUE t-20260611-163123-feeefc role=ops level=S timeout=30s hb=2s
[16:31:23] HEARTBEAT t-20260611-163123-feeefc status=running progress=None/None msg=
[16:31:23] ENQUEUE t-20260611-163123-b238ac role=ops level=S timeout=30s hb=2s
[16:31:23] HEARTBEAT t-20260611-163123-b238ac status=running progress=None/None msg=
[16:31:23] ENQUEUE t-20260611-163123-8a556c role=ops level=S timeout=5s hb=2s
[16:31:23] HEARTBEAT t-20260611-163123-8a556c status=running progress=None/None msg=
[16:31:23] NUDGE_WRITE t-20260611-163123-5e2ee4 kind=nudge gap=3s
[16:31:23] NUDGE_WRITE t-20260611-163123-feeefc kind=ping gap=5s
[16:31:23] NUDGE_WRITE t-20260611-163123-b238ac kind=escalate gap=7s
[16:31:23] TIMEOUT_BATCH 1 tasks
[16:31:23] ENQUEUE t-20260611-163123-21faba role=ops level=S timeout=30s hb=2s
[16:31:23] NUDGE_WRITE t-20260611-163123-21faba kind=nudge gap=3s
[16:31:23] NUDGE_CONSUME t-20260611-163123-21faba kind=nudge
[16:31:23] HEARTBEAT t-20260611-163123-21faba status=running progress=None/None msg=RESPONDING_TO_NUDGE: 正在跑第 2 步
[16:31:23] ENQUEUE t-20260611-163123-4ad51e role=ops level=S timeout=30s hb=2s
[16:31:23] HEARTBEAT t-20260611-163123-4ad51e status=running progress=None/None msg=
[16:31:23] NUDGE_WRITE t-20260611-163123-4ad51e kind=nudge gap=2s
[16:31:23] NUDGE_WRITE t-20260611-163123-4ad51e kind=ping gap=4s
[16:31:23] NUDGE_WRITE t-20260611-163123-4ad51e kind=escalate gap=7s
[16:31:23] NUDGE_CONSUME t-20260611-163123-4ad51e kind=escalate
[16:31:23] ENQUEUE t-20260611-163123-294f55 role=ops level=S timeout=30s hb=5s
[16:31:23] HEARTBEAT t-20260611-163123-294f55 status=running progress=None/None msg=
[16:31:23] ENQUEUE t-20260611-163123-304868 role=ops level=S timeout=30s hb=2s
[16:31:23] NUDGE_WRITE t-20260611-163123-304868 kind=nudge gap=0s
[16:31:23] NUDGE_CONSUME t-20260611-163123-304868 kind=nudge
[16:31:23] ENQUEUE t-20260611-163123-6cf671 role=ops level=S timeout=30s hb=2s
[16:31:23] HEARTBEAT t-20260611-163123-6cf671 status=running progress=None/None msg=
[16:31:23] ENQUEUE t-20260611-163123-368c5b role=ops level=S timeout=30s hb=2s
[16:31:23] HEARTBEAT t-20260611-163123-368c5b status=running progress=None/None msg=
[16:31:23] ENQUEUE t-20260611-163123-3e03d2 role=ops level=S timeout=30s hb=2s
[16:31:23] HEARTBEAT t-20260611-163123-3e03d2 status=running progress=None/None msg=
[16:31:24] ENQUEUE t-20260611-163124-755f98 role=ops level=S timeout=120s hb=30s
[16:31:24] HEARTBEAT t-20260611-163124-755f98 status=started progress=None/None msg=子 agent 已起
[16:31:24] HEARTBEAT t-20260611-163124-755f98 status=running progress=1/3 msg=扫描第 1 批
[16:31:24] HEARTBEAT t-20260611-163124-755f98 status=running progress=2/3 msg=扫描第 2 批
[16:31:24] HEARTBEAT t-20260611-163124-755f98 status=running progress=3/3 msg=扫描第 3 批
[16:31:24] DONE t-20260611-163124-755f98 result_keys=['summary', 'artifacts']
[16:31:24] ENQUEUE t-20260611-163124-0388ab role=tester level=M timeout=600s hb=60s
[16:31:24] DONE t-20260611-163124-0388ab result_keys=['artifacts']
[16:31:24] ENQUEUE t-20260611-163124-7e253b role=stresstest level=M timeout=2s hb=1s
[16:31:24] ENQUEUE t-20260611-163124-3505cd role=stresstest level=M timeout=2s hb=1s
[16:31:24] ENQUEUE t-20260611-163124-02f689 role=stresstest level=M timeout=2s hb=1s
[16:31:24] ENQUEUE t-20260611-163124-0b241b role=stresstest level=M timeout=2s hb=1s
[16:31:24] ENQUEUE t-20260611-163124-eb23e1 role=stresstest level=M timeout=2s hb=1s
[16:31:28] TIMEOUT_BATCH 5 tasks
[16:31:28] ENQUEUE t-20260611-163128-a4955c role=ops level=S timeout=120s hb=30s
[16:31:28] FAILED t-20260611-163128-a4955c reason=dispatch_no_hermes_cli error=hermes CLI not in PATH; cannot dispatch
[16:31:28] ENQUEUE t-20260611-163128-2f99fd role=general level=M timeout=600s hb=60s
[16:31:28] DONE t-20260611-163128-2f99fd result_keys=['artifacts']
[16:31:28] ENQUEUE t-20260611-163128-0f2cd5 role=ops level=S timeout=120s hb=30s
[16:31:28] ENQUEUE t-20260611-163128-933dd2 role=tester level=M timeout=600s hb=60s
[16:31:28] ENQUEUE t-20260611-163128-2bf0a9 role=general level=M timeout=600s hb=60s
[16:31:28] ENQUEUE t-20260611-163128-fcd657 role=researcher level=L timeout=1800s hb=120s
[16:31:28] ENQUEUE t-20260611-163128-c051d3 role=coder level=L timeout=3600s hb=120s
[16:31:28] ENQUEUE t-20260611-163128-662850 role=ops level=S timeout=10s hb=2s
[16:31:28] ENQUEUE t-20260611-163128-1ad08b role=watchdogtest level=M timeout=3s hb=1s
[16:31:32] TIMEOUT_BATCH 1 tasks
[17:18:10] ENQUEUE t-20260611-171810-408d24 role=ops level=S timeout=10s hb=2s
[17:18:10] HEARTBEAT t-20260611-171810-408d24 status=running progress=None/None msg=开干
[17:18:11] DONE t-20260611-171810-408d24 result_keys=['summary', 'artifacts']
[17:20:33] ENQUEUE t-20260611-172033-542536 role=ops level=S timeout=120s hb=30s
[17:20:33] HEARTBEAT t-20260611-172033-542536 status=running progress=None/None msg=
[17:20:33] DONE t-20260611-172033-542536 result_keys=['artifacts']
[17:21:46] ENQUEUE t-20260611-172146-242b8e role=ops level=S timeout=120s hb=30s
[17:21:46] HEARTBEAT t-20260611-172146-242b8e status=running progress=None/None msg=
[17:21:46] DONE t-20260611-172146-242b8e result_keys=['summary', 'artifacts']
[17:21:46] ENQUEUE t-20260611-172146-445e7a role=ops level=S timeout=120s hb=30s
[17:21:46] HEARTBEAT t-20260611-172146-445e7a status=running progress=None/None msg=
[17:21:46] DONE t-20260611-172146-445e7a result_keys=['summary']
[17:21:46] ENQUEUE t-20260611-172146-6b7ce4 role=ops level=S timeout=120s hb=30s
[17:21:46] HEARTBEAT t-20260611-172146-6b7ce4 status=running progress=None/None msg=
[17:21:46] DONE t-20260611-172146-6b7ce4 result_keys=['artifacts']
[17:21:46] ENQUEUE t-20260611-172146-3366f1 role=general level=M timeout=600s hb=60s
[17:21:46] HEARTBEAT t-20260611-172146-3366f1 status=running progress=None/None msg=
[17:21:46] DONE t-20260611-172146-3366f1 result_keys=['artifacts']
[17:21:46] ENQUEUE t-20260611-172146-b46bed role=ops level=S timeout=120s hb=30s
[17:21:46] HEARTBEAT t-20260611-172146-b46bed status=running progress=None/None msg=
[17:21:46] FAILED t-20260611-172146-b46bed reason=test error=测试失败原因
[17:21:46] ENQUEUE t-20260611-172146-f44513 role=ops level=S timeout=120s hb=30s
[17:21:46] HEARTBEAT t-20260611-172146-f44513 status=running progress=None/None msg=
[17:21:46] TIMEOUT t-20260611-172146-f44513
[17:22:11] ENQUEUE t-20260611-172211-64a2f3 role=ops level=S timeout=120s hb=30s
[17:22:11] HEARTBEAT t-20260611-172211-64a2f3 status=running progress=None/None msg=
[17:22:11] DONE t-20260611-172211-64a2f3 result_keys=['summary', 'artifacts']
[17:22:11] ENQUEUE t-20260611-172211-16b158 role=ops level=S timeout=120s hb=30s
[17:22:11] HEARTBEAT t-20260611-172211-16b158 status=running progress=None/None msg=
[17:22:11] DONE t-20260611-172211-16b158 result_keys=['summary']
[17:22:11] ENQUEUE t-20260611-172211-703707 role=ops level=S timeout=120s hb=30s
[17:22:11] HEARTBEAT t-20260611-172211-703707 status=running progress=None/None msg=
[17:22:11] DONE t-20260611-172211-703707 result_keys=['artifacts']
[17:22:11] ENQUEUE t-20260611-172211-bea101 role=general level=M timeout=600s hb=60s
[17:22:11] HEARTBEAT t-20260611-172211-bea101 status=running progress=None/None msg=
[17:22:11] DONE t-20260611-172211-bea101 result_keys=['artifacts']
[17:22:11] ENQUEUE t-20260611-172211-d33266 role=ops level=S timeout=120s hb=30s
[17:22:11] HEARTBEAT t-20260611-172211-d33266 status=running progress=None/None msg=
[17:22:11] FAILED t-20260611-172211-d33266 reason=test error=测试失败原因
[17:22:11] ENQUEUE t-20260611-172211-1b3ec7 role=ops level=S timeout=120s hb=30s
[17:22:11] HEARTBEAT t-20260611-172211-1b3ec7 status=running progress=None/None msg=
[17:22:11] TIMEOUT t-20260611-172211-1b3ec7
[17:22:11] ENQUEUE t-20260611-172211-dad9b4 role=ops level=S timeout=120s hb=30s
[17:22:11] HEARTBEAT t-20260611-172211-dad9b4 status=running progress=None/None msg=
[17:22:11] DONE t-20260611-172211-dad9b4 result_keys=['artifacts']
[17:22:11] ENQUEUE t-20260611-172211-9c2e4a role=ops level=S timeout=120s hb=30s
[17:22:11] HEARTBEAT t-20260611-172211-9c2e4a status=running progress=None/None msg=
[17:22:11] DONE t-20260611-172211-9c2e4a result_keys=['artifacts']
[17:22:11] ENQUEUE t-20260611-172211-1b8070 role=ops level=S timeout=120s hb=30s
[17:22:11] HEARTBEAT t-20260611-172211-1b8070 status=running progress=None/None msg=
[17:22:11] DONE t-20260611-172211-1b8070 result_keys=['artifacts']
[17:22:23] ENQUEUE t-20260611-172223-a204d6 role=ops level=S timeout=120s hb=30s
[17:22:23] HEARTBEAT t-20260611-172223-a204d6 status=started progress=None/None msg=子 agent 已起
[17:22:23] HEARTBEAT t-20260611-172223-a204d6 status=running progress=1/3 msg=扫描第 1 批
[17:22:23] HEARTBEAT t-20260611-172223-a204d6 status=running progress=2/3 msg=扫描第 2 批
[17:22:23] HEARTBEAT t-20260611-172223-a204d6 status=running progress=3/3 msg=扫描第 3 批
[17:22:23] DONE t-20260611-172223-a204d6 result_keys=['summary', 'artifacts']
[17:22:23] ENQUEUE t-20260611-172223-0c1cfa role=tester level=M timeout=600s hb=60s
[17:22:23] DONE t-20260611-172223-0c1cfa result_keys=['artifacts']
[17:22:23] ENQUEUE t-20260611-172223-e97b20 role=stresstest level=M timeout=2s hb=1s
[17:22:23] ENQUEUE t-20260611-172223-d556e6 role=stresstest level=M timeout=2s hb=1s
[17:22:23] ENQUEUE t-20260611-172223-075a46 role=stresstest level=M timeout=2s hb=1s
[17:22:23] ENQUEUE t-20260611-172223-5ba242 role=stresstest level=M timeout=2s hb=1s
[17:22:23] ENQUEUE t-20260611-172223-293eca role=stresstest level=M timeout=2s hb=1s
[17:22:27] TIMEOUT_BATCH 5 tasks
[17:22:27] ENQUEUE t-20260611-172227-7aa335 role=ops level=S timeout=120s hb=30s
[17:22:27] FAILED t-20260611-172227-7aa335 reason=dispatch_no_hermes_cli error=hermes CLI not in PATH; cannot dispatch
[17:22:27] ENQUEUE t-20260611-172227-b1e3ea role=general level=M timeout=600s hb=60s
[17:22:27] DONE t-20260611-172227-b1e3ea result_keys=['artifacts']
[17:22:27] ENQUEUE t-20260611-172227-670dc2 role=ops level=S timeout=120s hb=30s
[17:22:27] ENQUEUE t-20260611-172227-cee39e role=tester level=M timeout=600s hb=60s
[17:22:27] ENQUEUE t-20260611-172227-f700a6 role=general level=M timeout=600s hb=60s
[17:22:27] ENQUEUE t-20260611-172227-b6a3a4 role=researcher level=L timeout=1800s hb=120s
[17:22:27] ENQUEUE t-20260611-172227-417630 role=coder level=L timeout=3600s hb=120s
[17:22:27] ENQUEUE t-20260611-172227-55a389 role=ops level=S timeout=10s hb=2s
[17:22:27] ENQUEUE t-20260611-172227-1a1f71 role=watchdogtest level=M timeout=3s hb=1s
[17:22:31] TIMEOUT_BATCH 1 tasks
[17:22:31] ENQUEUE t-20260611-172231-644f81 role=ops level=S timeout=30s hb=5s
[17:22:31] NUDGE_WRITE t-20260611-172231-644f81 kind=nudge gap=10s
[17:22:31] NUDGE_CONSUME t-20260611-172231-644f81 kind=nudge
[17:22:31] NUDGE_WRITE t-20260611-172231-644f81 kind=ping gap=20s
[17:22:31] NUDGE_CONSUME t-20260611-172231-644f81 kind=ping
[17:22:31] ENQUEUE t-20260611-172231-b0deb1 role=ops level=S timeout=30s hb=2s
[17:22:31] HEARTBEAT t-20260611-172231-b0deb1 status=running progress=None/None msg=刚跑
[17:22:31] ENQUEUE t-20260611-172231-539bf8 role=ops level=S timeout=30s hb=2s
[17:22:31] HEARTBEAT t-20260611-172231-539bf8 status=running progress=None/None msg=
[17:22:31] ENQUEUE t-20260611-172231-bf19b2 role=ops level=S timeout=30s hb=2s
[17:22:31] HEARTBEAT t-20260611-172231-bf19b2 status=running progress=None/None msg=
[17:22:32] ENQUEUE t-20260611-172232-94b983 role=ops level=S timeout=30s hb=2s
[17:22:32] HEARTBEAT t-20260611-172232-94b983 status=running progress=None/None msg=
[17:22:32] ENQUEUE t-20260611-172232-ecf534 role=ops level=S timeout=5s hb=2s
[17:22:32] HEARTBEAT t-20260611-172232-ecf534 status=running progress=None/None msg=
[17:22:32] NUDGE_WRITE t-20260611-172231-539bf8 kind=ping gap=4s
[17:22:32] NUDGE_WRITE t-20260611-172231-bf19b2 kind=escalate gap=6s
[17:22:32] NUDGE_WRITE t-20260611-172232-94b983 kind=escalate gap=7s
[17:22:32] TIMEOUT_BATCH 1 tasks
[17:22:32] ENQUEUE t-20260611-172232-e7c7ad role=ops level=S timeout=30s hb=2s
[17:22:32] NUDGE_WRITE t-20260611-172232-e7c7ad kind=nudge gap=3s
[17:22:32] NUDGE_CONSUME t-20260611-172232-e7c7ad kind=nudge
[17:22:32] HEARTBEAT t-20260611-172232-e7c7ad status=running progress=None/None msg=RESPONDING_TO_NUDGE: 正在跑第 2 步
[17:22:32] ENQUEUE t-20260611-172232-3da5bb role=ops level=S timeout=30s hb=2s
[17:22:32] HEARTBEAT t-20260611-172232-3da5bb status=running progress=None/None msg=
[17:22:32] NUDGE_WRITE t-20260611-172232-3da5bb kind=nudge gap=2s
[17:22:32] NUDGE_WRITE t-20260611-172232-3da5bb kind=ping gap=4s
[17:22:32] NUDGE_WRITE t-20260611-172232-3da5bb kind=escalate gap=7s
[17:22:32] NUDGE_CONSUME t-20260611-172232-3da5bb kind=escalate
[17:22:32] ENQUEUE t-20260611-172232-e1704c role=ops level=S timeout=30s hb=5s
[17:22:32] HEARTBEAT t-20260611-172232-e1704c status=running progress=None/None msg=
[17:22:32] ENQUEUE t-20260611-172232-40cb76 role=ops level=S timeout=30s hb=2s
[17:22:32] NUDGE_WRITE t-20260611-172232-40cb76 kind=nudge gap=0s
[17:22:32] NUDGE_CONSUME t-20260611-172232-40cb76 kind=nudge
[17:22:32] ENQUEUE t-20260611-172232-cc0980 role=ops level=S timeout=30s hb=2s
[17:22:32] HEARTBEAT t-20260611-172232-cc0980 status=running progress=None/None msg=
[17:22:32] ENQUEUE t-20260611-172232-4cd8ab role=ops level=S timeout=30s hb=2s
[17:22:32] HEARTBEAT t-20260611-172232-4cd8ab status=running progress=None/None msg=
[17:22:32] ENQUEUE t-20260611-172232-05c424 role=ops level=S timeout=30s hb=2s
[17:22:32] HEARTBEAT t-20260611-172232-05c424 status=running progress=None/None msg=
[17:22:32] ENQUEUE t-20260611-172232-1ccd8b role=ops level=S timeout=120s hb=30s
[17:22:32] ENQUEUE t-20260611-172232-f19171 role=tester level=M timeout=600s hb=60s
[17:22:32] ENQUEUE t-20260611-172232-0378a4 role=general level=M timeout=600s hb=60s
[17:22:32] ENQUEUE t-20260611-172232-53ccd0 role=researcher level=L timeout=1800s hb=120s
[17:22:32] ENQUEUE t-20260611-172232-1f4f72 role=coder level=L timeout=3600s hb=120s
[17:22:32] ENQUEUE t-20260611-172232-a81318 role=coder level=S timeout=3600s hb=120s
[17:22:32] ENQUEUE t-20260611-172232-341c23 role=ops level=CRITICAL timeout=120s hb=30s
[17:22:32] ENQUEUE t-20260611-172232-56faab role=ops level=S timeout=120s hb=30s
[17:22:32] ENQUEUE t-20260611-172232-54b058 role=general level=M timeout=600s hb=60s
[17:22:32] ENQUEUE t-20260611-172232-e037ef role=researcher level=L timeout=1800s hb=120s
[17:22:32] ENQUEUE t-20260611-172232-27a3ca role=general level=CRITICAL timeout=600s hb=60s
[17:22:32] ENQUEUE t-20260611-172232-08223e role=ops level=S timeout=60s hb=30s
[17:22:32] ENQUEUE t-20260611-172232-53b1f2 role=ops level=S timeout=300s hb=30s
[17:22:32] ENQUEUE t-20260611-172232-70934d role=ops level=S timeout=999s hb=30s
[17:22:32] ENQUEUE t-20260611-172232-99751b role=ops level=S timeout=10s hb=2s
[17:22:32] HEARTBEAT t-20260611-172232-99751b status=running progress=None/None msg=
[17:22:32] TIMEOUT_BATCH 1 tasks
[17:22:32] ENQUEUE t-20260611-172232-03c1a2 role=ops level=S timeout=10s hb=2s
[17:22:32] HEARTBEAT t-20260611-172232-03c1a2 status=running progress=None/None msg=
[17:22:32] TIMEOUT_BATCH 1 tasks
[17:22:32] ENQUEUE t-20260611-172232-a3e033 role=ops level=S timeout=10s hb=2s
[17:22:32] HEARTBEAT t-20260611-172232-a3e033 status=running progress=None/None msg=
[17:22:32] TIMEOUT_BATCH 1 tasks
[17:22:33] ENQUEUE t-20260611-172233-e9fc53 role=ops level=S timeout=10s hb=2s
[17:22:33] HEARTBEAT t-20260611-172233-e9fc53 status=running progress=None/None msg=
[17:22:33] TIMEOUT_BATCH 1 tasks
[17:22:33] ENQUEUE t-20260611-172233-feef76 role=ops level=S timeout=120s hb=30s
[17:22:33] ENQUEUE t-20260611-172233-c3136a role=general level=M timeout=600s hb=60s
[17:22:33] ENQUEUE t-20260611-172233-c2c731 role=researcher level=L timeout=1800s hb=120s
[17:22:33] DONE t-20260611-172233-c2c731 result_keys=['artifacts']
[17:22:33] DONE t-20260611-172233-c3136a result_keys=['artifacts']
[17:22:33] DONE t-20260611-172233-feef76 result_keys=['artifacts']
[17:22:33] ENQUEUE t-20260611-172233-f3ee96 role=ops level=S timeout=120s hb=30s
[17:22:33] HEARTBEAT t-20260611-172233-f3ee96 status=running progress=None/None msg=
[17:22:33] DONE t-20260611-172233-f3ee96 result_keys=['summary', 'artifacts']
[17:22:33] ENQUEUE t-20260611-172233-b73ac2 role=ops level=S timeout=120s hb=30s
[17:22:33] HEARTBEAT t-20260611-172233-b73ac2 status=running progress=None/None msg=
[17:22:33] DONE t-20260611-172233-b73ac2 result_keys=['summary']
[17:22:33] ENQUEUE t-20260611-172233-092a76 role=ops level=S timeout=120s hb=30s
[17:22:33] HEARTBEAT t-20260611-172233-092a76 status=running progress=None/None msg=
[17:22:33] DONE t-20260611-172233-092a76 result_keys=['artifacts']
[17:22:33] ENQUEUE t-20260611-172233-7e06c5 role=general level=M timeout=600s hb=60s
[17:22:33] HEARTBEAT t-20260611-172233-7e06c5 status=running progress=None/None msg=
[17:22:33] DONE t-20260611-172233-7e06c5 result_keys=['artifacts']
[17:22:33] ENQUEUE t-20260611-172233-6008fa role=ops level=S timeout=120s hb=30s
[17:22:33] HEARTBEAT t-20260611-172233-6008fa status=running progress=None/None msg=
[17:22:33] FAILED t-20260611-172233-6008fa reason=test error=测试失败原因
[17:22:33] ENQUEUE t-20260611-172233-1ddb2a role=ops level=S timeout=120s hb=30s
[17:22:33] HEARTBEAT t-20260611-172233-1ddb2a status=running progress=None/None msg=
[17:22:33] TIMEOUT t-20260611-172233-1ddb2a
[17:22:33] ENQUEUE t-20260611-172233-5f0f73 role=ops level=S timeout=120s hb=30s
[17:22:33] HEARTBEAT t-20260611-172233-5f0f73 status=running progress=None/None msg=
[17:22:33] DONE t-20260611-172233-5f0f73 result_keys=['artifacts']
[17:22:33] ENQUEUE t-20260611-172233-f9d701 role=ops level=S timeout=120s hb=30s
[17:22:33] HEARTBEAT t-20260611-172233-f9d701 status=running progress=None/None msg=
[17:22:33] DONE t-20260611-172233-f9d701 result_keys=['artifacts']
[17:22:33] ENQUEUE t-20260611-172233-6c16c4 role=ops level=S timeout=120s hb=30s
[17:22:33] HEARTBEAT t-20260611-172233-6c16c4 status=running progress=None/None msg=
[17:22:33] DONE t-20260611-172233-6c16c4 result_keys=['artifacts']
[17:22:44] ENQUEUE t-20260611-172244-1d6a9e role=ops level=S timeout=30s hb=5s
[17:22:44] NUDGE_WRITE t-20260611-172244-1d6a9e kind=nudge gap=10s
[17:22:44] NUDGE_CONSUME t-20260611-172244-1d6a9e kind=nudge
[17:22:44] NUDGE_WRITE t-20260611-172244-1d6a9e kind=ping gap=20s
[17:22:44] NUDGE_CONSUME t-20260611-172244-1d6a9e kind=ping
[17:22:44] ENQUEUE t-20260611-172244-57b4da role=ops level=S timeout=30s hb=2s
[17:22:44] HEARTBEAT t-20260611-172244-57b4da status=running progress=None/None msg=刚跑
[17:22:44] ENQUEUE t-20260611-172244-e32edb role=ops level=S timeout=30s hb=2s
[17:22:44] HEARTBEAT t-20260611-172244-e32edb status=running progress=None/None msg=
[17:22:44] ENQUEUE t-20260611-172244-f21b10 role=ops level=S timeout=30s hb=2s
[17:22:44] HEARTBEAT t-20260611-172244-f21b10 status=running progress=None/None msg=
[17:22:44] ENQUEUE t-20260611-172244-3ac6c5 role=ops level=S timeout=30s hb=2s
[17:22:44] HEARTBEAT t-20260611-172244-3ac6c5 status=running progress=None/None msg=
[17:22:44] ENQUEUE t-20260611-172244-2099ac role=ops level=S timeout=5s hb=2s
[17:22:44] HEARTBEAT t-20260611-172244-2099ac status=running progress=None/None msg=
[17:22:44] NUDGE_WRITE t-20260611-172244-e32edb kind=nudge gap=3s
[17:22:44] NUDGE_WRITE t-20260611-172244-f21b10 kind=ping gap=5s
[17:22:44] NUDGE_WRITE t-20260611-172244-3ac6c5 kind=escalate gap=7s
[17:22:45] TIMEOUT_BATCH 1 tasks
[17:22:45] ENQUEUE t-20260611-172245-dc0cd0 role=ops level=S timeout=30s hb=2s
[17:22:45] NUDGE_WRITE t-20260611-172245-dc0cd0 kind=nudge gap=3s
[17:22:45] NUDGE_CONSUME t-20260611-172245-dc0cd0 kind=nudge
[17:22:45] HEARTBEAT t-20260611-172245-dc0cd0 status=running progress=None/None msg=RESPONDING_TO_NUDGE: 正在跑第 2 步
[17:22:45] ENQUEUE t-20260611-172245-81f4e3 role=ops level=S timeout=30s hb=2s
[17:22:45] HEARTBEAT t-20260611-172245-81f4e3 status=running progress=None/None msg=
[17:22:45] NUDGE_WRITE t-20260611-172245-81f4e3 kind=nudge gap=2s
[17:22:45] NUDGE_WRITE t-20260611-172245-81f4e3 kind=ping gap=4s
[17:22:45] NUDGE_WRITE t-20260611-172245-81f4e3 kind=escalate gap=7s
[17:22:45] NUDGE_CONSUME t-20260611-172245-81f4e3 kind=escalate
[17:22:45] ENQUEUE t-20260611-172245-aa3fdf role=ops level=S timeout=30s hb=5s
[17:22:45] HEARTBEAT t-20260611-172245-aa3fdf status=running progress=None/None msg=
[17:22:45] ENQUEUE t-20260611-172245-d59077 role=ops level=S timeout=30s hb=2s
[17:22:45] NUDGE_WRITE t-20260611-172245-d59077 kind=nudge gap=0s
[17:22:45] NUDGE_CONSUME t-20260611-172245-d59077 kind=nudge
[17:22:45] ENQUEUE t-20260611-172245-cbb275 role=ops level=S timeout=30s hb=2s
[17:22:45] HEARTBEAT t-20260611-172245-cbb275 status=running progress=None/None msg=
[17:22:45] ENQUEUE t-20260611-172245-a9ce0c role=ops level=S timeout=30s hb=2s
[17:22:45] HEARTBEAT t-20260611-172245-a9ce0c status=running progress=None/None msg=
[17:22:45] ENQUEUE t-20260611-172245-409b02 role=ops level=S timeout=30s hb=2s
[17:22:45] HEARTBEAT t-20260611-172245-409b02 status=running progress=None/None msg=
[17:22:56] ENQUEUE t-20260611-172256-22e990 role=ops level=S timeout=30s hb=5s
[17:22:56] NUDGE_WRITE t-20260611-172256-22e990 kind=nudge gap=10s
[17:22:56] NUDGE_CONSUME t-20260611-172256-22e990 kind=nudge
[17:22:56] NUDGE_WRITE t-20260611-172256-22e990 kind=ping gap=20s
[17:22:56] NUDGE_CONSUME t-20260611-172256-22e990 kind=ping
[17:22:56] ENQUEUE t-20260611-172256-b0d79b role=ops level=S timeout=30s hb=2s
[17:22:56] HEARTBEAT t-20260611-172256-b0d79b status=running progress=None/None msg=刚跑
[17:22:56] ENQUEUE t-20260611-172256-c12183 role=ops level=S timeout=30s hb=2s
[17:22:56] HEARTBEAT t-20260611-172256-c12183 status=running progress=None/None msg=
[17:22:56] ENQUEUE t-20260611-172256-77da50 role=ops level=S timeout=30s hb=2s
[17:22:56] HEARTBEAT t-20260611-172256-77da50 status=running progress=None/None msg=
[17:22:56] ENQUEUE t-20260611-172256-e0bb86 role=ops level=S timeout=30s hb=2s
[17:22:56] HEARTBEAT t-20260611-172256-e0bb86 status=running progress=None/None msg=
[17:22:56] ENQUEUE t-20260611-172256-af487c role=ops level=S timeout=5s hb=2s
[17:22:56] HEARTBEAT t-20260611-172256-af487c status=running progress=None/None msg=
[17:22:56] NUDGE_WRITE t-20260611-172256-c12183 kind=nudge gap=3s
[17:22:56] NUDGE_WRITE t-20260611-172256-77da50 kind=ping gap=5s
[17:22:56] NUDGE_WRITE t-20260611-172256-e0bb86 kind=escalate gap=7s
[17:22:56] TIMEOUT_BATCH 1 tasks
[17:22:56] ENQUEUE t-20260611-172256-a98170 role=ops level=S timeout=30s hb=2s
[17:22:56] NUDGE_WRITE t-20260611-172256-a98170 kind=nudge gap=3s
[17:22:56] NUDGE_CONSUME t-20260611-172256-a98170 kind=nudge
[17:22:56] HEARTBEAT t-20260611-172256-a98170 status=running progress=None/None msg=RESPONDING_TO_NUDGE: 正在跑第 2 步
[17:22:56] ENQUEUE t-20260611-172256-ced507 role=ops level=S timeout=30s hb=2s
[17:22:56] HEARTBEAT t-20260611-172256-ced507 status=running progress=None/None msg=
[17:22:56] NUDGE_WRITE t-20260611-172256-ced507 kind=nudge gap=2s
[17:22:56] NUDGE_WRITE t-20260611-172256-ced507 kind=ping gap=4s
[17:22:56] NUDGE_WRITE t-20260611-172256-ced507 kind=escalate gap=7s
[17:22:56] NUDGE_CONSUME t-20260611-172256-ced507 kind=escalate
[17:22:56] ENQUEUE t-20260611-172256-c5a6b7 role=ops level=S timeout=30s hb=5s
[17:22:56] HEARTBEAT t-20260611-172256-c5a6b7 status=running progress=None/None msg=
[17:22:56] ENQUEUE t-20260611-172256-03bbc9 role=ops level=S timeout=30s hb=2s
[17:22:56] NUDGE_WRITE t-20260611-172256-03bbc9 kind=nudge gap=0s
[17:22:56] NUDGE_CONSUME t-20260611-172256-03bbc9 kind=nudge
[17:22:56] ENQUEUE t-20260611-172256-69cce3 role=ops level=S timeout=30s hb=2s
[17:22:56] HEARTBEAT t-20260611-172256-69cce3 status=running progress=None/None msg=
[17:22:56] ENQUEUE t-20260611-172256-2de299 role=ops level=S timeout=30s hb=2s
[17:22:56] HEARTBEAT t-20260611-172256-2de299 status=running progress=None/None msg=
[17:22:56] ENQUEUE t-20260611-172256-c19519 role=ops level=S timeout=30s hb=2s
[17:22:56] HEARTBEAT t-20260611-172256-c19519 status=running progress=None/None msg=
[17:23:19] ENQUEUE t-20260611-172319-f2bd79 role=ops level=S timeout=120s hb=30s
[17:23:19] HEARTBEAT t-20260611-172319-f2bd79 status=running progress=None/None msg=
[17:23:19] DONE t-20260611-172319-f2bd79 result_keys=['artifacts']
[17:23:19] ENQUEUE t-20260611-172319-0998fc role=general level=M timeout=600s hb=60s
[17:23:19] HEARTBEAT t-20260611-172319-0998fc status=running progress=None/None msg=
[17:23:19] DONE t-20260611-172319-0998fc result_keys=['artifacts']
[17:23:19] ENQUEUE t-20260611-172319-373ddf role=ops level=S timeout=120s hb=30s
[17:23:19] HEARTBEAT t-20260611-172319-373ddf status=running progress=None/None msg=
[17:23:19] FAILED t-20260611-172319-373ddf reason=test error=real fail
[17:23:40] TIMEOUT_BATCH 3 tasks
[17:53:13] ENQUEUE t-20260611-175313-632fe6 role=ops level=S timeout=300s hb=60s
[17:53:13] HEARTBEAT t-20260611-175313-632fe6 status=started progress=None/None msg=子 agent 已起，准备扫目录
[17:53:13] HEARTBEAT t-20260611-175313-632fe6 status=running progress=1/3 msg=扫描第 1 批
[17:53:13] HEARTBEAT t-20260611-175313-632fe6 status=running progress=2/3 msg=扫描第 2 批
[17:53:13] HEARTBEAT t-20260611-175313-632fe6 status=running progress=3/3 msg=扫描第 3 批
[17:53:13] DONE t-20260611-175313-632fe6 result_keys=['summary', 'artifacts']
[17:53:13] ENQUEUE t-20260611-175313-f9b4ac role=test level=M timeout=5s hb=2s
[17:53:19] TIMEOUT_BATCH 1 tasks
[17:53:20] ENQUEUE t-20260611-175320-fa58ec role=ops level=S timeout=60s hb=30s
[17:53:20] HEARTBEAT t-20260611-175320-fa58ec status=started progress=None/None msg=子 agent 已起
[17:53:20] HEARTBEAT t-20260611-175320-fa58ec status=running progress=1/3 msg=扫描第 1 批
[17:53:20] HEARTBEAT t-20260611-175320-fa58ec status=running progress=2/3 msg=扫描第 2 批
[17:53:20] HEARTBEAT t-20260611-175320-fa58ec status=running progress=3/3 msg=扫描第 3 批
[17:53:20] DONE t-20260611-175320-fa58ec result_keys=['summary', 'artifacts']
[17:53:20] ENQUEUE t-20260611-175320-d04641 role=tester level=M timeout=600s hb=60s
[17:53:20] DONE t-20260611-175320-d04641 result_keys=['artifacts']
[17:53:20] ENQUEUE t-20260611-175320-35a99d role=stresstest level=M timeout=2s hb=1s
[17:53:20] ENQUEUE t-20260611-175320-1c1fb7 role=stresstest level=M timeout=2s hb=1s
[17:53:20] ENQUEUE t-20260611-175320-60b6fe role=stresstest level=M timeout=2s hb=1s
[17:53:20] ENQUEUE t-20260611-175320-19ac86 role=stresstest level=M timeout=2s hb=1s
[17:53:20] ENQUEUE t-20260611-175320-b01da3 role=stresstest level=M timeout=2s hb=1s
[17:53:24] TIMEOUT_BATCH 5 tasks
[17:53:24] ENQUEUE t-20260611-175324-7d885b role=ops level=S timeout=60s hb=30s
[17:53:24] FAILED t-20260611-175324-7d885b reason=dispatch_no_hermes_cli error=hermes CLI not in PATH; cannot dispatch
[17:53:24] ENQUEUE t-20260611-175324-d114a0 role=general level=M timeout=600s hb=60s
[17:53:24] DONE t-20260611-175324-d114a0 result_keys=['artifacts']
[17:53:24] ENQUEUE t-20260611-175324-9ad721 role=ops level=S timeout=60s hb=30s
[17:53:24] ENQUEUE t-20260611-175324-3e2ea4 role=tester level=M timeout=600s hb=60s
[17:53:24] ENQUEUE t-20260611-175324-0fc49f role=general level=M timeout=600s hb=60s
[17:53:24] ENQUEUE t-20260611-175324-a42bde role=researcher level=L timeout=1800s hb=120s
[17:53:24] ENQUEUE t-20260611-175324-9a9731 role=coder level=L timeout=3600s hb=120s
[17:53:24] ENQUEUE t-20260611-175324-badea6 role=ops level=S timeout=10s hb=2s
[17:53:24] ENQUEUE t-20260611-175324-cd1d34 role=watchdogtest level=M timeout=3s hb=1s
[17:53:28] TIMEOUT_BATCH 1 tasks
[17:53:28] ENQUEUE t-20260611-175328-a7b2a0 role=ops level=S timeout=30s hb=5s
[17:53:28] NUDGE_WRITE t-20260611-175328-a7b2a0 kind=nudge gap=10s
[17:53:28] NUDGE_CONSUME t-20260611-175328-a7b2a0 kind=nudge
[17:53:28] NUDGE_WRITE t-20260611-175328-a7b2a0 kind=ping gap=20s
[17:53:28] NUDGE_CONSUME t-20260611-175328-a7b2a0 kind=ping
[17:53:28] ENQUEUE t-20260611-175328-657814 role=ops level=S timeout=30s hb=2s
[17:53:28] HEARTBEAT t-20260611-175328-657814 status=running progress=None/None msg=刚跑
[17:53:28] ENQUEUE t-20260611-175328-507132 role=ops level=S timeout=30s hb=2s
[17:53:28] HEARTBEAT t-20260611-175328-507132 status=running progress=None/None msg=
[17:53:28] ENQUEUE t-20260611-175328-72e3a6 role=ops level=S timeout=30s hb=2s
[17:53:28] HEARTBEAT t-20260611-175328-72e3a6 status=running progress=None/None msg=
[17:53:28] ENQUEUE t-20260611-175328-28d5d5 role=ops level=S timeout=30s hb=2s
[17:53:28] HEARTBEAT t-20260611-175328-28d5d5 status=running progress=None/None msg=
[17:53:28] ENQUEUE t-20260611-175328-a976b0 role=ops level=S timeout=5s hb=2s
[17:53:29] HEARTBEAT t-20260611-175328-a976b0 status=running progress=None/None msg=
[17:53:29] NUDGE_WRITE t-20260611-175328-507132 kind=ping gap=4s
[17:53:29] NUDGE_WRITE t-20260611-175328-28d5d5 kind=escalate gap=8s
[17:53:29] NUDGE_WRITE t-20260611-175328-72e3a6 kind=escalate gap=6s
[17:53:29] TIMEOUT_BATCH 1 tasks
[17:53:29] ENQUEUE t-20260611-175329-721760 role=ops level=S timeout=30s hb=2s
[17:53:29] NUDGE_WRITE t-20260611-175329-721760 kind=nudge gap=3s
[17:53:29] NUDGE_CONSUME t-20260611-175329-721760 kind=nudge
[17:53:29] HEARTBEAT t-20260611-175329-721760 status=running progress=None/None msg=RESPONDING_TO_NUDGE: 正在跑第 2 步
[17:53:29] ENQUEUE t-20260611-175329-4c85ad role=ops level=S timeout=30s hb=2s
[17:53:29] HEARTBEAT t-20260611-175329-4c85ad status=running progress=None/None msg=
[17:53:29] NUDGE_WRITE t-20260611-175329-4c85ad kind=nudge gap=2s
[17:53:29] NUDGE_WRITE t-20260611-175329-4c85ad kind=ping gap=4s
[17:53:29] NUDGE_WRITE t-20260611-175329-4c85ad kind=escalate gap=7s
[17:53:29] NUDGE_CONSUME t-20260611-175329-4c85ad kind=escalate
[17:53:29] ENQUEUE t-20260611-175329-aeb6bf role=ops level=S timeout=30s hb=5s
[17:53:29] HEARTBEAT t-20260611-175329-aeb6bf status=running progress=None/None msg=
[17:53:29] ENQUEUE t-20260611-175329-dcf11f role=ops level=S timeout=30s hb=2s
[17:53:29] NUDGE_WRITE t-20260611-175329-dcf11f kind=nudge gap=0s
[17:53:29] NUDGE_CONSUME t-20260611-175329-dcf11f kind=nudge
[17:53:29] ENQUEUE t-20260611-175329-c1ff2e role=ops level=S timeout=30s hb=2s
[17:53:29] HEARTBEAT t-20260611-175329-c1ff2e status=running progress=None/None msg=
[17:53:29] ENQUEUE t-20260611-175329-ae3dd2 role=ops level=S timeout=30s hb=2s
[17:53:29] HEARTBEAT t-20260611-175329-ae3dd2 status=running progress=None/None msg=
[17:53:29] ENQUEUE t-20260611-175329-8139c3 role=ops level=S timeout=30s hb=2s
[17:53:29] HEARTBEAT t-20260611-175329-8139c3 status=running progress=None/None msg=
[17:53:29] ENQUEUE t-20260611-175329-915219 role=ops level=S timeout=120s hb=30s
[17:53:29] ENQUEUE t-20260611-175329-8267c5 role=tester level=M timeout=600s hb=60s
[17:53:29] ENQUEUE t-20260611-175329-8eecc2 role=general level=M timeout=600s hb=60s
[17:53:29] ENQUEUE t-20260611-175329-60caef role=researcher level=L timeout=1800s hb=120s
[17:53:29] ENQUEUE t-20260611-175329-9841b7 role=coder level=L timeout=3600s hb=120s
[17:53:29] ENQUEUE t-20260611-175329-69caca role=coder level=S timeout=3600s hb=120s
[17:53:29] ENQUEUE t-20260611-175329-458c53 role=ops level=CRITICAL timeout=120s hb=30s
[17:53:29] ENQUEUE t-20260611-175329-32ee00 role=ops level=S timeout=120s hb=30s
[17:53:29] ENQUEUE t-20260611-175329-98ea31 role=general level=M timeout=600s hb=60s
[17:53:29] ENQUEUE t-20260611-175329-43d17a role=researcher level=L timeout=1800s hb=120s
[17:53:29] ENQUEUE t-20260611-175329-b017d3 role=general level=CRITICAL timeout=600s hb=60s
[17:53:29] ENQUEUE t-20260611-175329-77cc4b role=ops level=S timeout=60s hb=30s
[17:53:29] ENQUEUE t-20260611-175329-4af022 role=ops level=S timeout=300s hb=30s
[17:53:29] ENQUEUE t-20260611-175329-4b43e3 role=ops level=S timeout=999s hb=30s
[17:53:29] ENQUEUE t-20260611-175329-4366c3 role=ops level=S timeout=10s hb=2s
[17:53:29] HEARTBEAT t-20260611-175329-4366c3 status=running progress=None/None msg=
[17:53:29] TIMEOUT_BATCH 1 tasks
[17:53:29] ENQUEUE t-20260611-175329-894cdc role=ops level=S timeout=10s hb=2s
[17:53:29] HEARTBEAT t-20260611-175329-894cdc status=running progress=None/None msg=
[17:53:29] TIMEOUT_BATCH 1 tasks
[17:53:29] ENQUEUE t-20260611-175329-8d0020 role=ops level=S timeout=10s hb=2s
[17:53:29] HEARTBEAT t-20260611-175329-8d0020 status=running progress=None/None msg=
[17:53:30] TIMEOUT_BATCH 1 tasks
[17:53:30] ENQUEUE t-20260611-175330-fc99ed role=ops level=S timeout=10s hb=2s
[17:53:30] HEARTBEAT t-20260611-175330-fc99ed status=running progress=None/None msg=
[17:53:30] TIMEOUT_BATCH 1 tasks
[17:53:30] ENQUEUE t-20260611-175330-834a2d role=ops level=S timeout=120s hb=30s
[17:53:30] ENQUEUE t-20260611-175330-18a4a4 role=general level=M timeout=600s hb=60s
[17:53:30] ENQUEUE t-20260611-175330-afd324 role=researcher level=L timeout=1800s hb=120s
[17:53:30] DONE t-20260611-175330-18a4a4 result_keys=['artifacts']
[17:53:30] DONE t-20260611-175330-834a2d result_keys=['artifacts']
[17:53:30] DONE t-20260611-175330-afd324 result_keys=['artifacts']
[17:53:30] ENQUEUE t-20260611-175330-e1f537 role=ops level=S timeout=120s hb=30s
[17:53:30] HEARTBEAT t-20260611-175330-e1f537 status=running progress=None/None msg=
[17:53:30] DONE t-20260611-175330-e1f537 result_keys=['summary', 'artifacts']
[17:53:30] ENQUEUE t-20260611-175330-a530e9 role=ops level=S timeout=120s hb=30s
[17:53:30] HEARTBEAT t-20260611-175330-a530e9 status=running progress=None/None msg=
[17:53:30] DONE t-20260611-175330-a530e9 result_keys=['summary']
[17:53:30] ENQUEUE t-20260611-175330-45ebd1 role=ops level=S timeout=120s hb=30s
[17:53:30] HEARTBEAT t-20260611-175330-45ebd1 status=running progress=None/None msg=
[17:53:30] DONE t-20260611-175330-45ebd1 result_keys=['artifacts']
[17:53:30] ENQUEUE t-20260611-175330-27bc70 role=general level=M timeout=600s hb=60s
[17:53:30] HEARTBEAT t-20260611-175330-27bc70 status=running progress=None/None msg=
[17:53:30] DONE t-20260611-175330-27bc70 result_keys=['artifacts']
[17:53:30] ENQUEUE t-20260611-175330-a1a22f role=ops level=S timeout=120s hb=30s
[17:53:30] HEARTBEAT t-20260611-175330-a1a22f status=running progress=None/None msg=
[17:53:30] FAILED t-20260611-175330-a1a22f reason=test error=测试失败原因
[17:53:30] ENQUEUE t-20260611-175330-52be13 role=ops level=S timeout=120s hb=30s
[17:53:30] HEARTBEAT t-20260611-175330-52be13 status=running progress=None/None msg=
[17:53:30] TIMEOUT t-20260611-175330-52be13
[17:53:30] ENQUEUE t-20260611-175330-8aafd7 role=ops level=S timeout=120s hb=30s
[17:53:30] HEARTBEAT t-20260611-175330-8aafd7 status=running progress=None/None msg=
[17:53:30] DONE t-20260611-175330-8aafd7 result_keys=['artifacts']
[17:53:30] ENQUEUE t-20260611-175330-0a666e role=ops level=S timeout=120s hb=30s
[17:53:30] HEARTBEAT t-20260611-175330-0a666e status=running progress=None/None msg=
[17:53:30] DONE t-20260611-175330-0a666e result_keys=['artifacts']
[17:53:30] ENQUEUE t-20260611-175330-6e3856 role=ops level=S timeout=120s hb=30s
[17:53:30] HEARTBEAT t-20260611-175330-6e3856 status=running progress=None/None msg=
[17:53:30] DONE t-20260611-175330-6e3856 result_keys=['artifacts']
[17:53:44] ENQUEUE t-20260611-175344-9643e8 role=ops level=S timeout=120s hb=30s
[17:53:44] HEARTBEAT t-20260611-175344-9643e8 status=started progress=None/None msg=子 agent 已起
[17:53:44] HEARTBEAT t-20260611-175344-9643e8 status=running progress=1/3 msg=扫描第 1 批
[17:53:44] HEARTBEAT t-20260611-175344-9643e8 status=running progress=2/3 msg=扫描第 2 批
[17:53:44] HEARTBEAT t-20260611-175344-9643e8 status=running progress=3/3 msg=扫描第 3 批
[17:53:44] DONE t-20260611-175344-9643e8 result_keys=['summary', 'artifacts']
[17:53:44] ENQUEUE t-20260611-175344-ba351c role=tester level=M timeout=600s hb=60s
[17:53:44] DONE t-20260611-175344-ba351c result_keys=['artifacts']
[17:53:44] ENQUEUE t-20260611-175344-f5a1e2 role=stresstest level=M timeout=2s hb=1s
[17:53:44] ENQUEUE t-20260611-175344-4cd1ed role=stresstest level=M timeout=2s hb=1s
[17:53:44] ENQUEUE t-20260611-175344-e957b4 role=stresstest level=M timeout=2s hb=1s
[17:53:44] ENQUEUE t-20260611-175344-072f28 role=stresstest level=M timeout=2s hb=1s
[17:53:44] ENQUEUE t-20260611-175344-36fc5f role=stresstest level=M timeout=2s hb=1s
[17:53:48] TIMEOUT_BATCH 5 tasks
[17:53:48] ENQUEUE t-20260611-175348-d898e8 role=ops level=S timeout=120s hb=30s
[17:53:48] FAILED t-20260611-175348-d898e8 reason=dispatch_no_hermes_cli error=hermes CLI not in PATH; cannot dispatch
[17:53:48] ENQUEUE t-20260611-175348-2947a0 role=general level=M timeout=600s hb=60s
[17:53:48] DONE t-20260611-175348-2947a0 result_keys=['artifacts']
[17:53:48] ENQUEUE t-20260611-175348-8d2cde role=ops level=S timeout=120s hb=30s
[17:53:48] ENQUEUE t-20260611-175348-a9ddd2 role=tester level=M timeout=600s hb=60s
[17:53:48] ENQUEUE t-20260611-175348-9e5078 role=general level=M timeout=600s hb=60s
[17:53:48] ENQUEUE t-20260611-175348-a0ebb3 role=researcher level=L timeout=1800s hb=120s
[17:53:48] ENQUEUE t-20260611-175348-a6bacb role=coder level=L timeout=3600s hb=120s
[17:53:48] ENQUEUE t-20260611-175348-d46de6 role=ops level=S timeout=10s hb=2s
[17:53:49] ENQUEUE t-20260611-175349-d1498d role=watchdogtest level=M timeout=3s hb=1s
[17:53:53] TIMEOUT_BATCH 1 tasks
[17:53:53] ENQUEUE t-20260611-175353-a083dc role=ops level=S timeout=30s hb=5s
[17:53:53] NUDGE_WRITE t-20260611-175353-a083dc kind=nudge gap=10s
[17:53:53] NUDGE_CONSUME t-20260611-175353-a083dc kind=nudge
[17:53:53] NUDGE_WRITE t-20260611-175353-a083dc kind=ping gap=20s
[17:53:53] NUDGE_CONSUME t-20260611-175353-a083dc kind=ping
[17:53:53] ENQUEUE t-20260611-175353-eda158 role=ops level=S timeout=30s hb=2s
[17:53:53] HEARTBEAT t-20260611-175353-eda158 status=running progress=None/None msg=刚跑
[17:53:53] ENQUEUE t-20260611-175353-647f33 role=ops level=S timeout=30s hb=2s
[17:53:53] HEARTBEAT t-20260611-175353-647f33 status=running progress=None/None msg=
[17:53:53] ENQUEUE t-20260611-175353-8e2701 role=ops level=S timeout=30s hb=2s
[17:53:53] HEARTBEAT t-20260611-175353-8e2701 status=running progress=None/None msg=
[17:53:53] ENQUEUE t-20260611-175353-e187f0 role=ops level=S timeout=30s hb=2s
[17:53:53] HEARTBEAT t-20260611-175353-e187f0 status=running progress=None/None msg=
[17:53:53] ENQUEUE t-20260611-175353-caf096 role=ops level=S timeout=5s hb=2s
[17:53:53] HEARTBEAT t-20260611-175353-caf096 status=running progress=None/None msg=
[17:53:53] NUDGE_WRITE t-20260611-175353-647f33 kind=nudge gap=3s
[17:53:53] NUDGE_WRITE t-20260611-175353-8e2701 kind=ping gap=5s
[17:53:53] NUDGE_WRITE t-20260611-175353-e187f0 kind=escalate gap=7s
[17:53:53] TIMEOUT_BATCH 1 tasks
[17:53:53] ENQUEUE t-20260611-175353-0ab80a role=ops level=S timeout=30s hb=2s
[17:53:53] NUDGE_WRITE t-20260611-175353-0ab80a kind=nudge gap=3s
[17:53:53] NUDGE_CONSUME t-20260611-175353-0ab80a kind=nudge
[17:53:53] HEARTBEAT t-20260611-175353-0ab80a status=running progress=None/None msg=RESPONDING_TO_NUDGE: 正在跑第 2 步
[17:53:53] ENQUEUE t-20260611-175353-44789f role=ops level=S timeout=30s hb=2s
[17:53:53] HEARTBEAT t-20260611-175353-44789f status=running progress=None/None msg=
[17:53:53] NUDGE_WRITE t-20260611-175353-44789f kind=nudge gap=2s
[17:53:53] NUDGE_WRITE t-20260611-175353-44789f kind=ping gap=4s
[17:53:53] NUDGE_WRITE t-20260611-175353-44789f kind=escalate gap=7s
[17:53:53] NUDGE_CONSUME t-20260611-175353-44789f kind=escalate
[17:53:53] ENQUEUE t-20260611-175353-1c1be8 role=ops level=S timeout=30s hb=5s
[17:53:53] HEARTBEAT t-20260611-175353-1c1be8 status=running progress=None/None msg=
[17:53:53] ENQUEUE t-20260611-175353-f0fb26 role=ops level=S timeout=30s hb=2s
[17:53:53] NUDGE_WRITE t-20260611-175353-f0fb26 kind=nudge gap=0s
[17:53:53] NUDGE_CONSUME t-20260611-175353-f0fb26 kind=nudge
[17:53:53] ENQUEUE t-20260611-175353-42f9eb role=ops level=S timeout=30s hb=2s
[17:53:53] HEARTBEAT t-20260611-175353-42f9eb status=running progress=None/None msg=
[17:53:53] ENQUEUE t-20260611-175353-e76ba7 role=ops level=S timeout=30s hb=2s
[17:53:53] HEARTBEAT t-20260611-175353-e76ba7 status=running progress=None/None msg=
[17:53:53] ENQUEUE t-20260611-175353-b65bff role=ops level=S timeout=30s hb=2s
[17:53:53] HEARTBEAT t-20260611-175353-b65bff status=running progress=None/None msg=
[17:54:04] ENQUEUE t-20260611-175404-c4df4a role=ops level=S timeout=120s hb=30s
[17:54:04] HEARTBEAT t-20260611-175404-c4df4a status=started progress=None/None msg=子 agent 已起
[17:54:04] HEARTBEAT t-20260611-175404-c4df4a status=running progress=1/3 msg=扫描第 1 批
[17:54:04] HEARTBEAT t-20260611-175404-c4df4a status=running progress=2/3 msg=扫描第 2 批
[17:54:04] HEARTBEAT t-20260611-175404-c4df4a status=running progress=3/3 msg=扫描第 3 批
[17:54:04] DONE t-20260611-175404-c4df4a result_keys=['summary', 'artifacts']
[17:54:04] ENQUEUE t-20260611-175404-f2b2f7 role=tester level=M timeout=600s hb=60s
[17:54:04] DONE t-20260611-175404-f2b2f7 result_keys=['artifacts']
[17:54:04] ENQUEUE t-20260611-175404-db4daa role=stresstest level=M timeout=2s hb=1s
[17:54:04] ENQUEUE t-20260611-175404-9c678b role=stresstest level=M timeout=2s hb=1s
[17:54:04] ENQUEUE t-20260611-175404-ae8ac1 role=stresstest level=M timeout=2s hb=1s
[17:54:04] ENQUEUE t-20260611-175404-7fa39b role=stresstest level=M timeout=2s hb=1s
[17:54:04] ENQUEUE t-20260611-175404-0c3b87 role=stresstest level=M timeout=2s hb=1s
[17:54:08] TIMEOUT_BATCH 5 tasks
[17:54:08] ENQUEUE t-20260611-175408-ead4c3 role=ops level=S timeout=120s hb=30s
[17:54:08] FAILED t-20260611-175408-ead4c3 reason=dispatch_no_hermes_cli error=hermes CLI not in PATH; cannot dispatch
[17:54:08] ENQUEUE t-20260611-175408-bbe37b role=general level=M timeout=600s hb=60s
[17:54:08] DONE t-20260611-175408-bbe37b result_keys=['artifacts']
[17:54:08] ENQUEUE t-20260611-175408-5ced16 role=ops level=S timeout=120s hb=30s
[17:54:08] ENQUEUE t-20260611-175408-f404cc role=tester level=M timeout=600s hb=60s
[17:54:08] ENQUEUE t-20260611-175408-8254b7 role=general level=M timeout=600s hb=60s
[17:54:08] ENQUEUE t-20260611-175408-0c9abb role=researcher level=L timeout=1800s hb=120s
[17:54:08] ENQUEUE t-20260611-175408-319a71 role=coder level=L timeout=3600s hb=120s
[17:54:08] ENQUEUE t-20260611-175408-93a1c5 role=ops level=S timeout=10s hb=2s
[17:54:08] ENQUEUE t-20260611-175408-d11266 role=watchdogtest level=M timeout=3s hb=1s
[17:54:12] TIMEOUT_BATCH 1 tasks
[17:54:24] ENQUEUE t-20260611-175424-7fcf4a role=ops level=S timeout=30s hb=5s
[17:54:24] NUDGE_WRITE t-20260611-175424-7fcf4a kind=nudge gap=10s
[17:54:24] NUDGE_CONSUME t-20260611-175424-7fcf4a kind=nudge
[17:54:24] NUDGE_WRITE t-20260611-175424-7fcf4a kind=ping gap=20s
[17:54:24] NUDGE_CONSUME t-20260611-175424-7fcf4a kind=ping
[17:54:24] ENQUEUE t-20260611-175424-5a835f role=ops level=S timeout=30s hb=2s
[17:54:24] HEARTBEAT t-20260611-175424-5a835f status=running progress=None/None msg=刚跑
[17:54:24] ENQUEUE t-20260611-175424-2cc1ea role=ops level=S timeout=30s hb=2s
[17:54:24] HEARTBEAT t-20260611-175424-2cc1ea status=running progress=None/None msg=
[17:54:24] ENQUEUE t-20260611-175424-edeaee role=ops level=S timeout=30s hb=2s
[17:54:24] HEARTBEAT t-20260611-175424-edeaee status=running progress=None/None msg=
[17:54:24] ENQUEUE t-20260611-175424-343b33 role=ops level=S timeout=30s hb=2s
[17:54:24] HEARTBEAT t-20260611-175424-343b33 status=running progress=None/None msg=
[17:54:24] ENQUEUE t-20260611-175424-e07691 role=ops level=S timeout=5s hb=2s
[17:54:24] HEARTBEAT t-20260611-175424-e07691 status=running progress=None/None msg=
[17:54:24] NUDGE_WRITE t-20260611-175424-2cc1ea kind=nudge gap=3s
[17:54:24] NUDGE_WRITE t-20260611-175424-edeaee kind=ping gap=5s
[17:54:24] NUDGE_WRITE t-20260611-175424-343b33 kind=escalate gap=7s
[17:54:24] TIMEOUT_BATCH 1 tasks
[17:54:24] ENQUEUE t-20260611-175424-6560c9 role=ops level=S timeout=30s hb=2s
[17:54:24] NUDGE_WRITE t-20260611-175424-6560c9 kind=nudge gap=3s
[17:54:24] NUDGE_CONSUME t-20260611-175424-6560c9 kind=nudge
[17:54:24] HEARTBEAT t-20260611-175424-6560c9 status=running progress=None/None msg=RESPONDING_TO_NUDGE: 正在跑第 2 步
[17:54:24] ENQUEUE t-20260611-175424-ea73bd role=ops level=S timeout=30s hb=2s
[17:54:24] HEARTBEAT t-20260611-175424-ea73bd status=running progress=None/None msg=
[17:54:24] NUDGE_WRITE t-20260611-175424-ea73bd kind=nudge gap=2s
[17:54:24] NUDGE_WRITE t-20260611-175424-ea73bd kind=ping gap=4s
[17:54:24] NUDGE_WRITE t-20260611-175424-ea73bd kind=escalate gap=7s
[17:54:24] NUDGE_CONSUME t-20260611-175424-ea73bd kind=escalate
[17:54:24] ENQUEUE t-20260611-175424-2cc3bc role=ops level=S timeout=30s hb=5s
[17:54:24] HEARTBEAT t-20260611-175424-2cc3bc status=running progress=None/None msg=
[17:54:24] ENQUEUE t-20260611-175424-0652ac role=ops level=S timeout=30s hb=2s
[17:54:24] NUDGE_WRITE t-20260611-175424-0652ac kind=nudge gap=0s
[17:54:24] NUDGE_CONSUME t-20260611-175424-0652ac kind=nudge
[17:54:24] ENQUEUE t-20260611-175424-199f32 role=ops level=S timeout=30s hb=2s
[17:54:24] HEARTBEAT t-20260611-175424-199f32 status=running progress=None/None msg=
[17:54:25] ENQUEUE t-20260611-175425-efe150 role=ops level=S timeout=30s hb=2s
[17:54:25] HEARTBEAT t-20260611-175425-efe150 status=running progress=None/None msg=
[17:54:25] ENQUEUE t-20260611-175425-e2437d role=ops level=S timeout=30s hb=2s
[17:54:25] HEARTBEAT t-20260611-175425-e2437d status=running progress=None/None msg=
[17:54:36] ENQUEUE t-20260611-175436-e66a88 role=ops level=S timeout=30s hb=5s
[17:54:36] NUDGE_WRITE t-20260611-175436-e66a88 kind=nudge gap=10s
[17:54:36] NUDGE_CONSUME t-20260611-175436-e66a88 kind=nudge
[17:54:36] NUDGE_WRITE t-20260611-175436-e66a88 kind=ping gap=20s
[17:54:36] NUDGE_CONSUME t-20260611-175436-e66a88 kind=ping
[17:54:36] ENQUEUE t-20260611-175436-0e1f2a role=ops level=S timeout=30s hb=2s
[17:54:36] HEARTBEAT t-20260611-175436-0e1f2a status=running progress=None/None msg=刚跑
[17:54:36] ENQUEUE t-20260611-175436-ecb0e4 role=ops level=S timeout=30s hb=2s
[17:54:36] HEARTBEAT t-20260611-175436-ecb0e4 status=running progress=None/None msg=
[17:54:36] ENQUEUE t-20260611-175436-3a45c9 role=ops level=S timeout=30s hb=2s
[17:54:36] HEARTBEAT t-20260611-175436-3a45c9 status=running progress=None/None msg=
[17:54:36] ENQUEUE t-20260611-175436-9b856e role=ops level=S timeout=30s hb=2s
[17:54:36] HEARTBEAT t-20260611-175436-9b856e status=running progress=None/None msg=
[17:54:36] ENQUEUE t-20260611-175436-8d9aee role=ops level=S timeout=5s hb=2s
[17:54:36] HEARTBEAT t-20260611-175436-8d9aee status=running progress=None/None msg=
[17:54:36] NUDGE_WRITE t-20260611-175436-ecb0e4 kind=nudge gap=3s
[17:54:36] NUDGE_WRITE t-20260611-175436-3a45c9 kind=ping gap=5s
[17:54:36] NUDGE_WRITE t-20260611-175436-9b856e kind=escalate gap=7s
[17:54:36] TIMEOUT_BATCH 1 tasks
[17:54:36] ENQUEUE t-20260611-175436-6159e9 role=ops level=S timeout=30s hb=2s
[17:54:36] NUDGE_WRITE t-20260611-175436-6159e9 kind=nudge gap=3s
[17:54:36] NUDGE_CONSUME t-20260611-175436-6159e9 kind=nudge
[17:54:36] HEARTBEAT t-20260611-175436-6159e9 status=running progress=None/None msg=RESPONDING_TO_NUDGE: 正在跑第 2 步
[17:54:36] ENQUEUE t-20260611-175436-baa9a6 role=ops level=S timeout=30s hb=2s
[17:54:36] HEARTBEAT t-20260611-175436-baa9a6 status=running progress=None/None msg=
[17:54:36] NUDGE_WRITE t-20260611-175436-baa9a6 kind=nudge gap=2s
[17:54:36] NUDGE_WRITE t-20260611-175436-baa9a6 kind=ping gap=4s
[17:54:36] NUDGE_WRITE t-20260611-175436-baa9a6 kind=escalate gap=7s
[17:54:36] NUDGE_CONSUME t-20260611-175436-baa9a6 kind=escalate
[17:54:36] ENQUEUE t-20260611-175436-3e4f75 role=ops level=S timeout=30s hb=5s
[17:54:36] HEARTBEAT t-20260611-175436-3e4f75 status=running progress=None/None msg=
[17:54:37] ENQUEUE t-20260611-175437-82dc94 role=ops level=S timeout=30s hb=2s
[17:54:37] NUDGE_WRITE t-20260611-175437-82dc94 kind=nudge gap=0s
[17:54:37] NUDGE_CONSUME t-20260611-175437-82dc94 kind=nudge
[17:54:37] ENQUEUE t-20260611-175437-b06bb6 role=ops level=S timeout=30s hb=2s
[17:54:37] HEARTBEAT t-20260611-175437-b06bb6 status=running progress=None/None msg=
[17:54:37] ENQUEUE t-20260611-175437-9d7ab5 role=ops level=S timeout=30s hb=2s
[17:54:37] HEARTBEAT t-20260611-175437-9d7ab5 status=running progress=None/None msg=
[17:54:37] ENQUEUE t-20260611-175437-99a381 role=ops level=S timeout=30s hb=2s
[17:54:37] HEARTBEAT t-20260611-175437-99a381 status=running progress=None/None msg=
[17:54:40] NUDGE_WRITE t-20260611-175437-99a381 kind=escalate gap=10s
[17:54:40] NUDGE_WRITE t-20260611-175437-9d7ab5 kind=escalate gap=8s
[17:54:40] NUDGE_WRITE t-20260611-175437-b06bb6 kind=escalate gap=6s
[17:55:40] TIMEOUT_BATCH 3 tasks
[17:55:49] ENQUEUE t-20260611-175549-20529f role=ops level=S timeout=30s hb=5s
[17:55:49] HEARTBEAT t-20260611-175549-20529f status=started progress=None/None msg=
[17:55:49] HEARTBEAT t-20260611-175549-20529f status=running progress=None/None msg=w
[17:55:49] DONE t-20260611-175549-20529f result_keys=['artifacts']
[17:55:49] ENQUEUE t-20260611-175549-246bbf role=ops level=S timeout=30s hb=5s
[17:55:49] HEARTBEAT t-20260611-175549-246bbf status=started progress=None/None msg=
[17:55:49] HEARTBEAT t-20260611-175549-246bbf status=running progress=None/None msg=w
[17:55:49] DONE t-20260611-175549-246bbf result_keys=['artifacts']
[17:55:49] ENQUEUE t-20260611-175549-df9c04 role=ops level=S timeout=30s hb=5s
[17:55:49] HEARTBEAT t-20260611-175549-df9c04 status=started progress=None/None msg=
[17:55:49] ENQUEUE t-20260611-175549-43e683 role=ops level=S timeout=30s hb=5s
[17:55:49] HEARTBEAT t-20260611-175549-43e683 status=started progress=None/None msg=
[17:55:49] HEARTBEAT t-20260611-175549-43e683 status=running progress=None/None msg=w
[17:55:49] DONE t-20260611-175549-43e683 result_keys=['artifacts']
[17:55:49] ENQUEUE t-20260611-175549-64649d role=ops level=S timeout=30s hb=5s
[17:55:49] HEARTBEAT t-20260611-175549-64649d status=started progress=None/None msg=
[17:55:49] HEARTBEAT t-20260611-175549-64649d status=running progress=None/None msg=w
[17:55:49] DONE t-20260611-175549-64649d result_keys=['artifacts']
[17:55:49] ENQUEUE t-20260611-175549-585b8f role=ops level=S timeout=30s hb=5s
[17:55:49] HEARTBEAT t-20260611-175549-585b8f status=started progress=None/None msg=
[17:55:49] HEARTBEAT t-20260611-175549-585b8f status=running progress=None/None msg=w
[17:55:49] DONE t-20260611-175549-585b8f result_keys=['artifacts']
[17:55:49] ENQUEUE t-20260611-175549-1317f5 role=ops level=S timeout=30s hb=5s
[17:55:49] HEARTBEAT t-20260611-175549-1317f5 status=started progress=None/None msg=
[17:55:49] HEARTBEAT t-20260611-175549-1317f5 status=running progress=None/None msg=w
[17:55:49] DONE t-20260611-175549-1317f5 result_keys=['artifacts']
[17:55:49] ENQUEUE t-20260611-175549-c5972b role=ops level=S timeout=30s hb=5s
[17:55:49] HEARTBEAT t-20260611-175549-c5972b status=started progress=None/None msg=
[17:55:49] HEARTBEAT t-20260611-175549-c5972b status=running progress=None/None msg=w
[17:55:49] DONE t-20260611-175549-c5972b result_keys=['artifacts']
[17:55:49] ENQUEUE t-20260611-175549-7962d9 role=ops level=S timeout=30s hb=5s
[17:55:49] HEARTBEAT t-20260611-175549-7962d9 status=started progress=None/None msg=
[17:55:49] HEARTBEAT t-20260611-175549-7962d9 status=running progress=None/None msg=w
[17:55:49] DONE t-20260611-175549-7962d9 result_keys=['artifacts']
[17:55:49] ENQUEUE t-20260611-175549-b19e36 role=ops level=S timeout=30s hb=5s
[17:55:49] HEARTBEAT t-20260611-175549-b19e36 status=started progress=None/None msg=
[17:55:49] HEARTBEAT t-20260611-175549-b19e36 status=running progress=None/None msg=w
[17:55:49] DONE t-20260611-175549-b19e36 result_keys=['artifacts']
[17:55:49] ENQUEUE t-20260611-175549-7d6b80 role=ops level=S timeout=30s hb=5s
[17:55:49] HEARTBEAT t-20260611-175549-7d6b80 status=started progress=None/None msg=
[17:55:49] HEARTBEAT t-20260611-175549-7d6b80 status=running progress=None/None msg=w
[17:55:49] DONE t-20260611-175549-7d6b80 result_keys=['artifacts']
[17:55:49] ENQUEUE t-20260611-175549-31eacc role=ops level=S timeout=30s hb=5s
[17:55:49] HEARTBEAT t-20260611-175549-31eacc status=started progress=None/None msg=
[17:55:49] HEARTBEAT t-20260611-175549-31eacc status=running progress=None/None msg=w
[17:55:49] DONE t-20260611-175549-31eacc result_keys=['artifacts']
[17:55:49] ENQUEUE t-20260611-175549-f4f983 role=ops level=S timeout=30s hb=5s
[17:55:49] HEARTBEAT t-20260611-175549-f4f983 status=started progress=None/None msg=
[17:55:49] HEARTBEAT t-20260611-175549-f4f983 status=running progress=None/None msg=w
[17:55:49] DONE t-20260611-175549-f4f983 result_keys=['artifacts']
[17:55:50] ENQUEUE t-20260611-175550-c15237 role=ops level=S timeout=30s hb=5s
[17:55:50] HEARTBEAT t-20260611-175550-c15237 status=started progress=None/None msg=
[17:55:50] HEARTBEAT t-20260611-175550-c15237 status=running progress=None/None msg=w
[17:55:50] DONE t-20260611-175550-c15237 result_keys=['artifacts']
[17:55:50] ENQUEUE t-20260611-175550-517d09 role=ops level=S timeout=30s hb=5s
[17:55:50] HEARTBEAT t-20260611-175550-517d09 status=started progress=None/None msg=
[17:55:50] HEARTBEAT t-20260611-175550-517d09 status=running progress=None/None msg=w
[17:55:50] DONE t-20260611-175550-517d09 result_keys=['artifacts']
[17:55:50] ENQUEUE t-20260611-175550-aaea37 role=ops level=S timeout=30s hb=5s
[17:55:50] HEARTBEAT t-20260611-175550-aaea37 status=started progress=None/None msg=
[17:55:50] HEARTBEAT t-20260611-175550-aaea37 status=running progress=None/None msg=w
[17:55:50] DONE t-20260611-175550-aaea37 result_keys=['artifacts']
[17:55:50] ENQUEUE t-20260611-175550-a66a51 role=ops level=S timeout=30s hb=5s
[17:55:50] ENQUEUE t-20260611-175550-ee1f7d role=ops level=S timeout=30s hb=5s
[17:55:50] HEARTBEAT t-20260611-175550-ee1f7d status=started progress=None/None msg=
[17:55:50] HEARTBEAT t-20260611-175550-ee1f7d status=running progress=None/None msg=w
[17:55:50] DONE t-20260611-175550-ee1f7d result_keys=['artifacts']
[17:55:50] ENQUEUE t-20260611-175550-a1cde2 role=ops level=S timeout=30s hb=5s
[17:55:50] HEARTBEAT t-20260611-175550-a1cde2 status=started progress=None/None msg=
[17:55:50] HEARTBEAT t-20260611-175550-a1cde2 status=running progress=None/None msg=w
[17:55:50] DONE t-20260611-175550-a1cde2 result_keys=['artifacts']
[17:55:50] ENQUEUE t-20260611-175550-d12ccc role=ops level=S timeout=30s hb=5s
[17:55:50] HEARTBEAT t-20260611-175550-d12ccc status=started progress=None/None msg=
[17:55:50] HEARTBEAT t-20260611-175550-d12ccc status=running progress=None/None msg=w
[17:55:50] DONE t-20260611-175550-d12ccc result_keys=['artifacts']
[17:55:50] ENQUEUE t-20260611-175550-48d251 role=ops level=S timeout=30s hb=5s
[17:55:50] HEARTBEAT t-20260611-175550-48d251 status=started progress=None/None msg=
[17:55:50] HEARTBEAT t-20260611-175550-48d251 status=running progress=None/None msg=w
[17:55:50] DONE t-20260611-175550-48d251 result_keys=['artifacts']
[17:55:50] ENQUEUE t-20260611-175550-e0ff30 role=ops level=S timeout=30s hb=5s
[17:55:50] HEARTBEAT t-20260611-175550-e0ff30 status=started progress=None/None msg=
[17:55:50] HEARTBEAT t-20260611-175550-e0ff30 status=running progress=None/None msg=w
[17:55:50] DONE t-20260611-175550-e0ff30 result_keys=['artifacts']
[17:55:50] ENQUEUE t-20260611-175550-1ab72f role=ops level=S timeout=30s hb=5s
[17:55:50] HEARTBEAT t-20260611-175550-1ab72f status=started progress=None/None msg=
[17:55:50] HEARTBEAT t-20260611-175550-1ab72f status=running progress=None/None msg=w
[17:55:50] DONE t-20260611-175550-1ab72f result_keys=['artifacts']
[17:55:50] ENQUEUE t-20260611-175550-1dbded role=ops level=S timeout=30s hb=5s
[17:55:50] HEARTBEAT t-20260611-175550-1dbded status=started progress=None/None msg=
[17:55:50] HEARTBEAT t-20260611-175550-1dbded status=running progress=None/None msg=w
[17:55:50] DONE t-20260611-175550-1dbded result_keys=['artifacts']
[17:55:50] ENQUEUE t-20260611-175550-877147 role=ops level=S timeout=30s hb=5s
[17:55:50] HEARTBEAT t-20260611-175550-877147 status=started progress=None/None msg=
[17:55:50] HEARTBEAT t-20260611-175550-877147 status=running progress=None/None msg=w
[17:55:50] DONE t-20260611-175550-877147 result_keys=['artifacts']
[17:55:50] ENQUEUE t-20260611-175550-916150 role=ops level=S timeout=30s hb=5s
[17:55:50] HEARTBEAT t-20260611-175550-916150 status=started progress=None/None msg=
[17:55:50] HEARTBEAT t-20260611-175550-916150 status=running progress=None/None msg=w
[17:55:50] DONE t-20260611-175550-916150 result_keys=['artifacts']
[17:55:50] ENQUEUE t-20260611-175550-614b22 role=ops level=S timeout=30s hb=5s
[17:55:50] HEARTBEAT t-20260611-175550-614b22 status=started progress=None/None msg=
[17:55:50] HEARTBEAT t-20260611-175550-614b22 status=running progress=None/None msg=w
[17:55:50] DONE t-20260611-175550-614b22 result_keys=['artifacts']
[17:55:51] ENQUEUE t-20260611-175551-d9f906 role=ops level=S timeout=30s hb=5s
[17:55:51] HEARTBEAT t-20260611-175551-d9f906 status=started progress=None/None msg=
[17:55:51] HEARTBEAT t-20260611-175551-d9f906 status=running progress=None/None msg=w
[17:55:51] DONE t-20260611-175551-d9f906 result_keys=['artifacts']
[17:55:51] ENQUEUE t-20260611-175551-99a70f role=ops level=S timeout=30s hb=5s
[17:55:51] HEARTBEAT t-20260611-175551-99a70f status=started progress=None/None msg=
[17:55:51] HEARTBEAT t-20260611-175551-99a70f status=running progress=None/None msg=w
[17:55:51] DONE t-20260611-175551-99a70f result_keys=['artifacts']
[17:55:51] ENQUEUE t-20260611-175551-c3de28 role=ops level=S timeout=30s hb=5s
[17:55:51] HEARTBEAT t-20260611-175551-c3de28 status=started progress=None/None msg=
[17:55:51] HEARTBEAT t-20260611-175551-c3de28 status=running progress=None/None msg=w
[17:55:51] DONE t-20260611-175551-c3de28 result_keys=['artifacts']
[17:55:51] ENQUEUE t-20260611-175551-2f2701 role=ops level=S timeout=30s hb=5s
[17:55:51] HEARTBEAT t-20260611-175551-2f2701 status=started progress=None/None msg=
[17:55:51] HEARTBEAT t-20260611-175551-2f2701 status=running progress=None/None msg=w
[17:55:51] DONE t-20260611-175551-2f2701 result_keys=['artifacts']
[17:55:51] ENQUEUE t-20260611-175551-abcfd8 role=ops level=S timeout=30s hb=5s
[17:55:51] HEARTBEAT t-20260611-175551-abcfd8 status=started progress=None/None msg=
[17:55:51] HEARTBEAT t-20260611-175551-abcfd8 status=running progress=None/None msg=w
[17:55:51] DONE t-20260611-175551-abcfd8 result_keys=['artifacts']
[17:55:51] ENQUEUE t-20260611-175551-2c61c6 role=ops level=S timeout=30s hb=5s
[17:55:51] HEARTBEAT t-20260611-175551-2c61c6 status=started progress=None/None msg=
[17:55:51] HEARTBEAT t-20260611-175551-2c61c6 status=running progress=None/None msg=w
[17:55:51] DONE t-20260611-175551-2c61c6 result_keys=['artifacts']
[17:55:51] ENQUEUE t-20260611-175551-4b8b54 role=ops level=S timeout=30s hb=5s
[17:55:51] HEARTBEAT t-20260611-175551-4b8b54 status=started progress=None/None msg=
[17:55:51] HEARTBEAT t-20260611-175551-4b8b54 status=running progress=None/None msg=w
[17:55:51] DONE t-20260611-175551-4b8b54 result_keys=['artifacts']
[17:55:51] ENQUEUE t-20260611-175551-7cac39 role=ops level=S timeout=30s hb=5s
[17:55:51] HEARTBEAT t-20260611-175551-7cac39 status=started progress=None/None msg=
[17:55:51] HEARTBEAT t-20260611-175551-7cac39 status=running progress=None/None msg=w
[17:55:51] DONE t-20260611-175551-7cac39 result_keys=['artifacts']
[17:55:51] ENQUEUE t-20260611-175551-d5eb38 role=ops level=S timeout=30s hb=5s
[17:55:51] HEARTBEAT t-20260611-175551-d5eb38 status=started progress=None/None msg=
[17:55:51] HEARTBEAT t-20260611-175551-d5eb38 status=running progress=None/None msg=w
[17:55:51] DONE t-20260611-175551-d5eb38 result_keys=['artifacts']
[17:55:51] ENQUEUE t-20260611-175551-1bc478 role=ops level=S timeout=30s hb=5s
[17:55:51] HEARTBEAT t-20260611-175551-1bc478 status=started progress=None/None msg=
[17:55:51] HEARTBEAT t-20260611-175551-1bc478 status=running progress=None/None msg=w
[17:55:51] DONE t-20260611-175551-1bc478 result_keys=['artifacts']
[17:55:52] ENQUEUE t-20260611-175552-152472 role=ops level=S timeout=30s hb=5s
[17:55:52] HEARTBEAT t-20260611-175552-152472 status=started progress=None/None msg=
[17:55:52] HEARTBEAT t-20260611-175552-152472 status=running progress=None/None msg=w
[17:55:52] DONE t-20260611-175552-152472 result_keys=['artifacts']
[17:55:52] ENQUEUE t-20260611-175552-ccc57f role=ops level=S timeout=30s hb=5s
[17:55:52] HEARTBEAT t-20260611-175552-ccc57f status=started progress=None/None msg=
[17:55:52] HEARTBEAT t-20260611-175552-ccc57f status=running progress=None/None msg=w
[17:55:52] DONE t-20260611-175552-ccc57f result_keys=['artifacts']
[17:55:52] ENQUEUE t-20260611-175552-77d6e9 role=ops level=S timeout=30s hb=5s
[17:55:52] HEARTBEAT t-20260611-175552-77d6e9 status=started progress=None/None msg=
[17:55:52] HEARTBEAT t-20260611-175552-77d6e9 status=running progress=None/None msg=w
[17:55:52] DONE t-20260611-175552-77d6e9 result_keys=['artifacts']
[17:55:52] HEARTBEAT t-20260611-175550-a66a51 status=started progress=None/None msg=
[17:55:52] HEARTBEAT t-20260611-175550-a66a51 status=running progress=None/None msg=w
[17:55:52] DONE t-20260611-175550-a66a51 result_keys=['artifacts']
[17:55:52] ENQUEUE t-20260611-175552-a76131 role=ops level=S timeout=30s hb=5s
[17:55:52] HEARTBEAT t-20260611-175552-a76131 status=started progress=None/None msg=
[17:55:52] HEARTBEAT t-20260611-175552-a76131 status=running progress=None/None msg=w
[17:55:52] DONE t-20260611-175552-a76131 result_keys=['artifacts']
[17:55:52] ENQUEUE t-20260611-175552-8620d6 role=ops level=S timeout=30s hb=5s
[17:55:52] HEARTBEAT t-20260611-175552-8620d6 status=started progress=None/None msg=
[17:55:52] HEARTBEAT t-20260611-175552-8620d6 status=running progress=None/None msg=w
[17:55:52] DONE t-20260611-175552-8620d6 result_keys=['artifacts']
[17:55:52] ENQUEUE t-20260611-175552-b8ca22 role=ops level=S timeout=30s hb=5s
[17:55:52] HEARTBEAT t-20260611-175552-b8ca22 status=started progress=None/None msg=
[17:55:52] HEARTBEAT t-20260611-175552-b8ca22 status=running progress=None/None msg=w
[17:55:52] DONE t-20260611-175552-b8ca22 result_keys=['artifacts']
[17:55:52] ENQUEUE t-20260611-175552-7a2964 role=ops level=S timeout=30s hb=5s
[17:55:52] HEARTBEAT t-20260611-175552-7a2964 status=started progress=None/None msg=
[17:55:52] HEARTBEAT t-20260611-175552-7a2964 status=running progress=None/None msg=w
[17:55:52] DONE t-20260611-175552-7a2964 result_keys=['artifacts']
[17:55:52] ENQUEUE t-20260611-175552-408e57 role=ops level=S timeout=30s hb=5s
[17:55:52] HEARTBEAT t-20260611-175552-408e57 status=started progress=None/None msg=
[17:55:52] HEARTBEAT t-20260611-175552-408e57 status=running progress=None/None msg=w
[17:55:52] DONE t-20260611-175552-408e57 result_keys=['artifacts']
[17:55:52] ENQUEUE t-20260611-175552-04c9fe role=ops level=S timeout=30s hb=5s
[17:55:52] HEARTBEAT t-20260611-175552-04c9fe status=started progress=None/None msg=
[17:55:52] HEARTBEAT t-20260611-175552-04c9fe status=running progress=None/None msg=w
[17:55:52] DONE t-20260611-175552-04c9fe result_keys=['artifacts']
[17:55:52] ENQUEUE t-20260611-175552-79c7d2 role=ops level=S timeout=30s hb=5s
[17:55:52] HEARTBEAT t-20260611-175552-79c7d2 status=started progress=None/None msg=
[17:55:52] HEARTBEAT t-20260611-175552-79c7d2 status=running progress=None/None msg=w
[17:55:52] DONE t-20260611-175552-79c7d2 result_keys=['artifacts']
[17:55:52] ENQUEUE t-20260611-175552-e12456 role=ops level=S timeout=30s hb=5s
[17:55:52] HEARTBEAT t-20260611-175552-e12456 status=started progress=None/None msg=
[17:55:52] HEARTBEAT t-20260611-175552-e12456 status=running progress=None/None msg=w
[17:55:52] DONE t-20260611-175552-e12456 result_keys=['artifacts']
[17:55:53] ENQUEUE t-20260611-175553-0bf48b role=ops level=S timeout=30s hb=5s
[17:55:53] HEARTBEAT t-20260611-175553-0bf48b status=started progress=None/None msg=
[17:55:53] HEARTBEAT t-20260611-175553-0bf48b status=running progress=None/None msg=w
[17:55:53] DONE t-20260611-175553-0bf48b result_keys=['artifacts']
[17:55:53] ENQUEUE t-20260611-175553-045eef role=ops level=S timeout=30s hb=5s
[17:55:53] ENQUEUE t-20260611-175553-df7a88 role=ops level=S timeout=30s hb=5s
[17:55:53] HEARTBEAT t-20260611-175553-df7a88 status=started progress=None/None msg=
[17:55:53] HEARTBEAT t-20260611-175553-df7a88 status=running progress=None/None msg=w
[17:55:53] DONE t-20260611-175553-df7a88 result_keys=['artifacts']
[17:55:53] ENQUEUE t-20260611-175553-3ffbe6 role=ops level=S timeout=30s hb=5s
[17:55:53] HEARTBEAT t-20260611-175553-3ffbe6 status=started progress=None/None msg=
[17:55:53] HEARTBEAT t-20260611-175553-3ffbe6 status=running progress=None/None msg=w
[17:55:53] DONE t-20260611-175553-3ffbe6 result_keys=['artifacts']
[17:55:53] ENQUEUE t-20260611-175553-81d130 role=ops level=S timeout=30s hb=5s
[17:55:53] HEARTBEAT t-20260611-175553-81d130 status=started progress=None/None msg=
[17:55:53] HEARTBEAT t-20260611-175553-81d130 status=running progress=None/None msg=w
[17:55:53] DONE t-20260611-175553-81d130 result_keys=['artifacts']
[17:55:53] ENQUEUE t-20260611-175553-02c5d0 role=ops level=S timeout=30s hb=5s
[17:55:53] HEARTBEAT t-20260611-175553-02c5d0 status=started progress=None/None msg=
[17:55:53] HEARTBEAT t-20260611-175553-02c5d0 status=running progress=None/None msg=w
[17:55:53] DONE t-20260611-175553-02c5d0 result_keys=['artifacts']
[17:55:53] ENQUEUE t-20260611-175553-ff4281 role=ops level=S timeout=30s hb=5s
[17:55:53] HEARTBEAT t-20260611-175553-ff4281 status=started progress=None/None msg=
[17:55:53] HEARTBEAT t-20260611-175553-ff4281 status=running progress=None/None msg=w
[17:55:53] DONE t-20260611-175553-ff4281 result_keys=['artifacts']
[17:55:53] ENQUEUE t-20260611-175553-c2a1a2 role=ops level=S timeout=30s hb=5s
[17:55:53] HEARTBEAT t-20260611-175553-c2a1a2 status=started progress=None/None msg=
[17:55:53] HEARTBEAT t-20260611-175553-c2a1a2 status=running progress=None/None msg=w
[17:55:53] DONE t-20260611-175553-c2a1a2 result_keys=['artifacts']
[17:55:53] ENQUEUE t-20260611-175553-f64a6d role=ops level=S timeout=30s hb=5s
[17:55:53] HEARTBEAT t-20260611-175553-f64a6d status=started progress=None/None msg=
[17:55:53] HEARTBEAT t-20260611-175553-f64a6d status=running progress=None/None msg=w
[17:55:53] DONE t-20260611-175553-f64a6d result_keys=['artifacts']
[17:55:54] ENQUEUE t-20260611-175554-1cf835 role=ops level=S timeout=30s hb=5s
[17:55:54] HEARTBEAT t-20260611-175554-1cf835 status=started progress=None/None msg=
[17:55:54] HEARTBEAT t-20260611-175554-1cf835 status=running progress=None/None msg=w
[17:55:54] DONE t-20260611-175554-1cf835 result_keys=['artifacts']
[17:55:54] ENQUEUE t-20260611-175554-10ed9d role=ops level=S timeout=30s hb=5s
[17:55:54] HEARTBEAT t-20260611-175554-10ed9d status=started progress=None/None msg=
[17:55:54] HEARTBEAT t-20260611-175554-10ed9d status=running progress=None/None msg=w
[17:55:54] DONE t-20260611-175554-10ed9d result_keys=['artifacts']
[17:55:54] ENQUEUE t-20260611-175554-91e3a8 role=ops level=S timeout=30s hb=5s
[17:55:54] HEARTBEAT t-20260611-175554-91e3a8 status=started progress=None/None msg=
[17:55:54] HEARTBEAT t-20260611-175554-91e3a8 status=running progress=None/None msg=w
[17:55:54] DONE t-20260611-175554-91e3a8 result_keys=['artifacts']
[17:55:54] ENQUEUE t-20260611-175554-256df1 role=ops level=S timeout=30s hb=5s
[17:55:54] HEARTBEAT t-20260611-175554-256df1 status=started progress=None/None msg=
[17:55:54] HEARTBEAT t-20260611-175554-256df1 status=running progress=None/None msg=w
[17:55:54] DONE t-20260611-175554-256df1 result_keys=['artifacts']
[17:55:54] ENQUEUE t-20260611-175554-bd7a4a role=ops level=S timeout=30s hb=5s
[17:55:54] HEARTBEAT t-20260611-175554-bd7a4a status=started progress=None/None msg=
[17:55:54] HEARTBEAT t-20260611-175554-bd7a4a status=running progress=None/None msg=w
[17:55:54] DONE t-20260611-175554-bd7a4a result_keys=['artifacts']
[17:55:54] ENQUEUE t-20260611-175554-fff5dd role=ops level=S timeout=30s hb=5s
[17:55:54] HEARTBEAT t-20260611-175554-fff5dd status=started progress=None/None msg=
[17:55:54] HEARTBEAT t-20260611-175554-fff5dd status=running progress=None/None msg=w
[17:55:54] DONE t-20260611-175554-fff5dd result_keys=['artifacts']
[17:55:54] ENQUEUE t-20260611-175554-099853 role=ops level=S timeout=30s hb=5s
[17:55:54] HEARTBEAT t-20260611-175554-099853 status=started progress=None/None msg=
[17:55:54] HEARTBEAT t-20260611-175554-099853 status=running progress=None/None msg=w
[17:55:54] DONE t-20260611-175554-099853 result_keys=['artifacts']
[17:55:54] ENQUEUE t-20260611-175554-ab10f0 role=ops level=S timeout=30s hb=5s
[17:55:54] HEARTBEAT t-20260611-175554-ab10f0 status=started progress=None/None msg=
[17:55:54] HEARTBEAT t-20260611-175554-ab10f0 status=running progress=None/None msg=w
[17:55:54] DONE t-20260611-175554-ab10f0 result_keys=['artifacts']
[17:55:54] ENQUEUE t-20260611-175554-2e35fa role=ops level=S timeout=30s hb=5s
[17:55:54] HEARTBEAT t-20260611-175554-2e35fa status=started progress=None/None msg=
[17:55:54] HEARTBEAT t-20260611-175554-2e35fa status=running progress=None/None msg=w
[17:55:54] DONE t-20260611-175554-2e35fa result_keys=['artifacts']
[17:55:54] ENQUEUE t-20260611-175554-d7ac47 role=ops level=S timeout=30s hb=5s
[17:55:54] HEARTBEAT t-20260611-175554-d7ac47 status=started progress=None/None msg=
[17:55:54] HEARTBEAT t-20260611-175554-d7ac47 status=running progress=None/None msg=w
[17:55:54] DONE t-20260611-175554-d7ac47 result_keys=['artifacts']
[17:55:55] HEARTBEAT t-20260611-175553-045eef status=started progress=None/None msg=
[17:55:55] HEARTBEAT t-20260611-175549-df9c04 status=running progress=None/None msg=w
[17:55:55] DONE t-20260611-175549-df9c04 result_keys=['artifacts']
[17:55:55] ENQUEUE t-20260611-175555-e96b4b role=ops level=S timeout=30s hb=5s
[17:55:55] HEARTBEAT t-20260611-175555-e96b4b status=started progress=None/None msg=
[17:55:55] HEARTBEAT t-20260611-175555-e96b4b status=running progress=None/None msg=w
[17:55:55] DONE t-20260611-175555-e96b4b result_keys=['artifacts']
[17:55:55] ENQUEUE t-20260611-175555-2de8e2 role=ops level=S timeout=30s hb=5s
[17:55:55] HEARTBEAT t-20260611-175555-2de8e2 status=started progress=None/None msg=
[17:55:55] HEARTBEAT t-20260611-175555-2de8e2 status=running progress=None/None msg=w
[17:55:55] DONE t-20260611-175555-2de8e2 result_keys=['artifacts']
[17:55:55] ENQUEUE t-20260611-175555-ea956e role=ops level=S timeout=30s hb=5s
[17:55:55] HEARTBEAT t-20260611-175555-ea956e status=started progress=None/None msg=
[17:55:55] HEARTBEAT t-20260611-175555-ea956e status=running progress=None/None msg=w
[17:55:55] DONE t-20260611-175555-ea956e result_keys=['artifacts']
[17:55:55] ENQUEUE t-20260611-175555-97f1e8 role=ops level=S timeout=30s hb=5s
[17:55:55] HEARTBEAT t-20260611-175555-97f1e8 status=started progress=None/None msg=
[17:55:55] HEARTBEAT t-20260611-175555-97f1e8 status=running progress=None/None msg=w
[17:55:55] DONE t-20260611-175555-97f1e8 result_keys=['artifacts']
[17:55:55] ENQUEUE t-20260611-175555-b8e770 role=ops level=S timeout=30s hb=5s
[17:55:55] HEARTBEAT t-20260611-175555-b8e770 status=started progress=None/None msg=
[17:55:55] HEARTBEAT t-20260611-175555-b8e770 status=running progress=None/None msg=w
[17:55:55] DONE t-20260611-175555-b8e770 result_keys=['artifacts']
[17:55:55] ENQUEUE t-20260611-175555-f67aa5 role=ops level=S timeout=30s hb=5s
[17:55:55] HEARTBEAT t-20260611-175555-f67aa5 status=started progress=None/None msg=
[17:55:55] HEARTBEAT t-20260611-175555-f67aa5 status=running progress=None/None msg=w
[17:55:55] DONE t-20260611-175555-f67aa5 result_keys=['artifacts']
[17:55:55] ENQUEUE t-20260611-175555-cd6827 role=ops level=S timeout=30s hb=5s
[17:55:55] HEARTBEAT t-20260611-175555-cd6827 status=started progress=None/None msg=
[17:55:55] HEARTBEAT t-20260611-175555-cd6827 status=running progress=None/None msg=w
[17:55:55] DONE t-20260611-175555-cd6827 result_keys=['artifacts']
[17:55:56] HEARTBEAT t-20260611-175553-045eef status=running progress=None/None msg=w
[17:55:56] DONE t-20260611-175553-045eef result_keys=['artifacts']
[17:55:56] ENQUEUE t-20260611-175556-f38d86 role=ops level=S timeout=30s hb=5s
[17:55:56] HEARTBEAT t-20260611-175556-f38d86 status=started progress=None/None msg=
[17:55:56] HEARTBEAT t-20260611-175556-f38d86 status=running progress=None/None msg=w
[17:55:56] DONE t-20260611-175556-f38d86 result_keys=['artifacts']
[17:55:56] ENQUEUE t-20260611-175556-e31b72 role=ops level=S timeout=30s hb=5s
[17:55:56] HEARTBEAT t-20260611-175556-e31b72 status=started progress=None/None msg=
[17:55:56] HEARTBEAT t-20260611-175556-e31b72 status=running progress=None/None msg=w
[17:55:56] DONE t-20260611-175556-e31b72 result_keys=['artifacts']
[17:55:56] ENQUEUE t-20260611-175556-83a671 role=ops level=S timeout=30s hb=5s
[17:55:56] HEARTBEAT t-20260611-175556-83a671 status=started progress=None/None msg=
[17:55:56] HEARTBEAT t-20260611-175556-83a671 status=running progress=None/None msg=w
[17:55:56] DONE t-20260611-175556-83a671 result_keys=['artifacts']
[17:55:56] ENQUEUE t-20260611-175556-fd7ff1 role=ops level=S timeout=30s hb=5s
[17:55:56] HEARTBEAT t-20260611-175556-fd7ff1 status=started progress=None/None msg=
[17:55:56] HEARTBEAT t-20260611-175556-fd7ff1 status=running progress=None/None msg=w
[17:55:56] DONE t-20260611-175556-fd7ff1 result_keys=['artifacts']
[17:55:56] ENQUEUE t-20260611-175556-531d79 role=ops level=S timeout=30s hb=5s
[17:55:56] HEARTBEAT t-20260611-175556-531d79 status=started progress=None/None msg=
[17:55:56] HEARTBEAT t-20260611-175556-531d79 status=running progress=None/None msg=w
[17:55:56] DONE t-20260611-175556-531d79 result_keys=['artifacts']
[17:55:56] ENQUEUE t-20260611-175556-69e636 role=ops level=S timeout=30s hb=5s
[17:55:56] HEARTBEAT t-20260611-175556-69e636 status=started progress=None/None msg=
[17:55:56] HEARTBEAT t-20260611-175556-69e636 status=running progress=None/None msg=w
[17:55:56] DONE t-20260611-175556-69e636 result_keys=['artifacts']
[17:56:51] ENQUEUE t-20260611-175651-803a44 role=ops level=S timeout=30s hb=30s
[17:56:51] ENQUEUE t-20260611-175651-a96467 role=ops level=S timeout=30s hb=30s
[17:57:40] TIMEOUT_BATCH 1 tasks
[18:05:52] ENQUEUE t-20260611-180552-da66bc role=ops level=S timeout=120s hb=30s
[18:05:52] HEARTBEAT t-20260611-180552-da66bc status=started progress=None/None msg=子 agent 已起
[18:05:52] HEARTBEAT t-20260611-180552-da66bc status=running progress=1/3 msg=扫描第 1 批
[18:05:52] HEARTBEAT t-20260611-180552-da66bc status=running progress=2/3 msg=扫描第 2 批
[18:05:52] HEARTBEAT t-20260611-180552-da66bc status=running progress=3/3 msg=扫描第 3 批
[18:05:52] DONE t-20260611-180552-da66bc result_keys=['summary', 'artifacts']
[18:05:52] ENQUEUE t-20260611-180552-3ea92b role=tester level=M timeout=600s hb=60s
[18:05:52] DONE t-20260611-180552-3ea92b result_keys=['artifacts']
[18:05:52] ENQUEUE t-20260611-180552-829f3f role=stresstest level=M timeout=2s hb=1s
[18:05:52] ENQUEUE t-20260611-180552-bf4709 role=stresstest level=M timeout=2s hb=1s
[18:05:52] ENQUEUE t-20260611-180552-a61292 role=stresstest level=M timeout=2s hb=1s
[18:05:52] ENQUEUE t-20260611-180552-2eb6ac role=stresstest level=M timeout=2s hb=1s
[18:05:52] ENQUEUE t-20260611-180552-5a192c role=stresstest level=M timeout=2s hb=1s
[18:05:56] TIMEOUT_BATCH 5 tasks
[18:05:56] ENQUEUE t-20260611-180556-95f42b role=ops level=S timeout=120s hb=30s
[18:05:56] FAILED t-20260611-180556-95f42b reason=dispatch_no_hermes_cli error=hermes CLI not in PATH; cannot dispatch
[18:05:56] ENQUEUE t-20260611-180556-ccc535 role=general level=M timeout=600s hb=60s
[18:05:56] DONE t-20260611-180556-ccc535 result_keys=['artifacts']
[18:05:56] ENQUEUE t-20260611-180556-0c7566 role=ops level=S timeout=120s hb=30s
[18:05:56] ENQUEUE t-20260611-180556-b6e3b4 role=tester level=M timeout=600s hb=60s
[18:05:56] ENQUEUE t-20260611-180556-427c1e role=general level=M timeout=600s hb=60s
[18:05:56] ENQUEUE t-20260611-180556-9cd3c7 role=researcher level=L timeout=1800s hb=120s
[18:05:56] ENQUEUE t-20260611-180556-ea155b role=coder level=L timeout=3600s hb=120s
[18:05:56] ENQUEUE t-20260611-180556-6fb856 role=ops level=S timeout=10s hb=2s
[18:05:56] ENQUEUE t-20260611-180556-5492ca role=watchdogtest level=M timeout=3s hb=1s
[18:06:00] TIMEOUT_BATCH 1 tasks
[18:06:00] ENQUEUE t-20260611-180600-18a42a role=ops level=S timeout=30s hb=5s
[18:06:00] NUDGE_WRITE t-20260611-180600-18a42a kind=nudge gap=10s
[18:06:00] NUDGE_CONSUME t-20260611-180600-18a42a kind=nudge
[18:06:00] NUDGE_WRITE t-20260611-180600-18a42a kind=ping gap=20s
[18:06:00] NUDGE_CONSUME t-20260611-180600-18a42a kind=ping
[18:06:00] ENQUEUE t-20260611-180600-3e4b99 role=ops level=S timeout=30s hb=2s
[18:06:00] HEARTBEAT t-20260611-180600-3e4b99 status=running progress=None/None msg=刚跑
[18:06:00] ENQUEUE t-20260611-180600-4f9172 role=ops level=S timeout=30s hb=2s
[18:06:00] HEARTBEAT t-20260611-180600-4f9172 status=running progress=None/None msg=
[18:06:01] ENQUEUE t-20260611-180601-1ecdbc role=ops level=S timeout=30s hb=2s
[18:06:01] HEARTBEAT t-20260611-180601-1ecdbc status=running progress=None/None msg=
[18:06:01] ENQUEUE t-20260611-180601-928468 role=ops level=S timeout=30s hb=2s
[18:06:01] HEARTBEAT t-20260611-180601-928468 status=running progress=None/None msg=
[18:06:01] ENQUEUE t-20260611-180601-ec36ca role=ops level=S timeout=5s hb=2s
[18:06:01] HEARTBEAT t-20260611-180601-ec36ca status=running progress=None/None msg=
[18:06:01] NUDGE_WRITE t-20260611-180600-4f9172 kind=ping gap=4s
[18:06:01] NUDGE_WRITE t-20260611-180601-1ecdbc kind=ping gap=5s
[18:06:01] NUDGE_WRITE t-20260611-180601-928468 kind=escalate gap=7s
[18:06:01] TIMEOUT_BATCH 1 tasks
[18:06:01] ENQUEUE t-20260611-180601-16deff role=ops level=S timeout=30s hb=2s
[18:06:01] NUDGE_WRITE t-20260611-180601-16deff kind=nudge gap=3s
[18:06:01] NUDGE_CONSUME t-20260611-180601-16deff kind=nudge
[18:06:01] HEARTBEAT t-20260611-180601-16deff status=running progress=None/None msg=RESPONDING_TO_NUDGE: 正在跑第 2 步
[18:06:01] ENQUEUE t-20260611-180601-0e2398 role=ops level=S timeout=30s hb=2s
[18:06:01] HEARTBEAT t-20260611-180601-0e2398 status=running progress=None/None msg=
[18:06:01] NUDGE_WRITE t-20260611-180601-0e2398 kind=nudge gap=2s
[18:06:01] NUDGE_WRITE t-20260611-180601-0e2398 kind=ping gap=4s
[18:06:01] NUDGE_WRITE t-20260611-180601-0e2398 kind=escalate gap=7s
[18:06:01] NUDGE_CONSUME t-20260611-180601-0e2398 kind=escalate
[18:06:01] ENQUEUE t-20260611-180601-9779a0 role=ops level=S timeout=30s hb=5s
[18:06:01] HEARTBEAT t-20260611-180601-9779a0 status=running progress=None/None msg=
[18:06:01] ENQUEUE t-20260611-180601-20d9e6 role=ops level=S timeout=30s hb=2s
[18:06:01] NUDGE_WRITE t-20260611-180601-20d9e6 kind=nudge gap=0s
[18:06:01] NUDGE_CONSUME t-20260611-180601-20d9e6 kind=nudge
[18:06:01] ENQUEUE t-20260611-180601-2716ec role=ops level=S timeout=30s hb=2s
[18:06:01] HEARTBEAT t-20260611-180601-2716ec status=running progress=None/None msg=
[18:06:01] ENQUEUE t-20260611-180601-8c2429 role=ops level=S timeout=30s hb=2s
[18:06:01] HEARTBEAT t-20260611-180601-8c2429 status=running progress=None/None msg=
[18:06:01] ENQUEUE t-20260611-180601-e91178 role=ops level=S timeout=30s hb=2s
[18:06:01] HEARTBEAT t-20260611-180601-e91178 status=running progress=None/None msg=
[18:06:01] ENQUEUE t-20260611-180601-a7ca64 role=ops level=S timeout=120s hb=30s
[18:06:01] ENQUEUE t-20260611-180601-41598c role=tester level=M timeout=600s hb=60s
[18:06:01] ENQUEUE t-20260611-180601-08814e role=general level=M timeout=600s hb=60s
[18:06:01] ENQUEUE t-20260611-180601-eafe7d role=researcher level=L timeout=1800s hb=120s
[18:06:01] ENQUEUE t-20260611-180601-629577 role=coder level=L timeout=3600s hb=120s
[18:06:01] ENQUEUE t-20260611-180601-30bc95 role=coder level=S timeout=3600s hb=120s
[18:06:01] ENQUEUE t-20260611-180601-de03e6 role=ops level=CRITICAL timeout=120s hb=30s
[18:06:01] ENQUEUE t-20260611-180601-4fd1f4 role=ops level=S timeout=120s hb=30s
[18:06:01] ENQUEUE t-20260611-180601-ea70ac role=general level=M timeout=600s hb=60s
[18:06:01] ENQUEUE t-20260611-180601-d1e3b7 role=researcher level=L timeout=1800s hb=120s
[18:06:01] ENQUEUE t-20260611-180601-9c3949 role=general level=CRITICAL timeout=600s hb=60s
[18:06:01] ENQUEUE t-20260611-180601-7dce23 role=ops level=S timeout=60s hb=30s
[18:06:01] ENQUEUE t-20260611-180601-a71d8b role=ops level=S timeout=300s hb=30s
[18:06:01] ENQUEUE t-20260611-180601-f76831 role=ops level=S timeout=999s hb=30s
[18:06:01] ENQUEUE t-20260611-180601-60578d role=ops level=S timeout=10s hb=2s
[18:06:01] HEARTBEAT t-20260611-180601-60578d status=running progress=None/None msg=
[18:06:01] TIMEOUT_BATCH 1 tasks
[18:06:01] ENQUEUE t-20260611-180601-ee33bf role=ops level=S timeout=10s hb=2s
[18:06:01] HEARTBEAT t-20260611-180601-ee33bf status=running progress=None/None msg=
[18:06:01] TIMEOUT_BATCH 1 tasks
[18:06:01] ENQUEUE t-20260611-180601-f7183c role=ops level=S timeout=10s hb=2s
[18:06:01] HEARTBEAT t-20260611-180601-f7183c status=running progress=None/None msg=
[18:06:01] TIMEOUT_BATCH 1 tasks
[18:06:01] ENQUEUE t-20260611-180601-a5aea3 role=ops level=S timeout=10s hb=2s
[18:06:02] HEARTBEAT t-20260611-180601-a5aea3 status=running progress=None/None msg=
[18:06:02] TIMEOUT_BATCH 1 tasks
[18:06:02] ENQUEUE t-20260611-180602-b479de role=ops level=S timeout=120s hb=30s
[18:06:02] ENQUEUE t-20260611-180602-1e68c4 role=general level=M timeout=600s hb=60s
[18:06:02] ENQUEUE t-20260611-180602-209504 role=researcher level=L timeout=1800s hb=120s
[18:06:02] DONE t-20260611-180602-1e68c4 result_keys=['artifacts']
[18:06:02] DONE t-20260611-180602-209504 result_keys=['artifacts']
[18:06:02] DONE t-20260611-180602-b479de result_keys=['artifacts']
[18:06:02] ENQUEUE t-20260611-180602-ddf8ea role=ops level=S timeout=120s hb=30s
[18:06:02] HEARTBEAT t-20260611-180602-ddf8ea status=running progress=None/None msg=
[18:06:02] DONE t-20260611-180602-ddf8ea result_keys=['summary', 'artifacts']
[18:06:02] ENQUEUE t-20260611-180602-b943c5 role=ops level=S timeout=120s hb=30s
[18:06:02] HEARTBEAT t-20260611-180602-b943c5 status=running progress=None/None msg=
[18:06:02] DONE t-20260611-180602-b943c5 result_keys=['summary']
[18:06:02] ENQUEUE t-20260611-180602-38593a role=ops level=S timeout=120s hb=30s
[18:06:02] HEARTBEAT t-20260611-180602-38593a status=running progress=None/None msg=
[18:06:02] DONE t-20260611-180602-38593a result_keys=['artifacts']
[18:06:02] ENQUEUE t-20260611-180602-3a774d role=general level=M timeout=600s hb=60s
[18:06:02] HEARTBEAT t-20260611-180602-3a774d status=running progress=None/None msg=
[18:06:02] DONE t-20260611-180602-3a774d result_keys=['artifacts']
[18:06:02] ENQUEUE t-20260611-180602-a0a165 role=ops level=S timeout=120s hb=30s
[18:06:02] HEARTBEAT t-20260611-180602-a0a165 status=running progress=None/None msg=
[18:06:02] FAILED t-20260611-180602-a0a165 reason=test error=测试失败原因
[18:06:02] ENQUEUE t-20260611-180602-8bdb11 role=ops level=S timeout=120s hb=30s
[18:06:02] HEARTBEAT t-20260611-180602-8bdb11 status=running progress=None/None msg=
[18:06:02] TIMEOUT t-20260611-180602-8bdb11
[18:06:02] ENQUEUE t-20260611-180602-7044ea role=ops level=S timeout=120s hb=30s
[18:06:02] HEARTBEAT t-20260611-180602-7044ea status=running progress=None/None msg=
[18:06:02] DONE t-20260611-180602-7044ea result_keys=['artifacts']
[18:06:02] ENQUEUE t-20260611-180602-409398 role=ops level=S timeout=120s hb=30s
[18:06:02] HEARTBEAT t-20260611-180602-409398 status=running progress=None/None msg=
[18:06:02] DONE t-20260611-180602-409398 result_keys=['artifacts']
[18:06:02] ENQUEUE t-20260611-180602-d6ddfd role=ops level=S timeout=120s hb=30s
[18:06:02] HEARTBEAT t-20260611-180602-d6ddfd status=running progress=None/None msg=
[18:06:02] DONE t-20260611-180602-d6ddfd result_keys=['artifacts']
[18:06:17] ENQUEUE t-20260611-180617-a65dd0 role=ops level=S timeout=120s hb=30s
[18:06:31] ENQUEUE t-20260611-180631-0dae56 role=ops level=S timeout=30s hb=5s
[18:06:31] NUDGE_WRITE t-20260611-180631-0dae56 kind=nudge gap=10s
[18:06:31] NUDGE_CONSUME t-20260611-180631-0dae56 kind=nudge
[18:06:31] NUDGE_WRITE t-20260611-180631-0dae56 kind=ping gap=20s
[18:06:31] NUDGE_CONSUME t-20260611-180631-0dae56 kind=ping
[18:06:31] ENQUEUE t-20260611-180631-424160 role=ops level=S timeout=30s hb=2s
[18:06:31] HEARTBEAT t-20260611-180631-424160 status=running progress=None/None msg=刚跑
[18:06:31] ENQUEUE t-20260611-180631-624ecf role=ops level=S timeout=30s hb=2s
[18:06:31] HEARTBEAT t-20260611-180631-624ecf status=running progress=None/None msg=
[18:06:31] ENQUEUE t-20260611-180631-b8f936 role=ops level=S timeout=30s hb=2s
[18:06:31] HEARTBEAT t-20260611-180631-b8f936 status=running progress=None/None msg=
[18:06:31] ENQUEUE t-20260611-180631-2ea9e0 role=ops level=S timeout=30s hb=2s
[18:06:31] HEARTBEAT t-20260611-180631-2ea9e0 status=running progress=None/None msg=
[18:06:31] ENQUEUE t-20260611-180631-71bea6 role=ops level=S timeout=5s hb=2s
[18:06:31] HEARTBEAT t-20260611-180631-71bea6 status=running progress=None/None msg=
[18:06:31] NUDGE_WRITE t-20260611-180631-624ecf kind=nudge gap=3s
[18:06:31] NUDGE_WRITE t-20260611-180631-b8f936 kind=ping gap=5s
[18:06:31] NUDGE_WRITE t-20260611-180631-2ea9e0 kind=escalate gap=7s
[18:06:31] TIMEOUT_BATCH 1 tasks
[18:06:31] ENQUEUE t-20260611-180631-967664 role=ops level=S timeout=30s hb=2s
[18:06:31] NUDGE_WRITE t-20260611-180631-967664 kind=nudge gap=3s
[18:06:31] NUDGE_CONSUME t-20260611-180631-967664 kind=nudge
[18:06:31] HEARTBEAT t-20260611-180631-967664 status=running progress=None/None msg=RESPONDING_TO_NUDGE: 正在跑第 2 步
[18:06:31] ENQUEUE t-20260611-180631-6b24cb role=ops level=S timeout=30s hb=2s
[18:06:31] HEARTBEAT t-20260611-180631-6b24cb status=running progress=None/None msg=
[18:06:31] NUDGE_WRITE t-20260611-180631-6b24cb kind=nudge gap=2s
[18:06:31] NUDGE_WRITE t-20260611-180631-6b24cb kind=ping gap=4s
[18:06:31] NUDGE_WRITE t-20260611-180631-6b24cb kind=escalate gap=7s
[18:06:31] NUDGE_CONSUME t-20260611-180631-6b24cb kind=escalate
[18:06:31] ENQUEUE t-20260611-180631-a587fd role=ops level=S timeout=30s hb=5s
[18:06:31] HEARTBEAT t-20260611-180631-a587fd status=running progress=None/None msg=
[18:06:31] ENQUEUE t-20260611-180631-cfbb73 role=ops level=S timeout=30s hb=2s
[18:06:31] NUDGE_WRITE t-20260611-180631-cfbb73 kind=nudge gap=0s
[18:06:31] NUDGE_CONSUME t-20260611-180631-cfbb73 kind=nudge
[18:06:31] ENQUEUE t-20260611-180631-52db23 role=ops level=S timeout=30s hb=2s
[18:06:31] HEARTBEAT t-20260611-180631-52db23 status=running progress=None/None msg=
[18:06:31] ENQUEUE t-20260611-180631-c9b07b role=ops level=S timeout=30s hb=2s
[18:06:31] HEARTBEAT t-20260611-180631-c9b07b status=running progress=None/None msg=
[18:06:31] ENQUEUE t-20260611-180631-65a3ee role=ops level=S timeout=30s hb=2s
[18:06:31] HEARTBEAT t-20260611-180631-65a3ee status=running progress=None/None msg=
[18:13:08] ENQUEUE t-20260611-181308-06da72 role=ops level=S timeout=10s hb=2s
[18:13:08] HEARTBEAT t-20260611-181308-06da72 status=running progress=None/None msg=
[18:13:08] DONE t-20260611-181308-06da72 result_keys=['artifacts']
[18:13:08] ENQUEUE t-20260611-181308-c6184a role=ops level=S timeout=10s hb=2s
[18:13:08] HEARTBEAT t-20260611-181308-c6184a status=running progress=None/None msg=
[18:13:08] DONE t-20260611-181308-c6184a result_keys=['artifacts']
[18:13:08] ENQUEUE t-20260611-181308-03d0ff role=ops level=S timeout=10s hb=2s
[18:13:08] HEARTBEAT t-20260611-181308-03d0ff status=running progress=None/None msg=
[18:13:08] DONE t-20260611-181308-03d0ff result_keys=['artifacts']
[18:13:08] ENQUEUE t-20260611-181308-4dbd02 role=ops level=S timeout=10s hb=2s
[18:13:08] HEARTBEAT t-20260611-181308-4dbd02 status=running progress=None/None msg=
[18:13:08] DONE t-20260611-181308-4dbd02 result_keys=['artifacts']
[18:13:08] ENQUEUE t-20260611-181308-3b6748 role=ops level=S timeout=10s hb=2s
[18:13:08] HEARTBEAT t-20260611-181308-3b6748 status=running progress=None/None msg=
[18:13:08] DONE t-20260611-181308-3b6748 result_keys=['artifacts']
[18:15:55] ENQUEUE t-20260611-181555-a16a11 role=ops level=S timeout=30s hb=5s
[18:15:55] NUDGE_WRITE t-20260611-181555-a16a11 kind=nudge gap=10s
[18:15:55] NUDGE_CONSUME t-20260611-181555-a16a11 kind=nudge
[18:15:55] NUDGE_WRITE t-20260611-181555-a16a11 kind=ping gap=20s
[18:15:55] NUDGE_CONSUME t-20260611-181555-a16a11 kind=ping
[18:15:55] ENQUEUE t-20260611-181555-83f71d role=ops level=S timeout=30s hb=2s
[18:15:55] HEARTBEAT t-20260611-181555-83f71d status=running progress=None/None msg=刚跑
[18:15:55] ENQUEUE t-20260611-181555-6001d0 role=ops level=S timeout=30s hb=2s
[18:15:55] HEARTBEAT t-20260611-181555-6001d0 status=running progress=None/None msg=
[18:15:55] ENQUEUE t-20260611-181555-ca869a role=ops level=S timeout=30s hb=2s
[18:15:55] HEARTBEAT t-20260611-181555-ca869a status=running progress=None/None msg=
[18:15:55] ENQUEUE t-20260611-181555-042dc4 role=ops level=S timeout=30s hb=2s
[18:15:55] HEARTBEAT t-20260611-181555-042dc4 status=running progress=None/None msg=
[18:15:55] ENQUEUE t-20260611-181555-0f6da8 role=ops level=S timeout=5s hb=2s
[18:15:55] HEARTBEAT t-20260611-181555-0f6da8 status=running progress=None/None msg=
[18:15:55] NUDGE_WRITE t-20260611-181555-6001d0 kind=nudge gap=3s
[18:15:55] NUDGE_WRITE t-20260611-181555-ca869a kind=ping gap=5s
[18:15:55] NUDGE_WRITE t-20260611-181555-042dc4 kind=escalate gap=7s
[18:15:55] TIMEOUT_BATCH 1 tasks
[18:15:55] ENQUEUE t-20260611-181555-6e89d3 role=ops level=S timeout=30s hb=2s
[18:15:55] NUDGE_WRITE t-20260611-181555-6e89d3 kind=nudge gap=3s
[18:15:55] NUDGE_CONSUME t-20260611-181555-6e89d3 kind=nudge
[18:15:55] HEARTBEAT t-20260611-181555-6e89d3 status=running progress=None/None msg=RESPONDING_TO_NUDGE: 正在跑第 2 步
[18:15:55] ENQUEUE t-20260611-181555-a9cc81 role=ops level=S timeout=30s hb=2s
[18:15:55] HEARTBEAT t-20260611-181555-a9cc81 status=running progress=None/None msg=
[18:15:55] NUDGE_WRITE t-20260611-181555-a9cc81 kind=nudge gap=2s
[18:15:55] NUDGE_WRITE t-20260611-181555-a9cc81 kind=ping gap=4s
[18:15:55] NUDGE_WRITE t-20260611-181555-a9cc81 kind=escalate gap=7s
[18:15:55] NUDGE_CONSUME t-20260611-181555-a9cc81 kind=escalate
[18:15:55] ENQUEUE t-20260611-181555-29ced3 role=ops level=S timeout=30s hb=5s
[18:15:55] HEARTBEAT t-20260611-181555-29ced3 status=running progress=None/None msg=
[18:15:55] ENQUEUE t-20260611-181555-551e4f role=ops level=S timeout=30s hb=2s
[18:15:55] NUDGE_WRITE t-20260611-181555-551e4f kind=nudge gap=0s
[18:15:55] NUDGE_CONSUME t-20260611-181555-551e4f kind=nudge
[18:15:55] ENQUEUE t-20260611-181555-13bc47 role=ops level=S timeout=30s hb=2s
[18:15:55] HEARTBEAT t-20260611-181555-13bc47 status=running progress=None/None msg=
[18:15:55] ENQUEUE t-20260611-181555-783198 role=ops level=S timeout=30s hb=2s
[18:15:55] HEARTBEAT t-20260611-181555-783198 status=running progress=None/None msg=
[18:15:55] ENQUEUE t-20260611-181555-088e95 role=ops level=S timeout=30s hb=2s
[18:15:55] HEARTBEAT t-20260611-181555-088e95 status=running progress=None/None msg=
[18:15:55] ENQUEUE t-20260611-181555-b43f9d role=ops level=S timeout=30s hb=5s
[18:15:55] NUDGE_WRITE t-20260611-181555-b43f9d kind=nudge gap=10s
[18:15:55] NUDGE_CONSUME t-20260611-181555-b43f9d kind=nudge
[18:15:55] NUDGE_WRITE t-20260611-181555-b43f9d kind=ping gap=20s
[18:15:55] NUDGE_CONSUME t-20260611-181555-b43f9d kind=ping
[18:15:55] ENQUEUE t-20260611-181555-48914a role=ops level=S timeout=30s hb=2s
[18:15:55] HEARTBEAT t-20260611-181555-48914a status=running progress=None/None msg=刚跑
[18:15:55] ENQUEUE t-20260611-181555-ed01a9 role=ops level=S timeout=30s hb=2s
[18:15:55] HEARTBEAT t-20260611-181555-ed01a9 status=running progress=None/None msg=
[18:15:55] ENQUEUE t-20260611-181555-90385d role=ops level=S timeout=30s hb=2s
[18:15:55] HEARTBEAT t-20260611-181555-90385d status=running progress=None/None msg=
[18:15:55] ENQUEUE t-20260611-181555-7871e0 role=ops level=S timeout=30s hb=2s
[18:15:55] HEARTBEAT t-20260611-181555-7871e0 status=running progress=None/None msg=
[18:15:55] ENQUEUE t-20260611-181555-bd8882 role=ops level=S timeout=5s hb=2s
[18:15:55] HEARTBEAT t-20260611-181555-bd8882 status=running progress=None/None msg=
[18:15:55] NUDGE_WRITE t-20260611-181555-ed01a9 kind=nudge gap=3s
[18:15:55] NUDGE_WRITE t-20260611-181555-90385d kind=ping gap=5s
[18:15:55] NUDGE_WRITE t-20260611-181555-7871e0 kind=escalate gap=7s
[18:15:55] TIMEOUT_BATCH 1 tasks
[18:15:56] ENQUEUE t-20260611-181556-5a850f role=ops level=S timeout=30s hb=2s
[18:15:56] NUDGE_WRITE t-20260611-181556-5a850f kind=nudge gap=3s
[18:15:56] NUDGE_CONSUME t-20260611-181556-5a850f kind=nudge
[18:15:56] HEARTBEAT t-20260611-181556-5a850f status=running progress=None/None msg=RESPONDING_TO_NUDGE: 正在跑第 2 步
[18:15:56] ENQUEUE t-20260611-181556-c98d9b role=ops level=S timeout=30s hb=2s
[18:15:56] HEARTBEAT t-20260611-181556-c98d9b status=running progress=None/None msg=
[18:15:56] NUDGE_WRITE t-20260611-181556-c98d9b kind=nudge gap=2s
[18:15:56] NUDGE_WRITE t-20260611-181556-c98d9b kind=ping gap=4s
[18:15:56] NUDGE_WRITE t-20260611-181556-c98d9b kind=escalate gap=7s
[18:15:56] NUDGE_CONSUME t-20260611-181556-c98d9b kind=escalate
[18:15:56] ENQUEUE t-20260611-181556-9e3037 role=ops level=S timeout=30s hb=5s
[18:15:56] HEARTBEAT t-20260611-181556-9e3037 status=running progress=None/None msg=
[18:15:56] ENQUEUE t-20260611-181556-c232a0 role=ops level=S timeout=30s hb=2s
[18:15:56] NUDGE_WRITE t-20260611-181556-c232a0 kind=nudge gap=0s
[18:15:56] NUDGE_CONSUME t-20260611-181556-c232a0 kind=nudge
[18:15:56] ENQUEUE t-20260611-181556-1c9ebd role=ops level=S timeout=30s hb=2s
[18:15:56] HEARTBEAT t-20260611-181556-1c9ebd status=running progress=None/None msg=
[18:15:56] ENQUEUE t-20260611-181556-4fa9c2 role=ops level=S timeout=30s hb=2s
[18:15:56] HEARTBEAT t-20260611-181556-4fa9c2 status=running progress=None/None msg=
[18:15:56] ENQUEUE t-20260611-181556-2f27da role=ops level=S timeout=30s hb=2s
[18:15:56] HEARTBEAT t-20260611-181556-2f27da status=running progress=None/None msg=
[18:15:56] ENQUEUE t-20260611-181556-b24ecb role=ops level=S timeout=30s hb=5s
[18:15:56] NUDGE_WRITE t-20260611-181556-b24ecb kind=nudge gap=10s
[18:15:56] NUDGE_CONSUME t-20260611-181556-b24ecb kind=nudge
[18:15:56] NUDGE_WRITE t-20260611-181556-b24ecb kind=ping gap=20s
[18:15:56] NUDGE_CONSUME t-20260611-181556-b24ecb kind=ping
[18:15:56] ENQUEUE t-20260611-181556-f0ca34 role=ops level=S timeout=30s hb=2s
[18:15:56] HEARTBEAT t-20260611-181556-f0ca34 status=running progress=None/None msg=刚跑
[18:15:56] ENQUEUE t-20260611-181556-ef9dae role=ops level=S timeout=30s hb=2s
[18:15:56] HEARTBEAT t-20260611-181556-ef9dae status=running progress=None/None msg=
[18:15:56] ENQUEUE t-20260611-181556-314773 role=ops level=S timeout=30s hb=2s
[18:15:56] HEARTBEAT t-20260611-181556-314773 status=running progress=None/None msg=
[18:15:56] ENQUEUE t-20260611-181556-0b6a98 role=ops level=S timeout=30s hb=2s
[18:15:56] HEARTBEAT t-20260611-181556-0b6a98 status=running progress=None/None msg=
[18:15:56] ENQUEUE t-20260611-181556-d907a4 role=ops level=S timeout=5s hb=2s
[18:15:56] HEARTBEAT t-20260611-181556-d907a4 status=running progress=None/None msg=
[18:15:56] NUDGE_WRITE t-20260611-181556-ef9dae kind=nudge gap=3s
[18:15:56] NUDGE_WRITE t-20260611-181556-314773 kind=ping gap=5s
[18:15:56] NUDGE_WRITE t-20260611-181556-0b6a98 kind=escalate gap=7s
[18:15:56] TIMEOUT_BATCH 1 tasks
[18:15:56] ENQUEUE t-20260611-181556-d95c69 role=ops level=S timeout=30s hb=2s
[18:15:56] NUDGE_WRITE t-20260611-181556-d95c69 kind=nudge gap=3s
[18:15:56] NUDGE_CONSUME t-20260611-181556-d95c69 kind=nudge
[18:15:56] HEARTBEAT t-20260611-181556-d95c69 status=running progress=None/None msg=RESPONDING_TO_NUDGE: 正在跑第 2 步
[18:15:56] ENQUEUE t-20260611-181556-d39da6 role=ops level=S timeout=30s hb=2s
[18:15:56] HEARTBEAT t-20260611-181556-d39da6 status=running progress=None/None msg=
[18:15:56] NUDGE_WRITE t-20260611-181556-d39da6 kind=nudge gap=2s
[18:15:56] NUDGE_WRITE t-20260611-181556-d39da6 kind=ping gap=4s
[18:15:56] NUDGE_WRITE t-20260611-181556-d39da6 kind=escalate gap=7s
[18:15:56] NUDGE_CONSUME t-20260611-181556-d39da6 kind=escalate
[18:15:56] ENQUEUE t-20260611-181556-c03808 role=ops level=S timeout=30s hb=5s
[18:15:56] HEARTBEAT t-20260611-181556-c03808 status=running progress=None/None msg=
[18:15:56] ENQUEUE t-20260611-181556-a3d157 role=ops level=S timeout=30s hb=2s
[18:15:56] NUDGE_WRITE t-20260611-181556-a3d157 kind=nudge gap=0s
[18:15:56] NUDGE_CONSUME t-20260611-181556-a3d157 kind=nudge
[18:15:56] ENQUEUE t-20260611-181556-f7e8fa role=ops level=S timeout=30s hb=2s
[18:15:56] HEARTBEAT t-20260611-181556-f7e8fa status=running progress=None/None msg=
[18:15:56] ENQUEUE t-20260611-181556-9fb925 role=ops level=S timeout=30s hb=2s
[18:15:56] HEARTBEAT t-20260611-181556-9fb925 status=running progress=None/None msg=
[18:15:56] ENQUEUE t-20260611-181556-da05ab role=ops level=S timeout=30s hb=2s
[18:15:56] HEARTBEAT t-20260611-181556-da05ab status=running progress=None/None msg=
[18:16:32] TIMEOUT_BATCH 3 tasks
[18:19:37] ENQUEUE t-20260611-181937-7a9d8c role=ops level=S timeout=5s hb=2s
[18:19:37] HEARTBEAT t-20260611-181937-7a9d8c status=running progress=None/None msg=
[18:19:37] CANCEL t-20260611-181937-7a9d8c
[18:20:30] ENQUEUE t-20260611-182030-427567 role=ops level=S timeout=30s hb=30s
[18:20:30] HEARTBEAT t-20260611-182030-427567 status=started progress=None/None msg=子 agent 已起
[18:20:30] HEARTBEAT t-20260611-182030-427567 status=running progress=1/3 msg=扫描第 1 批
[18:20:30] HEARTBEAT t-20260611-182030-427567 status=running progress=2/3 msg=扫描第 2 批
[18:20:30] HEARTBEAT t-20260611-182030-427567 status=running progress=3/3 msg=扫描第 3 批
[18:20:30] DONE t-20260611-182030-427567 result_keys=['summary', 'artifacts']
[18:20:30] ENQUEUE t-20260611-182030-546933 role=tester level=M timeout=600s hb=60s
[18:20:30] DONE t-20260611-182030-546933 result_keys=['artifacts']
[18:20:30] ENQUEUE t-20260611-182030-904970 role=stresstest level=M timeout=2s hb=1s
[18:20:30] ENQUEUE t-20260611-182030-983649 role=stresstest level=M timeout=2s hb=1s
[18:20:30] ENQUEUE t-20260611-182030-e6b135 role=stresstest level=M timeout=2s hb=1s
[18:20:30] ENQUEUE t-20260611-182030-036371 role=stresstest level=M timeout=2s hb=1s
[18:20:30] ENQUEUE t-20260611-182030-d6a8f9 role=stresstest level=M timeout=2s hb=1s
[18:20:34] TIMEOUT_BATCH 5 tasks
[18:20:34] ENQUEUE t-20260611-182034-99b1d6 role=ops level=S timeout=30s hb=30s
[18:20:34] FAILED t-20260611-182034-99b1d6 reason=dispatch_no_hermes_cli error=hermes CLI not in PATH; cannot dispatch
[18:20:34] ENQUEUE t-20260611-182034-2e2032 role=general level=M timeout=600s hb=60s
[18:20:34] DONE t-20260611-182034-2e2032 result_keys=['artifacts']
[18:20:34] ENQUEUE t-20260611-182034-0a4976 role=ops level=S timeout=30s hb=30s
[18:20:34] ENQUEUE t-20260611-182034-2344ef role=tester level=M timeout=600s hb=60s
[18:20:34] ENQUEUE t-20260611-182034-a14e9c role=general level=M timeout=600s hb=60s
[18:20:34] ENQUEUE t-20260611-182034-f89705 role=researcher level=L timeout=1800s hb=120s
[18:20:34] ENQUEUE t-20260611-182034-b101a8 role=coder level=L timeout=3600s hb=120s
[18:20:34] ENQUEUE t-20260611-182034-da7d32 role=ops level=S timeout=10s hb=2s
[18:20:34] ENQUEUE t-20260611-182034-e3d730 role=watchdogtest level=M timeout=3s hb=1s
[18:20:37] TIMEOUT_BATCH 1 tasks
[18:20:39] ENQUEUE t-20260611-182039-5187c7 role=ops level=S timeout=30s hb=5s
[18:20:39] NUDGE_WRITE t-20260611-182039-5187c7 kind=nudge gap=10s
[18:20:39] NUDGE_CONSUME t-20260611-182039-5187c7 kind=nudge
[18:20:39] NUDGE_WRITE t-20260611-182039-5187c7 kind=ping gap=20s
[18:20:39] NUDGE_CONSUME t-20260611-182039-5187c7 kind=ping
[18:20:39] ENQUEUE t-20260611-182039-5e7de7 role=ops level=S timeout=30s hb=2s
[18:20:39] HEARTBEAT t-20260611-182039-5e7de7 status=running progress=None/None msg=刚跑
[18:20:39] ENQUEUE t-20260611-182039-5070db role=ops level=S timeout=30s hb=2s
[18:20:39] HEARTBEAT t-20260611-182039-5070db status=running progress=None/None msg=
[18:20:39] ENQUEUE t-20260611-182039-191d74 role=ops level=S timeout=30s hb=2s
[18:20:39] HEARTBEAT t-20260611-182039-191d74 status=running progress=None/None msg=
[18:20:39] ENQUEUE t-20260611-182039-af492a role=ops level=S timeout=30s hb=2s
[18:20:39] HEARTBEAT t-20260611-182039-af492a status=running progress=None/None msg=
[18:20:39] ENQUEUE t-20260611-182039-c91170 role=ops level=S timeout=5s hb=2s
[18:20:39] HEARTBEAT t-20260611-182039-c91170 status=running progress=None/None msg=
[18:20:39] NUDGE_WRITE t-20260611-182039-5070db kind=nudge gap=3s
[18:20:39] NUDGE_WRITE t-20260611-182039-191d74 kind=ping gap=5s
[18:20:39] NUDGE_WRITE t-20260611-182039-af492a kind=escalate gap=7s
[18:20:39] TIMEOUT_BATCH 1 tasks
[18:20:39] ENQUEUE t-20260611-182039-5d382d role=ops level=S timeout=30s hb=2s
[18:20:39] NUDGE_WRITE t-20260611-182039-5d382d kind=nudge gap=3s
[18:20:39] NUDGE_CONSUME t-20260611-182039-5d382d kind=nudge
[18:20:39] HEARTBEAT t-20260611-182039-5d382d status=running progress=None/None msg=RESPONDING_TO_NUDGE: 正在跑第 2 步
[18:20:39] ENQUEUE t-20260611-182039-da2f6f role=ops level=S timeout=30s hb=2s
[18:20:39] HEARTBEAT t-20260611-182039-da2f6f status=running progress=None/None msg=
[18:20:39] NUDGE_WRITE t-20260611-182039-da2f6f kind=nudge gap=2s
[18:20:39] NUDGE_WRITE t-20260611-182039-da2f6f kind=ping gap=4s
[18:20:39] NUDGE_WRITE t-20260611-182039-da2f6f kind=escalate gap=7s
[18:20:39] NUDGE_CONSUME t-20260611-182039-da2f6f kind=escalate
[18:20:39] ENQUEUE t-20260611-182039-2edc4c role=ops level=S timeout=30s hb=5s
[18:20:39] HEARTBEAT t-20260611-182039-2edc4c status=running progress=None/None msg=
[18:20:39] ENQUEUE t-20260611-182039-ae2449 role=ops level=S timeout=30s hb=2s
[18:20:39] NUDGE_WRITE t-20260611-182039-ae2449 kind=nudge gap=0s
[18:20:39] NUDGE_CONSUME t-20260611-182039-ae2449 kind=nudge
[18:20:39] ENQUEUE t-20260611-182039-3ab27d role=ops level=S timeout=30s hb=2s
[18:20:39] HEARTBEAT t-20260611-182039-3ab27d status=running progress=None/None msg=
[18:20:39] ENQUEUE t-20260611-182039-14d525 role=ops level=S timeout=30s hb=2s
[18:20:39] HEARTBEAT t-20260611-182039-14d525 status=running progress=None/None msg=
[18:20:39] ENQUEUE t-20260611-182039-d025d4 role=ops level=S timeout=30s hb=2s
[18:20:39] HEARTBEAT t-20260611-182039-d025d4 status=running progress=None/None msg=
[18:20:39] ENQUEUE t-20260611-182039-2ba600 role=ops level=S timeout=120s hb=30s
[18:20:39] ENQUEUE t-20260611-182039-ec3af1 role=tester level=M timeout=600s hb=60s
[18:20:39] ENQUEUE t-20260611-182039-4f63e2 role=general level=M timeout=600s hb=60s
[18:20:39] ENQUEUE t-20260611-182039-37c4f8 role=researcher level=L timeout=1800s hb=120s
[18:20:39] ENQUEUE t-20260611-182039-c843d0 role=coder level=L timeout=3600s hb=120s
[18:20:39] ENQUEUE t-20260611-182039-8de639 role=coder level=S timeout=3600s hb=120s
[18:20:39] ENQUEUE t-20260611-182039-8bb3f9 role=ops level=CRITICAL timeout=120s hb=30s
[18:20:39] ENQUEUE t-20260611-182039-fa33a3 role=ops level=S timeout=120s hb=30s
[18:20:39] ENQUEUE t-20260611-182039-225e1d role=general level=M timeout=600s hb=60s
[18:20:39] ENQUEUE t-20260611-182039-3c3862 role=researcher level=L timeout=1800s hb=120s
[18:20:39] ENQUEUE t-20260611-182039-56e080 role=general level=CRITICAL timeout=600s hb=60s
[18:20:39] ENQUEUE t-20260611-182039-273b81 role=ops level=S timeout=60s hb=30s
[18:20:40] ENQUEUE t-20260611-182040-ff556a role=ops level=S timeout=300s hb=30s
[18:20:40] ENQUEUE t-20260611-182040-544c87 role=ops level=S timeout=999s hb=30s
[18:20:40] ENQUEUE t-20260611-182040-4f0bc7 role=ops level=S timeout=10s hb=2s
[18:20:40] HEARTBEAT t-20260611-182040-4f0bc7 status=running progress=None/None msg=
[18:20:40] TIMEOUT_BATCH 1 tasks
[18:20:40] ENQUEUE t-20260611-182040-7ea4d8 role=ops level=S timeout=10s hb=2s
[18:20:40] HEARTBEAT t-20260611-182040-7ea4d8 status=running progress=None/None msg=
[18:20:40] TIMEOUT_BATCH 1 tasks
[18:20:40] ENQUEUE t-20260611-182040-113837 role=ops level=S timeout=10s hb=2s
[18:20:40] HEARTBEAT t-20260611-182040-113837 status=running progress=None/None msg=
[18:20:40] TIMEOUT_BATCH 1 tasks
[18:20:40] ENQUEUE t-20260611-182040-ecfcdc role=ops level=S timeout=10s hb=2s
[18:20:40] HEARTBEAT t-20260611-182040-ecfcdc status=running progress=None/None msg=
[18:20:40] TIMEOUT_BATCH 1 tasks
[18:20:40] ENQUEUE t-20260611-182040-9709c9 role=ops level=S timeout=120s hb=30s
[18:20:40] ENQUEUE t-20260611-182040-ce0c21 role=general level=M timeout=600s hb=60s
[18:20:40] ENQUEUE t-20260611-182040-43eb3e role=researcher level=L timeout=1800s hb=120s
[18:20:40] DONE t-20260611-182040-43eb3e result_keys=['artifacts']
[18:20:40] DONE t-20260611-182040-9709c9 result_keys=['artifacts']
[18:20:40] DONE t-20260611-182040-ce0c21 result_keys=['artifacts']
[18:20:40] ENQUEUE t-20260611-182040-f0e5ca role=ops level=S timeout=120s hb=30s
[18:20:40] HEARTBEAT t-20260611-182040-f0e5ca status=running progress=None/None msg=
[18:20:40] DONE t-20260611-182040-f0e5ca result_keys=['summary', 'artifacts']
[18:20:40] ENQUEUE t-20260611-182040-4d840c role=ops level=S timeout=120s hb=30s
[18:20:40] HEARTBEAT t-20260611-182040-4d840c status=running progress=None/None msg=
[18:20:40] DONE t-20260611-182040-4d840c result_keys=['summary']
[18:20:40] ENQUEUE t-20260611-182040-f667aa role=ops level=S timeout=120s hb=30s
[18:20:40] HEARTBEAT t-20260611-182040-f667aa status=running progress=None/None msg=
[18:20:40] DONE t-20260611-182040-f667aa result_keys=['artifacts']
[18:20:40] ENQUEUE t-20260611-182040-5d649e role=general level=M timeout=600s hb=60s
[18:20:40] HEARTBEAT t-20260611-182040-5d649e status=running progress=None/None msg=
[18:20:40] DONE t-20260611-182040-5d649e result_keys=['artifacts']
[18:20:40] ENQUEUE t-20260611-182040-e21114 role=ops level=S timeout=120s hb=30s
[18:20:40] HEARTBEAT t-20260611-182040-e21114 status=running progress=None/None msg=
[18:20:40] FAILED t-20260611-182040-e21114 reason=test error=测试失败原因
[18:20:40] ENQUEUE t-20260611-182040-c030a7 role=ops level=S timeout=120s hb=30s
[18:20:40] HEARTBEAT t-20260611-182040-c030a7 status=running progress=None/None msg=
[18:20:40] TIMEOUT t-20260611-182040-c030a7
[18:20:40] ENQUEUE t-20260611-182040-fac523 role=ops level=S timeout=120s hb=30s
[18:20:40] HEARTBEAT t-20260611-182040-fac523 status=running progress=None/None msg=
[18:20:40] DONE t-20260611-182040-fac523 result_keys=['artifacts']
[18:20:40] ENQUEUE t-20260611-182040-f3f998 role=ops level=S timeout=120s hb=30s
[18:20:40] HEARTBEAT t-20260611-182040-f3f998 status=running progress=None/None msg=
[18:20:40] DONE t-20260611-182040-f3f998 result_keys=['artifacts']
[18:20:40] ENQUEUE t-20260611-182040-e4b0dd role=ops level=S timeout=120s hb=30s
[18:20:40] HEARTBEAT t-20260611-182040-e4b0dd status=running progress=None/None msg=
[18:20:40] DONE t-20260611-182040-e4b0dd result_keys=['artifacts']
[18:20:56] ENQUEUE t-20260611-182056-0bcf12 role=ops level=S timeout=120s hb=30s
[18:20:56] HEARTBEAT t-20260611-182056-0bcf12 status=started progress=None/None msg=子 agent 已起
[18:20:56] HEARTBEAT t-20260611-182056-0bcf12 status=running progress=1/3 msg=扫描第 1 批
[18:20:56] HEARTBEAT t-20260611-182056-0bcf12 status=running progress=2/3 msg=扫描第 2 批
[18:20:56] HEARTBEAT t-20260611-182056-0bcf12 status=running progress=3/3 msg=扫描第 3 批
[18:20:56] DONE t-20260611-182056-0bcf12 result_keys=['summary', 'artifacts']
[18:20:56] ENQUEUE t-20260611-182056-dfab1f role=tester level=M timeout=600s hb=60s
[18:20:56] DONE t-20260611-182056-dfab1f result_keys=['artifacts']
[18:20:56] ENQUEUE t-20260611-182056-51e8c4 role=stresstest level=M timeout=2s hb=1s
[18:20:56] ENQUEUE t-20260611-182056-029943 role=stresstest level=M timeout=2s hb=1s
[18:20:56] ENQUEUE t-20260611-182056-d7f247 role=stresstest level=M timeout=2s hb=1s
[18:20:56] ENQUEUE t-20260611-182056-4dbc58 role=stresstest level=M timeout=2s hb=1s
[18:20:56] ENQUEUE t-20260611-182056-00b10b role=stresstest level=M timeout=2s hb=1s
[18:21:00] TIMEOUT_BATCH 5 tasks
[18:21:00] ENQUEUE t-20260611-182100-7599ae role=ops level=S timeout=120s hb=30s
[18:21:00] FAILED t-20260611-182100-7599ae reason=dispatch_no_hermes_cli error=hermes CLI not in PATH; cannot dispatch
[18:21:00] ENQUEUE t-20260611-182100-d4c473 role=general level=M timeout=600s hb=60s
[18:21:00] DONE t-20260611-182100-d4c473 result_keys=['artifacts']
[18:21:00] ENQUEUE t-20260611-182100-93f855 role=ops level=S timeout=120s hb=30s
[18:21:00] ENQUEUE t-20260611-182100-78af87 role=tester level=M timeout=600s hb=60s
[18:21:00] ENQUEUE t-20260611-182100-a5976a role=general level=M timeout=600s hb=60s
[18:21:00] ENQUEUE t-20260611-182100-ccbea3 role=researcher level=L timeout=1800s hb=120s
[18:21:00] ENQUEUE t-20260611-182100-a53d6e role=coder level=L timeout=3600s hb=120s
[18:21:00] ENQUEUE t-20260611-182100-337a7e role=ops level=S timeout=10s hb=2s
[18:21:00] ENQUEUE t-20260611-182100-bb7d85 role=watchdogtest level=M timeout=3s hb=1s
[18:21:04] TIMEOUT_BATCH 1 tasks
[18:21:04] ENQUEUE t-20260611-182104-6194d0 role=ops level=S timeout=120s hb=30s
[18:21:04] ENQUEUE t-20260611-182104-9274bf role=tester level=M timeout=600s hb=60s
[18:21:04] ENQUEUE t-20260611-182104-025287 role=general level=M timeout=600s hb=60s
[18:21:04] ENQUEUE t-20260611-182104-d0779b role=researcher level=L timeout=1800s hb=120s
[18:21:04] ENQUEUE t-20260611-182104-4dd18e role=coder level=L timeout=3600s hb=120s
[18:21:04] ENQUEUE t-20260611-182104-a57887 role=coder level=S timeout=3600s hb=120s
[18:21:04] ENQUEUE t-20260611-182104-892cb4 role=ops level=CRITICAL timeout=120s hb=30s
[18:21:04] ENQUEUE t-20260611-182104-b4d109 role=ops level=S timeout=120s hb=30s
[18:21:04] ENQUEUE t-20260611-182104-cbbedd role=general level=M timeout=600s hb=60s
[18:21:04] ENQUEUE t-20260611-182104-e14255 role=researcher level=L timeout=1800s hb=120s
[18:21:04] ENQUEUE t-20260611-182104-1d3b38 role=general level=CRITICAL timeout=600s hb=60s
[18:21:04] ENQUEUE t-20260611-182104-848a8c role=ops level=S timeout=60s hb=30s
[18:21:04] ENQUEUE t-20260611-182104-0c61cd role=ops level=S timeout=300s hb=30s
[18:21:04] ENQUEUE t-20260611-182104-ba3cbe role=ops level=S timeout=999s hb=30s
[18:21:04] ENQUEUE t-20260611-182104-8cd0d2 role=ops level=S timeout=10s hb=2s
[18:21:04] HEARTBEAT t-20260611-182104-8cd0d2 status=running progress=None/None msg=
[18:21:05] TIMEOUT_BATCH 1 tasks
[18:21:05] ENQUEUE t-20260611-182105-72ace4 role=ops level=S timeout=10s hb=2s
[18:21:05] HEARTBEAT t-20260611-182105-72ace4 status=running progress=None/None msg=
[18:21:05] TIMEOUT_BATCH 1 tasks
[18:21:05] ENQUEUE t-20260611-182105-e569c9 role=ops level=S timeout=10s hb=2s
[18:21:05] HEARTBEAT t-20260611-182105-e569c9 status=running progress=None/None msg=
[18:21:05] TIMEOUT_BATCH 1 tasks
[18:21:05] ENQUEUE t-20260611-182105-1ca5ab role=ops level=S timeout=10s hb=2s
[18:21:05] HEARTBEAT t-20260611-182105-1ca5ab status=running progress=None/None msg=
[18:21:05] TIMEOUT_BATCH 1 tasks
[18:21:05] ENQUEUE t-20260611-182105-616935 role=ops level=S timeout=120s hb=30s
[18:21:05] ENQUEUE t-20260611-182105-a7a4ba role=general level=M timeout=600s hb=60s
[18:21:05] ENQUEUE t-20260611-182105-c5c51f role=researcher level=L timeout=1800s hb=120s
[18:21:05] DONE t-20260611-182105-616935 result_keys=['artifacts']
[18:21:05] DONE t-20260611-182105-a7a4ba result_keys=['artifacts']
[18:21:05] DONE t-20260611-182105-c5c51f result_keys=['artifacts']
[18:23:02] ENQUEUE t-20260611-182302-b46d0d role=ops level=S timeout=120s hb=30s
[18:23:02] ENQUEUE t-20260611-182302-b9f81f role=tester level=M timeout=600s hb=60s
[18:23:02] ENQUEUE t-20260611-182302-92e1cf role=general level=M timeout=600s hb=60s
[18:23:02] ENQUEUE t-20260611-182302-c630db role=researcher level=L timeout=1800s hb=120s
[18:23:02] ENQUEUE t-20260611-182302-ec6695 role=coder level=L timeout=3600s hb=120s
[18:23:02] ENQUEUE t-20260611-182302-6d681f role=coder level=S timeout=3600s hb=120s
[18:23:02] ENQUEUE t-20260611-182302-ceefbe role=ops level=CRITICAL timeout=120s hb=30s
[18:23:02] ENQUEUE t-20260611-182302-ad541b role=ops level=S timeout=120s hb=30s
[18:23:02] ENQUEUE t-20260611-182302-d9cd3a role=general level=M timeout=600s hb=60s
[18:23:02] ENQUEUE t-20260611-182302-50ebbf role=researcher level=L timeout=1800s hb=120s
[18:23:02] ENQUEUE t-20260611-182302-59a526 role=general level=CRITICAL timeout=600s hb=60s
[18:23:02] ENQUEUE t-20260611-182302-06524d role=ops level=S timeout=60s hb=30s
[18:23:02] ENQUEUE t-20260611-182302-97d9cc role=ops level=S timeout=300s hb=30s
[18:23:02] ENQUEUE t-20260611-182302-5ed261 role=ops level=S timeout=999s hb=30s
[18:23:02] ENQUEUE t-20260611-182302-8e1e4c role=ops level=S timeout=10s hb=2s
[18:23:02] HEARTBEAT t-20260611-182302-8e1e4c status=running progress=None/None msg=
[18:23:02] TIMEOUT_BATCH 1 tasks
[18:23:02] ENQUEUE t-20260611-182302-e386d7 role=ops level=S timeout=10s hb=2s
[18:23:02] HEARTBEAT t-20260611-182302-e386d7 status=running progress=None/None msg=
[18:23:02] TIMEOUT_BATCH 1 tasks
[18:23:02] ENQUEUE t-20260611-182302-c82c27 role=ops level=S timeout=10s hb=2s
[18:23:02] HEARTBEAT t-20260611-182302-c82c27 status=running progress=None/None msg=
[18:23:02] TIMEOUT_BATCH 1 tasks
[18:23:02] ENQUEUE t-20260611-182302-1153a2 role=ops level=S timeout=10s hb=2s
[18:23:02] HEARTBEAT t-20260611-182302-1153a2 status=running progress=None/None msg=
[18:23:02] TIMEOUT_BATCH 1 tasks
[18:23:02] ENQUEUE t-20260611-182302-9521dc role=ops level=S timeout=120s hb=30s
[18:23:02] ENQUEUE t-20260611-182302-511183 role=general level=M timeout=600s hb=60s
[18:23:02] ENQUEUE t-20260611-182302-75d462 role=researcher level=L timeout=1800s hb=120s
[18:23:02] DONE t-20260611-182302-511183 result_keys=['artifacts']
[18:23:02] DONE t-20260611-182302-75d462 result_keys=['artifacts']
[18:23:02] DONE t-20260611-182302-9521dc result_keys=['artifacts']
[18:23:02] ENQUEUE t-20260611-182302-fa68d7 role=ops level=S timeout=120s hb=30s
[18:23:03] ENQUEUE t-20260611-182303-6f8dba role=tester level=M timeout=600s hb=60s
[18:23:03] ENQUEUE t-20260611-182303-bf736c role=general level=M timeout=600s hb=60s
[18:23:03] ENQUEUE t-20260611-182303-6b14eb role=researcher level=L timeout=1800s hb=120s
[18:23:03] ENQUEUE t-20260611-182303-8dc9de role=coder level=L timeout=3600s hb=120s
[18:23:03] ENQUEUE t-20260611-182303-af0c38 role=coder level=S timeout=3600s hb=120s
[18:23:03] ENQUEUE t-20260611-182303-75be59 role=ops level=CRITICAL timeout=120s hb=30s
[18:23:03] ENQUEUE t-20260611-182303-d59c2b role=ops level=S timeout=120s hb=30s
[18:23:03] ENQUEUE t-20260611-182303-8c0bb6 role=general level=M timeout=600s hb=60s
[18:23:03] ENQUEUE t-20260611-182303-dccfee role=researcher level=L timeout=1800s hb=120s
[18:23:03] ENQUEUE t-20260611-182303-f24dc8 role=general level=CRITICAL timeout=600s hb=60s
[18:23:03] ENQUEUE t-20260611-182303-8c3e6c role=ops level=S timeout=60s hb=30s
[18:23:03] ENQUEUE t-20260611-182303-02628e role=ops level=S timeout=300s hb=30s
[18:23:03] ENQUEUE t-20260611-182303-511f0f role=ops level=S timeout=999s hb=30s
[18:23:03] ENQUEUE t-20260611-182303-e07bae role=ops level=S timeout=10s hb=2s
[18:23:03] HEARTBEAT t-20260611-182303-e07bae status=running progress=None/None msg=
[18:23:03] TIMEOUT_BATCH 1 tasks
[18:23:03] ENQUEUE t-20260611-182303-a30df0 role=ops level=S timeout=10s hb=2s
[18:23:03] HEARTBEAT t-20260611-182303-a30df0 status=running progress=None/None msg=
[18:23:03] TIMEOUT_BATCH 1 tasks
[18:23:03] ENQUEUE t-20260611-182303-433594 role=ops level=S timeout=10s hb=2s
[18:23:03] HEARTBEAT t-20260611-182303-433594 status=running progress=None/None msg=
[18:23:03] TIMEOUT_BATCH 1 tasks
[18:23:03] ENQUEUE t-20260611-182303-5fafaf role=ops level=S timeout=10s hb=2s
[18:23:03] HEARTBEAT t-20260611-182303-5fafaf status=running progress=None/None msg=
[18:23:03] TIMEOUT_BATCH 1 tasks
[18:23:03] ENQUEUE t-20260611-182303-79c953 role=ops level=S timeout=120s hb=30s
[18:23:03] ENQUEUE t-20260611-182303-7e64f2 role=general level=M timeout=600s hb=60s
[18:23:03] ENQUEUE t-20260611-182303-f314f9 role=researcher level=L timeout=1800s hb=120s
[18:23:03] DONE t-20260611-182303-79c953 result_keys=['artifacts']
[18:23:03] DONE t-20260611-182303-7e64f2 result_keys=['artifacts']
[18:23:03] DONE t-20260611-182303-f314f9 result_keys=['artifacts']
[18:23:17] ENQUEUE t-20260611-182317-48438e role=ops level=S timeout=120s hb=30s
[18:23:17] ENQUEUE t-20260611-182317-596f95 role=tester level=M timeout=600s hb=60s
[18:23:17] ENQUEUE t-20260611-182317-b75f81 role=general level=M timeout=600s hb=60s
[18:23:17] ENQUEUE t-20260611-182317-a73160 role=researcher level=L timeout=1800s hb=120s
[18:23:17] ENQUEUE t-20260611-182317-65474c role=coder level=L timeout=3600s hb=120s
[18:23:17] ENQUEUE t-20260611-182317-06303d role=coder level=S timeout=3600s hb=120s
[18:23:17] ENQUEUE t-20260611-182317-871e39 role=ops level=CRITICAL timeout=120s hb=30s
[18:23:17] ENQUEUE t-20260611-182317-933835 role=ops level=S timeout=120s hb=30s
[18:23:17] ENQUEUE t-20260611-182317-f387c4 role=general level=M timeout=600s hb=60s
[18:23:18] ENQUEUE t-20260611-182318-4dbda2 role=researcher level=L timeout=1800s hb=120s
[18:23:18] ENQUEUE t-20260611-182318-8f8eca role=general level=CRITICAL timeout=600s hb=60s
[18:23:18] ENQUEUE t-20260611-182318-b4c9ed role=ops level=S timeout=60s hb=30s
[18:23:18] ENQUEUE t-20260611-182318-6c0ca2 role=ops level=S timeout=300s hb=30s
[18:23:18] ENQUEUE t-20260611-182318-74cbc3 role=ops level=S timeout=999s hb=30s
[18:23:18] ENQUEUE t-20260611-182318-c53eb1 role=ops level=S timeout=10s hb=2s
[18:23:18] HEARTBEAT t-20260611-182318-c53eb1 status=running progress=None/None msg=
[18:23:18] TIMEOUT_BATCH 1 tasks
[18:23:18] ENQUEUE t-20260611-182318-4cb869 role=ops level=S timeout=10s hb=2s
[18:23:18] HEARTBEAT t-20260611-182318-4cb869 status=running progress=None/None msg=
[18:23:18] TIMEOUT_BATCH 1 tasks
[18:23:18] ENQUEUE t-20260611-182318-0d2852 role=ops level=S timeout=10s hb=2s
[18:23:18] HEARTBEAT t-20260611-182318-0d2852 status=running progress=None/None msg=
[18:23:18] TIMEOUT_BATCH 1 tasks
[18:23:18] ENQUEUE t-20260611-182318-ab54ab role=ops level=S timeout=10s hb=2s
[18:23:18] HEARTBEAT t-20260611-182318-ab54ab status=running progress=None/None msg=
[18:23:18] TIMEOUT_BATCH 1 tasks
[18:23:18] ENQUEUE t-20260611-182318-1b05e8 role=ops level=S timeout=120s hb=30s
[18:23:18] ENQUEUE t-20260611-182318-3751f3 role=general level=M timeout=600s hb=60s
[18:23:18] ENQUEUE t-20260611-182318-f6c0f7 role=researcher level=L timeout=1800s hb=120s
[18:23:18] DONE t-20260611-182318-1b05e8 result_keys=['artifacts']
[18:23:18] DONE t-20260611-182318-3751f3 result_keys=['artifacts']
[18:23:18] DONE t-20260611-182318-f6c0f7 result_keys=['artifacts']
[18:23:32] ENQUEUE t-20260611-182332-afb631 role=ops level=S timeout=120s hb=30s
[18:23:32] ENQUEUE t-20260611-182332-031607 role=tester level=M timeout=600s hb=60s
[18:23:32] ENQUEUE t-20260611-182332-929e2b role=general level=M timeout=600s hb=60s
[18:23:32] ENQUEUE t-20260611-182332-a3fbb9 role=researcher level=L timeout=1800s hb=120s
[18:23:32] ENQUEUE t-20260611-182332-900ab3 role=coder level=L timeout=3600s hb=120s
[18:23:32] ENQUEUE t-20260611-182332-1c1421 role=coder level=S timeout=3600s hb=120s
[18:23:32] ENQUEUE t-20260611-182332-1ca458 role=ops level=CRITICAL timeout=120s hb=30s
[18:23:32] ENQUEUE t-20260611-182332-5d4ce8 role=ops level=S timeout=120s hb=30s
[18:23:32] ENQUEUE t-20260611-182332-31f93e role=general level=M timeout=600s hb=60s
[18:23:32] ENQUEUE t-20260611-182332-ff5bda role=researcher level=L timeout=1800s hb=120s
[18:23:32] ENQUEUE t-20260611-182332-f9ae7e role=general level=CRITICAL timeout=600s hb=60s
[18:23:32] ENQUEUE t-20260611-182332-904927 role=ops level=S timeout=60s hb=30s
[18:23:32] ENQUEUE t-20260611-182332-7e7163 role=ops level=S timeout=300s hb=30s
[18:23:32] ENQUEUE t-20260611-182332-bb7c33 role=ops level=S timeout=999s hb=30s
[18:23:32] ENQUEUE t-20260611-182332-df5e7d role=ops level=S timeout=10s hb=2s
[18:23:32] HEARTBEAT t-20260611-182332-df5e7d status=running progress=None/None msg=
[18:23:32] TIMEOUT_BATCH 1 tasks
[18:23:32] ENQUEUE t-20260611-182332-43edd5 role=ops level=S timeout=10s hb=2s
[18:23:32] HEARTBEAT t-20260611-182332-43edd5 status=running progress=None/None msg=
[18:23:32] TIMEOUT_BATCH 1 tasks
[18:23:32] ENQUEUE t-20260611-182332-4fb002 role=ops level=S timeout=10s hb=2s
[18:23:32] HEARTBEAT t-20260611-182332-4fb002 status=running progress=None/None msg=
[18:23:32] TIMEOUT_BATCH 1 tasks
[18:23:32] ENQUEUE t-20260611-182332-ffc660 role=ops level=S timeout=10s hb=2s
[18:23:32] HEARTBEAT t-20260611-182332-ffc660 status=running progress=None/None msg=
[18:23:32] TIMEOUT_BATCH 1 tasks
[18:23:32] ENQUEUE t-20260611-182332-5ff66d role=ops level=S timeout=120s hb=30s
[18:23:32] ENQUEUE t-20260611-182332-522ff5 role=general level=M timeout=600s hb=60s
[18:23:32] ENQUEUE t-20260611-182332-5d5cb0 role=researcher level=L timeout=1800s hb=120s
[18:23:32] DONE t-20260611-182332-522ff5 result_keys=['artifacts']
[18:23:32] DONE t-20260611-182332-5d5cb0 result_keys=['artifacts']
[18:23:32] DONE t-20260611-182332-5ff66d result_keys=['artifacts']
[18:23:58] ENQUEUE t-20260611-182358-8cb949 role=ops level=S timeout=120s hb=30s
[18:23:58] ENQUEUE t-20260611-182358-1d8a39 role=general level=M timeout=600s hb=60s
[18:23:59] ENQUEUE t-20260611-182359-20c239 role=researcher level=L timeout=1800s hb=120s
[18:23:59] DONE t-20260611-182358-1d8a39 result_keys=['artifacts']
[18:23:59] DONE t-20260611-182358-8cb949 result_keys=['artifacts']
[18:23:59] DONE t-20260611-182359-20c239 result_keys=['artifacts']
[18:25:09] ENQUEUE t-20260611-182509-a6c29b role=ops level=S timeout=120s hb=30s
[18:25:09] HEARTBEAT t-20260611-182509-a6c29b status=started progress=None/None msg=子 agent 已起
[18:25:09] HEARTBEAT t-20260611-182509-a6c29b status=running progress=1/3 msg=扫描第 1 批
[18:25:09] HEARTBEAT t-20260611-182509-a6c29b status=running progress=2/3 msg=扫描第 2 批
[18:25:09] HEARTBEAT t-20260611-182509-a6c29b status=running progress=3/3 msg=扫描第 3 批
[18:25:09] DONE t-20260611-182509-a6c29b result_keys=['summary', 'artifacts']
[18:25:09] ENQUEUE t-20260611-182509-6d5df7 role=tester level=M timeout=600s hb=60s
[18:25:09] DONE t-20260611-182509-6d5df7 result_keys=['artifacts']
[18:25:10] ENQUEUE t-20260611-182510-7eaa95 role=stresstest level=M timeout=2s hb=1s
[18:25:10] ENQUEUE t-20260611-182510-c744fc role=stresstest level=M timeout=2s hb=1s
[18:25:10] ENQUEUE t-20260611-182510-282329 role=stresstest level=M timeout=2s hb=1s
[18:25:10] ENQUEUE t-20260611-182510-dc6c91 role=stresstest level=M timeout=2s hb=1s
[18:25:10] ENQUEUE t-20260611-182510-2eb571 role=stresstest level=M timeout=2s hb=1s
[18:25:14] TIMEOUT_BATCH 5 tasks
[18:25:14] ENQUEUE t-20260611-182514-92daa7 role=ops level=S timeout=120s hb=30s
[18:25:14] FAILED t-20260611-182514-92daa7 reason=dispatch_no_hermes_cli error=hermes CLI not in PATH; cannot dispatch
[18:25:14] ENQUEUE t-20260611-182514-600436 role=general level=M timeout=600s hb=60s
[18:25:14] DONE t-20260611-182514-600436 result_keys=['artifacts']
[18:25:14] ENQUEUE t-20260611-182514-e4eb3a role=ops level=S timeout=120s hb=30s
[18:25:14] ENQUEUE t-20260611-182514-953462 role=tester level=M timeout=600s hb=60s
[18:25:14] ENQUEUE t-20260611-182514-9cb162 role=general level=M timeout=600s hb=60s
[18:25:14] ENQUEUE t-20260611-182514-317697 role=researcher level=L timeout=1800s hb=120s
[18:25:14] ENQUEUE t-20260611-182514-0cb171 role=coder level=L timeout=3600s hb=120s
[18:25:14] ENQUEUE t-20260611-182514-8f2cbb role=ops level=S timeout=10s hb=2s
[18:25:14] ENQUEUE t-20260611-182514-213bf0 role=watchdogtest level=M timeout=3s hb=1s
[18:25:18] TIMEOUT_BATCH 1 tasks
[18:25:18] ENQUEUE t-20260611-182518-c7cbbc role=ops level=S timeout=30s hb=5s
[18:25:18] NUDGE_WRITE t-20260611-182518-c7cbbc kind=nudge gap=10s
[18:25:18] NUDGE_CONSUME t-20260611-182518-c7cbbc kind=nudge
[18:25:18] NUDGE_WRITE t-20260611-182518-c7cbbc kind=ping gap=20s
[18:25:18] NUDGE_CONSUME t-20260611-182518-c7cbbc kind=ping
[18:25:18] ENQUEUE t-20260611-182518-a1a056 role=ops level=S timeout=30s hb=2s
[18:25:18] HEARTBEAT t-20260611-182518-a1a056 status=running progress=None/None msg=刚跑
[18:25:18] ENQUEUE t-20260611-182518-cc2be0 role=ops level=S timeout=30s hb=2s
[18:25:18] HEARTBEAT t-20260611-182518-cc2be0 status=running progress=None/None msg=
[18:25:18] ENQUEUE t-20260611-182518-1deac8 role=ops level=S timeout=30s hb=2s
[18:25:18] HEARTBEAT t-20260611-182518-1deac8 status=running progress=None/None msg=
[18:25:18] ENQUEUE t-20260611-182518-460432 role=ops level=S timeout=30s hb=2s
[18:25:18] HEARTBEAT t-20260611-182518-460432 status=running progress=None/None msg=
[18:25:18] ENQUEUE t-20260611-182518-0c9934 role=ops level=S timeout=5s hb=2s
[18:25:18] HEARTBEAT t-20260611-182518-0c9934 status=running progress=None/None msg=
[18:25:18] NUDGE_WRITE t-20260611-182518-cc2be0 kind=nudge gap=3s
[18:25:18] NUDGE_WRITE t-20260611-182518-1deac8 kind=ping gap=5s
[18:25:18] NUDGE_WRITE t-20260611-182518-460432 kind=escalate gap=7s
[18:25:18] TIMEOUT_BATCH 1 tasks
[18:25:18] ENQUEUE t-20260611-182518-f9b6f3 role=ops level=S timeout=30s hb=2s
[18:25:18] NUDGE_WRITE t-20260611-182518-f9b6f3 kind=nudge gap=3s
[18:25:18] NUDGE_CONSUME t-20260611-182518-f9b6f3 kind=nudge
[18:25:18] HEARTBEAT t-20260611-182518-f9b6f3 status=running progress=None/None msg=RESPONDING_TO_NUDGE: 正在跑第 2 步
[18:25:18] ENQUEUE t-20260611-182518-087470 role=ops level=S timeout=30s hb=2s
[18:25:18] HEARTBEAT t-20260611-182518-087470 status=running progress=None/None msg=
[18:25:18] NUDGE_WRITE t-20260611-182518-087470 kind=nudge gap=2s
[18:25:18] NUDGE_WRITE t-20260611-182518-087470 kind=ping gap=4s
[18:25:18] NUDGE_WRITE t-20260611-182518-087470 kind=escalate gap=7s
[18:25:18] NUDGE_CONSUME t-20260611-182518-087470 kind=escalate
[18:25:18] ENQUEUE t-20260611-182518-34df8c role=ops level=S timeout=30s hb=5s
[18:25:18] HEARTBEAT t-20260611-182518-34df8c status=running progress=None/None msg=
[18:25:18] ENQUEUE t-20260611-182518-2e12ae role=ops level=S timeout=30s hb=2s
[18:25:18] NUDGE_WRITE t-20260611-182518-2e12ae kind=nudge gap=0s
[18:25:18] NUDGE_CONSUME t-20260611-182518-2e12ae kind=nudge
[18:25:18] ENQUEUE t-20260611-182518-ea3fdb role=ops level=S timeout=30s hb=2s
[18:25:18] HEARTBEAT t-20260611-182518-ea3fdb status=running progress=None/None msg=
[18:25:19] ENQUEUE t-20260611-182519-b42da4 role=ops level=S timeout=30s hb=2s
[18:25:19] HEARTBEAT t-20260611-182519-b42da4 status=running progress=None/None msg=
[18:25:19] ENQUEUE t-20260611-182519-0b3efd role=ops level=S timeout=30s hb=2s
[18:25:19] HEARTBEAT t-20260611-182519-0b3efd status=running progress=None/None msg=
[18:25:19] ENQUEUE t-20260611-182519-8cb798 role=ops level=S timeout=120s hb=30s
[18:25:19] ENQUEUE t-20260611-182519-08327d role=tester level=M timeout=600s hb=60s
[18:25:19] ENQUEUE t-20260611-182519-1dbe89 role=general level=M timeout=600s hb=60s
[18:25:19] ENQUEUE t-20260611-182519-c4b72f role=researcher level=L timeout=1800s hb=120s
[18:25:19] ENQUEUE t-20260611-182519-ab38b2 role=coder level=L timeout=3600s hb=120s
[18:25:19] ENQUEUE t-20260611-182519-446ae0 role=coder level=S timeout=3600s hb=120s
[18:25:19] ENQUEUE t-20260611-182519-bd997b role=ops level=CRITICAL timeout=120s hb=30s
[18:25:19] ENQUEUE t-20260611-182519-b9fc2f role=ops level=S timeout=120s hb=30s
[18:25:19] ENQUEUE t-20260611-182519-c15cd7 role=general level=M timeout=600s hb=60s
[18:25:19] ENQUEUE t-20260611-182519-b57667 role=researcher level=L timeout=1800s hb=120s
[18:25:19] ENQUEUE t-20260611-182519-46b2d8 role=general level=CRITICAL timeout=600s hb=60s
[18:25:19] ENQUEUE t-20260611-182519-03a292 role=ops level=S timeout=60s hb=30s
[18:25:19] ENQUEUE t-20260611-182519-ec21f9 role=ops level=S timeout=300s hb=30s
[18:25:19] ENQUEUE t-20260611-182519-158147 role=ops level=S timeout=999s hb=30s
[18:25:19] ENQUEUE t-20260611-182519-f15235 role=ops level=S timeout=10s hb=2s
[18:25:19] HEARTBEAT t-20260611-182519-f15235 status=running progress=None/None msg=
[18:25:19] TIMEOUT_BATCH 1 tasks
[18:25:19] ENQUEUE t-20260611-182519-c878fc role=ops level=S timeout=10s hb=2s
[18:25:19] HEARTBEAT t-20260611-182519-c878fc status=running progress=None/None msg=
[18:25:19] TIMEOUT_BATCH 1 tasks
[18:25:19] ENQUEUE t-20260611-182519-0908df role=ops level=S timeout=10s hb=2s
[18:25:19] HEARTBEAT t-20260611-182519-0908df status=running progress=None/None msg=
[18:25:19] TIMEOUT_BATCH 1 tasks
[18:25:19] ENQUEUE t-20260611-182519-fedf69 role=ops level=S timeout=10s hb=2s
[18:25:19] HEARTBEAT t-20260611-182519-fedf69 status=running progress=None/None msg=
[18:25:19] TIMEOUT_BATCH 1 tasks
[18:25:19] ENQUEUE t-20260611-182519-70b37c role=ops level=S timeout=120s hb=30s
[18:25:19] ENQUEUE t-20260611-182519-efafb3 role=general level=M timeout=600s hb=60s
[18:25:19] ENQUEUE t-20260611-182519-66e56d role=researcher level=L timeout=1800s hb=120s
[18:25:19] DONE t-20260611-182519-66e56d result_keys=['artifacts']
[18:25:19] DONE t-20260611-182519-70b37c result_keys=['artifacts']
[18:25:19] DONE t-20260611-182519-efafb3 result_keys=['artifacts']
[18:25:20] ENQUEUE t-20260611-182520-e58066 role=ops level=S timeout=120s hb=30s
[18:25:20] HEARTBEAT t-20260611-182520-e58066 status=running progress=None/None msg=
[18:25:20] DONE t-20260611-182520-e58066 result_keys=['summary', 'artifacts']
[18:25:20] ENQUEUE t-20260611-182520-4e1072 role=ops level=S timeout=120s hb=30s
[18:25:20] HEARTBEAT t-20260611-182520-4e1072 status=running progress=None/None msg=
[18:25:20] DONE t-20260611-182520-4e1072 result_keys=['summary']
[18:25:20] ENQUEUE t-20260611-182520-8db2ab role=ops level=S timeout=120s hb=30s
[18:25:20] HEARTBEAT t-20260611-182520-8db2ab status=running progress=None/None msg=
[18:25:20] DONE t-20260611-182520-8db2ab result_keys=['artifacts']
[18:25:20] ENQUEUE t-20260611-182520-16edb7 role=general level=M timeout=600s hb=60s
[18:25:20] HEARTBEAT t-20260611-182520-16edb7 status=running progress=None/None msg=
[18:25:20] DONE t-20260611-182520-16edb7 result_keys=['artifacts']
[18:25:20] ENQUEUE t-20260611-182520-79b116 role=ops level=S timeout=120s hb=30s
[18:25:20] HEARTBEAT t-20260611-182520-79b116 status=running progress=None/None msg=
[18:25:20] FAILED t-20260611-182520-79b116 reason=test error=测试失败原因
[18:25:20] ENQUEUE t-20260611-182520-43d9a8 role=ops level=S timeout=120s hb=30s
[18:25:20] HEARTBEAT t-20260611-182520-43d9a8 status=running progress=None/None msg=
[18:25:20] TIMEOUT t-20260611-182520-43d9a8
[18:25:20] ENQUEUE t-20260611-182520-45b052 role=ops level=S timeout=120s hb=30s
[18:25:20] HEARTBEAT t-20260611-182520-45b052 status=running progress=None/None msg=
[18:25:20] DONE t-20260611-182520-45b052 result_keys=['artifacts']
[18:25:20] ENQUEUE t-20260611-182520-b89299 role=ops level=S timeout=120s hb=30s
[18:25:20] HEARTBEAT t-20260611-182520-b89299 status=running progress=None/None msg=
[18:25:20] DONE t-20260611-182520-b89299 result_keys=['artifacts']
[18:25:20] ENQUEUE t-20260611-182520-81acda role=ops level=S timeout=120s hb=30s
[18:25:20] HEARTBEAT t-20260611-182520-81acda status=running progress=None/None msg=
[18:25:20] DONE t-20260611-182520-81acda result_keys=['artifacts']
[18:25:36] ENQUEUE t-20260611-182536-725aca role=ops level=S timeout=30s hb=5s
[18:25:36] NUDGE_WRITE t-20260611-182536-725aca kind=nudge gap=10s
[18:25:36] NUDGE_CONSUME t-20260611-182536-725aca kind=nudge
[18:25:36] NUDGE_WRITE t-20260611-182536-725aca kind=ping gap=20s
[18:25:36] NUDGE_CONSUME t-20260611-182536-725aca kind=ping
[18:25:36] ENQUEUE t-20260611-182536-0792ad role=ops level=S timeout=30s hb=2s
[18:25:36] HEARTBEAT t-20260611-182536-0792ad status=running progress=None/None msg=刚跑
[18:25:36] ENQUEUE t-20260611-182536-7d4b5b role=ops level=S timeout=30s hb=2s
[18:25:36] HEARTBEAT t-20260611-182536-7d4b5b status=running progress=None/None msg=
[18:25:36] ENQUEUE t-20260611-182536-84c65b role=ops level=S timeout=30s hb=2s
[18:25:36] HEARTBEAT t-20260611-182536-84c65b status=running progress=None/None msg=
[18:25:36] ENQUEUE t-20260611-182536-c8bc9e role=ops level=S timeout=30s hb=2s
[18:25:36] HEARTBEAT t-20260611-182536-c8bc9e status=running progress=None/None msg=
[18:25:36] ENQUEUE t-20260611-182536-c0a4c4 role=ops level=S timeout=5s hb=2s
[18:25:36] HEARTBEAT t-20260611-182536-c0a4c4 status=running progress=None/None msg=
[18:25:36] NUDGE_WRITE t-20260611-182536-7d4b5b kind=nudge gap=3s
[18:25:36] NUDGE_WRITE t-20260611-182536-84c65b kind=ping gap=5s
[18:25:36] NUDGE_WRITE t-20260611-182536-c8bc9e kind=escalate gap=7s
[18:25:36] TIMEOUT_BATCH 1 tasks
[18:25:36] ENQUEUE t-20260611-182536-2e7403 role=ops level=S timeout=30s hb=2s
[18:25:36] NUDGE_WRITE t-20260611-182536-2e7403 kind=nudge gap=3s
[18:25:36] NUDGE_CONSUME t-20260611-182536-2e7403 kind=nudge
[18:25:36] HEARTBEAT t-20260611-182536-2e7403 status=running progress=None/None msg=RESPONDING_TO_NUDGE: 正在跑第 2 步
[18:25:36] ENQUEUE t-20260611-182536-44f6a7 role=ops level=S timeout=30s hb=2s
[18:25:36] HEARTBEAT t-20260611-182536-44f6a7 status=running progress=None/None msg=
[18:25:36] NUDGE_WRITE t-20260611-182536-44f6a7 kind=nudge gap=2s
[18:25:36] NUDGE_WRITE t-20260611-182536-44f6a7 kind=ping gap=4s
[18:25:36] NUDGE_WRITE t-20260611-182536-44f6a7 kind=escalate gap=7s
[18:25:36] NUDGE_CONSUME t-20260611-182536-44f6a7 kind=escalate
[18:25:36] ENQUEUE t-20260611-182536-b98cc6 role=ops level=S timeout=30s hb=5s
[18:25:36] HEARTBEAT t-20260611-182536-b98cc6 status=running progress=None/None msg=
[18:25:36] ENQUEUE t-20260611-182536-615f85 role=ops level=S timeout=30s hb=2s
[18:25:36] NUDGE_WRITE t-20260611-182536-615f85 kind=nudge gap=0s
[18:25:36] NUDGE_CONSUME t-20260611-182536-615f85 kind=nudge
[18:25:36] ENQUEUE t-20260611-182536-132110 role=ops level=S timeout=30s hb=2s
[18:25:36] HEARTBEAT t-20260611-182536-132110 status=running progress=None/None msg=
[18:25:36] ENQUEUE t-20260611-182536-df63a7 role=ops level=S timeout=30s hb=2s
[18:25:36] HEARTBEAT t-20260611-182536-df63a7 status=running progress=None/None msg=
[18:25:36] ENQUEUE t-20260611-182536-2a0acf role=ops level=S timeout=30s hb=2s
[18:25:36] HEARTBEAT t-20260611-182536-2a0acf status=running progress=None/None msg=
[18:25:37] NUDGE_WRITE t-20260611-182536-132110 kind=ping gap=4s
[18:25:37] NUDGE_WRITE t-20260611-182536-2a0acf kind=escalate gap=8s
[18:25:37] NUDGE_WRITE t-20260611-182536-df63a7 kind=escalate gap=6s
[18:25:55] ENQUEUE t-20260611-182555-0f3e69 role=ops level=S timeout=30s hb=5s
[18:25:55] NUDGE_WRITE t-20260611-182555-0f3e69 kind=nudge gap=10s
[18:25:55] NUDGE_CONSUME t-20260611-182555-0f3e69 kind=nudge
[18:25:55] NUDGE_WRITE t-20260611-182555-0f3e69 kind=ping gap=20s
[18:25:55] NUDGE_CONSUME t-20260611-182555-0f3e69 kind=ping
[18:25:55] ENQUEUE t-20260611-182555-640032 role=ops level=S timeout=30s hb=2s
[18:25:55] HEARTBEAT t-20260611-182555-640032 status=running progress=None/None msg=刚跑
[18:25:55] ENQUEUE t-20260611-182555-d95844 role=ops level=S timeout=30s hb=2s
[18:25:55] HEARTBEAT t-20260611-182555-d95844 status=running progress=None/None msg=
[18:25:55] ENQUEUE t-20260611-182555-594166 role=ops level=S timeout=30s hb=2s
[18:25:55] HEARTBEAT t-20260611-182555-594166 status=running progress=None/None msg=
[18:25:55] ENQUEUE t-20260611-182555-23d23a role=ops level=S timeout=30s hb=2s
[18:25:55] HEARTBEAT t-20260611-182555-23d23a status=running progress=None/None msg=
[18:25:55] ENQUEUE t-20260611-182555-173e22 role=ops level=S timeout=5s hb=2s
[18:25:55] HEARTBEAT t-20260611-182555-173e22 status=running progress=None/None msg=
[18:25:55] NUDGE_WRITE t-20260611-182555-d95844 kind=nudge gap=3s
[18:25:55] NUDGE_WRITE t-20260611-182555-594166 kind=ping gap=5s
[18:25:55] NUDGE_WRITE t-20260611-182555-23d23a kind=escalate gap=7s
[18:25:55] TIMEOUT_BATCH 1 tasks
[18:25:55] ENQUEUE t-20260611-182555-17fb8a role=ops level=S timeout=30s hb=2s
[18:25:55] NUDGE_WRITE t-20260611-182555-17fb8a kind=nudge gap=3s
[18:25:55] NUDGE_CONSUME t-20260611-182555-17fb8a kind=nudge
[18:25:55] HEARTBEAT t-20260611-182555-17fb8a status=running progress=None/None msg=RESPONDING_TO_NUDGE: 正在跑第 2 步
[18:25:55] ENQUEUE t-20260611-182555-840466 role=ops level=S timeout=30s hb=2s
[18:25:55] HEARTBEAT t-20260611-182555-840466 status=running progress=None/None msg=
[18:25:55] NUDGE_WRITE t-20260611-182555-840466 kind=nudge gap=2s
[18:25:55] NUDGE_WRITE t-20260611-182555-840466 kind=ping gap=4s
[18:25:55] NUDGE_WRITE t-20260611-182555-840466 kind=escalate gap=7s
[18:25:55] NUDGE_CONSUME t-20260611-182555-840466 kind=escalate
[18:25:55] ENQUEUE t-20260611-182555-a3770e role=ops level=S timeout=30s hb=5s
[18:25:55] HEARTBEAT t-20260611-182555-a3770e status=running progress=None/None msg=
[18:25:55] ENQUEUE t-20260611-182555-c2aa2c role=ops level=S timeout=30s hb=2s
[18:25:55] NUDGE_WRITE t-20260611-182555-c2aa2c kind=nudge gap=0s
[18:25:55] NUDGE_CONSUME t-20260611-182555-c2aa2c kind=nudge
[18:25:55] ENQUEUE t-20260611-182555-d1871c role=ops level=S timeout=30s hb=2s
[18:25:55] HEARTBEAT t-20260611-182555-d1871c status=running progress=None/None msg=
[18:25:55] ENQUEUE t-20260611-182555-1b8c88 role=ops level=S timeout=30s hb=2s
[18:25:55] HEARTBEAT t-20260611-182555-1b8c88 status=running progress=None/None msg=
[18:25:55] ENQUEUE t-20260611-182555-93b433 role=ops level=S timeout=30s hb=2s
[18:25:55] HEARTBEAT t-20260611-182555-93b433 status=running progress=None/None msg=
[18:25:56] ENQUEUE t-20260611-182556-75cf42 role=ops level=S timeout=30s hb=5s
[18:25:56] NUDGE_WRITE t-20260611-182556-75cf42 kind=nudge gap=10s
[18:25:56] NUDGE_CONSUME t-20260611-182556-75cf42 kind=nudge
[18:25:56] NUDGE_WRITE t-20260611-182556-75cf42 kind=ping gap=20s
[18:25:56] NUDGE_CONSUME t-20260611-182556-75cf42 kind=ping
[18:25:56] ENQUEUE t-20260611-182556-0a0d87 role=ops level=S timeout=30s hb=2s
[18:25:56] HEARTBEAT t-20260611-182556-0a0d87 status=running progress=None/None msg=刚跑
[18:25:56] ENQUEUE t-20260611-182556-c63b9b role=ops level=S timeout=30s hb=2s
[18:25:56] HEARTBEAT t-20260611-182556-c63b9b status=running progress=None/None msg=
[18:25:56] ENQUEUE t-20260611-182556-819df8 role=ops level=S timeout=30s hb=2s
[18:25:56] HEARTBEAT t-20260611-182556-819df8 status=running progress=None/None msg=
[18:25:56] ENQUEUE t-20260611-182556-170b3e role=ops level=S timeout=30s hb=2s
[18:25:56] HEARTBEAT t-20260611-182556-170b3e status=running progress=None/None msg=
[18:25:56] ENQUEUE t-20260611-182556-dfd2a6 role=ops level=S timeout=5s hb=2s
[18:25:56] HEARTBEAT t-20260611-182556-dfd2a6 status=running progress=None/None msg=
[18:25:56] NUDGE_WRITE t-20260611-182556-c63b9b kind=nudge gap=3s
[18:25:56] NUDGE_WRITE t-20260611-182556-819df8 kind=ping gap=5s
[18:25:56] NUDGE_WRITE t-20260611-182556-170b3e kind=escalate gap=7s
[18:25:56] TIMEOUT_BATCH 1 tasks
[18:25:56] ENQUEUE t-20260611-182556-b153c7 role=ops level=S timeout=30s hb=2s
[18:25:56] NUDGE_WRITE t-20260611-182556-b153c7 kind=nudge gap=3s
[18:25:56] NUDGE_CONSUME t-20260611-182556-b153c7 kind=nudge
[18:25:56] HEARTBEAT t-20260611-182556-b153c7 status=running progress=None/None msg=RESPONDING_TO_NUDGE: 正在跑第 2 步
[18:25:56] ENQUEUE t-20260611-182556-ac18dd role=ops level=S timeout=30s hb=2s
[18:25:56] HEARTBEAT t-20260611-182556-ac18dd status=running progress=None/None msg=
[18:25:56] NUDGE_WRITE t-20260611-182556-ac18dd kind=nudge gap=2s
[18:25:56] NUDGE_WRITE t-20260611-182556-ac18dd kind=ping gap=4s
[18:25:56] NUDGE_WRITE t-20260611-182556-ac18dd kind=escalate gap=7s
[18:25:56] NUDGE_CONSUME t-20260611-182556-ac18dd kind=escalate
[18:25:56] ENQUEUE t-20260611-182556-eff7d0 role=ops level=S timeout=30s hb=5s
[18:25:56] HEARTBEAT t-20260611-182556-eff7d0 status=running progress=None/None msg=
[18:25:56] ENQUEUE t-20260611-182556-0bbd08 role=ops level=S timeout=30s hb=2s
[18:25:56] NUDGE_WRITE t-20260611-182556-0bbd08 kind=nudge gap=0s
[18:25:56] NUDGE_CONSUME t-20260611-182556-0bbd08 kind=nudge
[18:25:56] ENQUEUE t-20260611-182556-4f0afa role=ops level=S timeout=30s hb=2s
[18:25:56] HEARTBEAT t-20260611-182556-4f0afa status=running progress=None/None msg=
[18:25:56] ENQUEUE t-20260611-182556-5ddf42 role=ops level=S timeout=30s hb=2s
[18:25:56] HEARTBEAT t-20260611-182556-5ddf42 status=running progress=None/None msg=
[18:25:56] ENQUEUE t-20260611-182556-738208 role=ops level=S timeout=30s hb=2s
[18:25:56] HEARTBEAT t-20260611-182556-738208 status=running progress=None/None msg=
[18:25:56] ENQUEUE t-20260611-182556-94b14a role=ops level=S timeout=30s hb=5s
[18:25:56] NUDGE_WRITE t-20260611-182556-94b14a kind=nudge gap=10s
[18:25:56] NUDGE_CONSUME t-20260611-182556-94b14a kind=nudge
[18:25:56] NUDGE_WRITE t-20260611-182556-94b14a kind=ping gap=20s
[18:25:56] NUDGE_CONSUME t-20260611-182556-94b14a kind=ping
[18:25:56] ENQUEUE t-20260611-182556-1462e0 role=ops level=S timeout=30s hb=2s
[18:25:56] HEARTBEAT t-20260611-182556-1462e0 status=running progress=None/None msg=刚跑
[18:25:56] ENQUEUE t-20260611-182556-629f9a role=ops level=S timeout=30s hb=2s
[18:25:56] HEARTBEAT t-20260611-182556-629f9a status=running progress=None/None msg=
[18:25:56] ENQUEUE t-20260611-182556-036703 role=ops level=S timeout=30s hb=2s
[18:25:56] HEARTBEAT t-20260611-182556-036703 status=running progress=None/None msg=
[18:25:56] ENQUEUE t-20260611-182556-8d9778 role=ops level=S timeout=30s hb=2s
[18:25:56] HEARTBEAT t-20260611-182556-8d9778 status=running progress=None/None msg=
[18:25:56] ENQUEUE t-20260611-182556-09e1e9 role=ops level=S timeout=5s hb=2s
[18:25:56] HEARTBEAT t-20260611-182556-09e1e9 status=running progress=None/None msg=
[18:25:56] NUDGE_WRITE t-20260611-182556-629f9a kind=nudge gap=3s
[18:25:56] NUDGE_WRITE t-20260611-182556-036703 kind=ping gap=5s
[18:25:56] NUDGE_WRITE t-20260611-182556-8d9778 kind=escalate gap=7s
[18:25:56] TIMEOUT_BATCH 1 tasks
[18:25:57] ENQUEUE t-20260611-182557-7a5acf role=ops level=S timeout=30s hb=2s
[18:25:57] NUDGE_WRITE t-20260611-182557-7a5acf kind=nudge gap=3s
[18:25:57] NUDGE_CONSUME t-20260611-182557-7a5acf kind=nudge
[18:25:57] HEARTBEAT t-20260611-182557-7a5acf status=running progress=None/None msg=RESPONDING_TO_NUDGE: 正在跑第 2 步
[18:25:57] ENQUEUE t-20260611-182557-77c8fb role=ops level=S timeout=30s hb=2s
[18:25:57] HEARTBEAT t-20260611-182557-77c8fb status=running progress=None/None msg=
[18:25:57] NUDGE_WRITE t-20260611-182557-77c8fb kind=nudge gap=2s
[18:25:57] NUDGE_WRITE t-20260611-182557-77c8fb kind=ping gap=4s
[18:25:57] NUDGE_WRITE t-20260611-182557-77c8fb kind=escalate gap=7s
[18:25:57] NUDGE_CONSUME t-20260611-182557-77c8fb kind=escalate
[18:25:57] ENQUEUE t-20260611-182557-156203 role=ops level=S timeout=30s hb=5s
[18:25:57] HEARTBEAT t-20260611-182557-156203 status=running progress=None/None msg=
[18:25:57] ENQUEUE t-20260611-182557-0e5aa4 role=ops level=S timeout=30s hb=2s
[18:25:57] NUDGE_WRITE t-20260611-182557-0e5aa4 kind=nudge gap=0s
[18:25:57] NUDGE_CONSUME t-20260611-182557-0e5aa4 kind=nudge
[18:25:57] ENQUEUE t-20260611-182557-b08cef role=ops level=S timeout=30s hb=2s
[18:25:57] HEARTBEAT t-20260611-182557-b08cef status=running progress=None/None msg=
[18:25:57] ENQUEUE t-20260611-182557-a18f8a role=ops level=S timeout=30s hb=2s
[18:25:57] HEARTBEAT t-20260611-182557-a18f8a status=running progress=None/None msg=
[18:25:57] ENQUEUE t-20260611-182557-3023fd role=ops level=S timeout=30s hb=2s
[18:25:57] HEARTBEAT t-20260611-182557-3023fd status=running progress=None/None msg=
[18:26:37] ENQUEUE t-20260611-182637-b91c83 role=ops level=S timeout=5s hb=2s
[18:26:37] CANCEL t-20260611-182637-b91c83
[18:26:37] TIMEOUT_BATCH 3 tasks
