[00:00:00] PUSH [error] 🚨 任务升级到 escalate: t-20260612-093433-1ce224
角色: researcher 等级: L
目标: 长期任务: 联网学习 MT4/MT5 EA + 免费EA解析 + 设计/编译/测试
心跳断: 50071秒前 (3×stale=900s)
进度: {'current': 0, 'message': '[3/6 ✓] 写完 REPORT.md. heartbeat 改 5min, 继续设计 EA 稿', 'total': 0}
→ 子 agent 已冻结，等你拍板（重试/换思路/取消）
[00:01:00] PUSH [error] 🚨 任务升级到 escalate: t-20260612-093433-1ce224
角色: researcher 等级: L
目标: 长期任务: 联网学习 MT4/MT5 EA + 免费EA解析 + 设计/编译/测试
心跳断: 50131秒前 (3×stale=900s)
进度: {'current': 0, 'message': '[3/6 ✓] 写完 REPORT.md. heartbeat 改 5min, 继续设计 EA 稿', 'total': 0}
→ 子 agent 已冻结，等你拍板（重试/换思路/取消）
[00:02:00] PUSH [error] 🚨 任务升级到 escalate: t-20260612-093433-1ce224
角色: researcher 等级: L
目标: 长期任务: 联网学习 MT4/MT5 EA + 免费EA解析 + 设计/编译/测试
心跳断: 50191秒前 (3×stale=900s)
进度: {'current': 0, 'message': '[3/6 ✓] 写完 REPORT.md. heartbeat 改 5min, 继续设计 EA 稿', 'total': 0}
→ 子 agent 已冻结，等你拍板（重试/换思路/取消）
[00:03:00] PUSH [error] 🚨 任务升级到 escalate: t-20260612-093433-1ce224
角色: researcher 等级: L
目标: 长期任务: 联网学习 MT4/MT5 EA + 免费EA解析 + 设计/编译/测试
心跳断: 50251秒前 (3×stale=900s)
进度: {'current': 0, 'message': '[3/6 ✓] 写完 REPORT.md. heartbeat 改 5min, 继续设计 EA 稿', 'total': 0}
→ 子 agent 已冻结，等你拍板（重试/换思路/取消）
[00:04:00] PUSH [error] 🚨 任务升级到 escalate: t-20260612-093433-1ce224
角色: researcher 等级: L
目标: 长期任务: 联网学习 MT4/MT5 EA + 免费EA解析 + 设计/编译/测试
心跳断: 50311秒前 (3×stale=900s)
进度: {'current': 0, 'message': '[3/6 ✓] 写完 REPORT.md. heartbeat 改 5min, 继续设计 EA 稿', 'total': 0}
→ 子 agent 已冻结，等你拍板（重试/换思路/取消）
[00:05:00] PUSH [error] 🚨 任务升级到 escalate: t-20260612-093433-1ce224
角色: researcher 等级: L
目标: 长期任务: 联网学习 MT4/MT5 EA + 免费EA解析 + 设计/编译/测试
心跳断: 50371秒前 (3×stale=900s)
进度: {'current': 0, 'message': '[3/6 ✓] 写完 REPORT.md. heartbeat 改 5min, 继续设计 EA 稿', 'total': 0}
→ 子 agent 已冻结，等你拍板（重试/换思路/取消）
[00:06:00] PUSH [error] 🚨 任务升级到 escalate: t-20260612-093433-1ce224
角色: researcher 等级: L
目标: 长期任务: 联网学习 MT4/MT5 EA + 免费EA解析 + 设计/编译/测试
心跳断: 50431秒前 (3×stale=900s)
进度: {'current': 0, 'message': '[3/6 ✓] 写完 REPORT.md. heartbeat 改 5min, 继续设计 EA 稿', 'total': 0}
→ 子 agent 已冻结，等你拍板（重试/换思路/取消）
[00:07:00] PUSH [error] 🚨 任务升级到 escalate: t-20260612-093433-1ce224
角色: researcher 等级: L
目标: 长期任务: 联网学习 MT4/MT5 EA + 免费EA解析 + 设计/编译/测试
心跳断: 50491秒前 (3×stale=900s)
进度: {'current': 0, 'message': '[3/6 ✓] 写完 REPORT.md. heartbeat 改 5min, 继续设计 EA 稿', 'total': 0}
→ 子 agent 已冻结，等你拍板（重试/换思路/取消）
[00:08:00] PUSH [error] 🚨 任务升级到 escalate: t-20260612-093433-1ce224
角色: researcher 等级: L
目标: 长期任务: 联网学习 MT4/MT5 EA + 免费EA解析 + 设计/编译/测试
心跳断: 50551秒前 (3×stale=900s)
进度: {'current': 0, 'message': '[3/6 ✓] 写完 REPORT.md. heartbeat 改 5min, 继续设计 EA 稿', 'total': 0}
→ 子 agent 已冻结，等你拍板（重试/换思路/取消）
[00:09:00] PUSH [error] 🚨 任务升级到 escalate: t-20260612-093433-1ce224
角色: researcher 等级: L
目标: 长期任务: 联网学习 MT4/MT5 EA + 免费EA解析 + 设计/编译/测试
心跳断: 50611秒前 (3×stale=900s)
进度: {'current': 0, 'message': '[3/6 ✓] 写完 REPORT.md. heartbeat 改 5min, 继续设计 EA 稿', 'total': 0}
→ 子 agent 已冻结，等你拍板（重试/换思路/取消）
[00:10:00] PUSH [error] 🚨 任务升级到 escalate: t-20260612-093433-1ce224
角色: researcher 等级: L
目标: 长期任务: 联网学习 MT4/MT5 EA + 免费EA解析 + 设计/编译/测试
心跳断: 50671秒前 (3×stale=900s)
进度: {'current': 0, 'message': '[3/6 ✓] 写完 REPORT.md. heartbeat 改 5min, 继续设计 EA 稿', 'total': 0}
→ 子 agent 已冻结，等你拍板（重试/换思路/取消）
[00:11:00] PUSH [error] 🚨 任务升级到 escalate: t-20260612-093433-1ce224
角色: researcher 等级: L
目标: 长期任务: 联网学习 MT4/MT5 EA + 免费EA解析 + 设计/编译/测试
心跳断: 50731秒前 (3×stale=900s)
进度: {'current': 0, 'message': '[3/6 ✓] 写完 REPORT.md. heartbeat 改 5min, 继续设计 EA 稿', 'total': 0}
→ 子 agent 已冻结，等你拍板（重试/换思路/取消）
[00:12:00] PUSH [error] 🚨 任务升级到 escalate: t-20260612-093433-1ce224
角色: researcher 等级: L
目标: 长期任务: 联网学习 MT4/MT5 EA + 免费EA解析 + 设计/编译/测试
心跳断: 50791秒前 (3×stale=900s)
进度: {'current': 0, 'message': '[3/6 ✓] 写完 REPORT.md. heartbeat 改 5min, 继续设计 EA 稿', 'total': 0}
→ 子 agent 已冻结，等你拍板（重试/换思路/取消）
[00:13:00] PUSH [error] 🚨 任务升级到 escalate: t-20260612-093433-1ce224
角色: researcher 等级: L
目标: 长期任务: 联网学习 MT4/MT5 EA + 免费EA解析 + 设计/编译/测试
心跳断: 50851秒前 (3×stale=900s)
进度: {'current': 0, 'message': '[3/6 ✓] 写完 REPORT.md. heartbeat 改 5min, 继续设计 EA 稿', 'total': 0}
→ 子 agent 已冻结，等你拍板（重试/换思路/取消）
[00:14:00] PUSH [error] 🚨 任务升级到 escalate: t-20260612-093433-1ce224
角色: researcher 等级: L
目标: 长期任务: 联网学习 MT4/MT5 EA + 免费EA解析 + 设计/编译/测试
心跳断: 50911秒前 (3×stale=900s)
进度: {'current': 0, 'message': '[3/6 ✓] 写完 REPORT.md. heartbeat 改 5min, 继续设计 EA 稿', 'total': 0}
→ 子 agent 已冻结，等你拍板（重试/换思路/取消）
[00:15:00] PUSH [error] 🚨 任务升级到 escalate: t-20260612-093433-1ce224
角色: researcher 等级: L
目标: 长期任务: 联网学习 MT4/MT5 EA + 免费EA解析 + 设计/编译/测试
心跳断: 50971秒前 (3×stale=900s)
进度: {'current': 0, 'message': '[3/6 ✓] 写完 REPORT.md. heartbeat 改 5min, 继续设计 EA 稿', 'total': 0}
→ 子 agent 已冻结，等你拍板（重试/换思路/取消）
[00:16:00] PUSH [error] 🚨 任务升级到 escalate: t-20260612-093433-1ce224
角色: researcher 等级: L
目标: 长期任务: 联网学习 MT4/MT5 EA + 免费EA解析 + 设计/编译/测试
心跳断: 51031秒前 (3×stale=900s)
进度: {'current': 0, 'message': '[3/6 ✓] 写完 REPORT.md. heartbeat 改 5min, 继续设计 EA 稿', 'total': 0}
→ 子 agent 已冻结，等你拍板（重试/换思路/取消）
[00:17:00] PUSH [error] 🚨 任务升级到 escalate: t-20260612-093433-1ce224
角色: researcher 等级: L
目标: 长期任务: 联网学习 MT4/MT5 EA + 免费EA解析 + 设计/编译/测试
心跳断: 51091秒前 (3×stale=900s)
进度: {'current': 0, 'message': '[3/6 ✓] 写完 REPORT.md. heartbeat 改 5min, 继续设计 EA 稿', 'total': 0}
→ 子 agent 已冻结，等你拍板（重试/换思路/取消）
[00:18:00] PUSH [error] 🚨 任务升级到 escalate: t-20260612-093433-1ce224
角色: researcher 等级: L
目标: 长期任务: 联网学习 MT4/MT5 EA + 免费EA解析 + 设计/编译/测试
心跳断: 51151秒前 (3×stale=900s)
进度: {'current': 0, 'message': '[3/6 ✓] 写完 REPORT.md. heartbeat 改 5min, 继续设计 EA 稿', 'total': 0}
→ 子 agent 已冻结，等你拍板（重试/换思路/取消）
[00:19:00] PUSH [error] 🚨 任务升级到 escalate: t-20260612-093433-1ce224
角色: researcher 等级: L
目标: 长期任务: 联网学习 MT4/MT5 EA + 免费EA解析 + 设计/编译/测试
心跳断: 51211秒前 (3×stale=900s)
进度: {'current': 0, 'message': '[3/6 ✓] 写完 REPORT.md. heartbeat 改 5min, 继续设计 EA 稿', 'total': 0}
→ 子 agent 已冻结，等你拍板（重试/换思路/取消）
[00:20:00] PUSH [error] 🚨 任务升级到 escalate: t-20260612-093433-1ce224
角色: researcher 等级: L
目标: 长期任务: 联网学习 MT4/MT5 EA + 免费EA解析 + 设计/编译/测试
心跳断: 51271秒前 (3×stale=900s)
进度: {'current': 0, 'message': '[3/6 ✓] 写完 REPORT.md. heartbeat 改 5min, 继续设计 EA 稿', 'total': 0}
→ 子 agent 已冻结，等你拍板（重试/换思路/取消）
[00:21:00] PUSH [error] 🚨 任务升级到 escalate: t-20260612-093433-1ce224
角色: researcher 等级: L
目标: 长期任务: 联网学习 MT4/MT5 EA + 免费EA解析 + 设计/编译/测试
心跳断: 51331秒前 (3×stale=900s)
进度: {'current': 0, 'message': '[3/6 ✓] 写完 REPORT.md. heartbeat 改 5min, 继续设计 EA 稿', 'total': 0}
→ 子 agent 已冻结，等你拍板（重试/换思路/取消）
[00:22:00] PUSH [error] 🚨 任务升级到 escalate: t-20260612-093433-1ce224
角色: researcher 等级: L
目标: 长期任务: 联网学习 MT4/MT5 EA + 免费EA解析 + 设计/编译/测试
心跳断: 51391秒前 (3×stale=900s)
进度: {'current': 0, 'message': '[3/6 ✓] 写完 REPORT.md. heartbeat 改 5min, 继续设计 EA 稿', 'total': 0}
→ 子 agent 已冻结，等你拍板（重试/换思路/取消）
[00:23:00] PUSH [error] 🚨 任务升级到 escalate: t-20260612-093433-1ce224
角色: researcher 等级: L
目标: 长期任务: 联网学习 MT4/MT5 EA + 免费EA解析 + 设计/编译/测试
心跳断: 51451秒前 (3×stale=900s)
进度: {'current': 0, 'message': '[3/6 ✓] 写完 REPORT.md. heartbeat 改 5min, 继续设计 EA 稿', 'total': 0}
→ 子 agent 已冻结，等你拍板（重试/换思路/取消）
[00:24:00] PUSH [error] 🚨 任务升级到 escalate: t-20260612-093433-1ce224
角色: researcher 等级: L
目标: 长期任务: 联网学习 MT4/MT5 EA + 免费EA解析 + 设计/编译/测试
心跳断: 51511秒前 (3×stale=900s)
进度: {'current': 0, 'message': '[3/6 ✓] 写完 REPORT.md. heartbeat 改 5min, 继续设计 EA 稿', 'total': 0}
→ 子 agent 已冻结，等你拍板（重试/换思路/取消）
[00:25:00] PUSH [error] 🚨 任务升级到 escalate: t-20260612-093433-1ce224
角色: researcher 等级: L
目标: 长期任务: 联网学习 MT4/MT5 EA + 免费EA解析 + 设计/编译/测试
心跳断: 51571秒前 (3×stale=900s)
进度: {'current': 0, 'message': '[3/6 ✓] 写完 REPORT.md. heartbeat 改 5min, 继续设计 EA 稿', 'total': 0}
→ 子 agent 已冻结，等你拍板（重试/换思路/取消）
[00:26:00] PUSH [error] 🚨 任务升级到 escalate: t-20260612-093433-1ce224
角色: researcher 等级: L
目标: 长期任务: 联网学习 MT4/MT5 EA + 免费EA解析 + 设计/编译/测试
心跳断: 51631秒前 (3×stale=900s)
进度: {'current': 0, 'message': '[3/6 ✓] 写完 REPORT.md. heartbeat 改 5min, 继续设计 EA 稿', 'total': 0}
→ 子 agent 已冻结，等你拍板（重试/换思路/取消）
[00:27:00] PUSH [error] 🚨 任务升级到 escalate: t-20260612-093433-1ce224
角色: researcher 等级: L
目标: 长期任务: 联网学习 MT4/MT5 EA + 免费EA解析 + 设计/编译/测试
心跳断: 51691秒前 (3×stale=900s)
进度: {'current': 0, 'message': '[3/6 ✓] 写完 REPORT.md. heartbeat 改 5min, 继续设计 EA 稿', 'total': 0}
→ 子 agent 已冻结，等你拍板（重试/换思路/取消）
[00:28:00] PUSH [error] 🚨 任务升级到 escalate: t-20260612-093433-1ce224
角色: researcher 等级: L
目标: 长期任务: 联网学习 MT4/MT5 EA + 免费EA解析 + 设计/编译/测试
心跳断: 51751秒前 (3×stale=900s)
进度: {'current': 0, 'message': '[3/6 ✓] 写完 REPORT.md. heartbeat 改 5min, 继续设计 EA 稿', 'total': 0}
→ 子 agent 已冻结，等你拍板（重试/换思路/取消）
[00:29:00] PUSH [error] 🚨 任务升级到 escalate: t-20260612-093433-1ce224
角色: researcher 等级: L
目标: 长期任务: 联网学习 MT4/MT5 EA + 免费EA解析 + 设计/编译/测试
心跳断: 51811秒前 (3×stale=900s)
进度: {'current': 0, 'message': '[3/6 ✓] 写完 REPORT.md. heartbeat 改 5min, 继续设计 EA 稿', 'total': 0}
→ 子 agent 已冻结，等你拍板（重试/换思路/取消）
[00:30:00] PUSH [error] 🚨 任务升级到 escalate: t-20260612-093433-1ce224
角色: researcher 等级: L
目标: 长期任务: 联网学习 MT4/MT5 EA + 免费EA解析 + 设计/编译/测试
心跳断: 51871秒前 (3×stale=900s)
进度: {'current': 0, 'message': '[3/6 ✓] 写完 REPORT.md. heartbeat 改 5min, 继续设计 EA 稿', 'total': 0}
→ 子 agent 已冻结，等你拍板（重试/换思路/取消）
[00:31:00] PUSH [error] 🚨 任务升级到 escalate: t-20260612-093433-1ce224
角色: researcher 等级: L
目标: 长期任务: 联网学习 MT4/MT5 EA + 免费EA解析 + 设计/编译/测试
心跳断: 51931秒前 (3×stale=900s)
进度: {'current': 0, 'message': '[3/6 ✓] 写完 REPORT.md. heartbeat 改 5min, 继续设计 EA 稿', 'total': 0}
→ 子 agent 已冻结，等你拍板（重试/换思路/取消）
[00:32:00] PUSH [error] 🚨 任务升级到 escalate: t-20260612-093433-1ce224
角色: researcher 等级: L
目标: 长期任务: 联网学习 MT4/MT5 EA + 免费EA解析 + 设计/编译/测试
心跳断: 51991秒前 (3×stale=900s)
进度: {'current': 0, 'message': '[3/6 ✓] 写完 REPORT.md. heartbeat 改 5min, 继续设计 EA 稿', 'total': 0}
→ 子 agent 已冻结，等你拍板（重试/换思路/取消）
[00:33:00] PUSH [error] 🚨 任务升级到 escalate: t-20260612-093433-1ce224
角色: researcher 等级: L
目标: 长期任务: 联网学习 MT4/MT5 EA + 免费EA解析 + 设计/编译/测试
心跳断: 52051秒前 (3×stale=900s)
进度: {'current': 0, 'message': '[3/6 ✓] 写完 REPORT.md. heartbeat 改 5min, 继续设计 EA 稿', 'total': 0}
→ 子 agent 已冻结，等你拍板（重试/换思路/取消）
[00:34:00] PUSH [error] 🚨 任务升级到 escalate: t-20260612-093433-1ce224
角色: researcher 等级: L
目标: 长期任务: 联网学习 MT4/MT5 EA + 免费EA解析 + 设计/编译/测试
心跳断: 52111秒前 (3×stale=900s)
进度: {'current': 0, 'message': '[3/6 ✓] 写完 REPORT.md. heartbeat 改 5min, 继续设计 EA 稿', 'total': 0}
→ 子 agent 已冻结，等你拍板（重试/换思路/取消）
[00:35:00] PUSH [error] 🚨 任务升级到 escalate: t-20260612-093433-1ce224
角色: researcher 等级: L
目标: 长期任务: 联网学习 MT4/MT5 EA + 免费EA解析 + 设计/编译/测试
心跳断: 52171秒前 (3×stale=900s)
进度: {'current': 0, 'message': '[3/6 ✓] 写完 REPORT.md. heartbeat 改 5min, 继续设计 EA 稿', 'total': 0}
→ 子 agent 已冻结，等你拍板（重试/换思路/取消）
[00:36:00] PUSH [error] 🚨 任务升级到 escalate: t-20260612-093433-1ce224
角色: researcher 等级: L
目标: 长期任务: 联网学习 MT4/MT5 EA + 免费EA解析 + 设计/编译/测试
心跳断: 52231秒前 (3×stale=900s)
进度: {'current': 0, 'message': '[3/6 ✓] 写完 REPORT.md. heartbeat 改 5min, 继续设计 EA 稿', 'total': 0}
→ 子 agent 已冻结，等你拍板（重试/换思路/取消）
[00:37:00] PUSH [error] 🚨 任务升级到 escalate: t-20260612-093433-1ce224
角色: researcher 等级: L
目标: 长期任务: 联网学习 MT4/MT5 EA + 免费EA解析 + 设计/编译/测试
心跳断: 52291秒前 (3×stale=900s)
进度: {'current': 0, 'message': '[3/6 ✓] 写完 REPORT.md. heartbeat 改 5min, 继续设计 EA 稿', 'total': 0}
→ 子 agent 已冻结，等你拍板（重试/换思路/取消）
[00:38:00] PUSH [error] 🚨 任务升级到 escalate: t-20260612-093433-1ce224
角色: researcher 等级: L
目标: 长期任务: 联网学习 MT4/MT5 EA + 免费EA解析 + 设计/编译/测试
心跳断: 52351秒前 (3×stale=900s)
进度: {'current': 0, 'message': '[3/6 ✓] 写完 REPORT.md. heartbeat 改 5min, 继续设计 EA 稿', 'total': 0}
→ 子 agent 已冻结，等你拍板（重试/换思路/取消）
[00:39:00] PUSH [error] 🚨 任务升级到 escalate: t-20260612-093433-1ce224
角色: researcher 等级: L
目标: 长期任务: 联网学习 MT4/MT5 EA + 免费EA解析 + 设计/编译/测试
心跳断: 52411秒前 (3×stale=900s)
进度: {'current': 0, 'message': '[3/6 ✓] 写完 REPORT.md. heartbeat 改 5min, 继续设计 EA 稿', 'total': 0}
→ 子 agent 已冻结，等你拍板（重试/换思路/取消）
[00:40:00] PUSH [error] 🚨 任务升级到 escalate: t-20260612-093433-1ce224
角色: researcher 等级: L
目标: 长期任务: 联网学习 MT4/MT5 EA + 免费EA解析 + 设计/编译/测试
心跳断: 52471秒前 (3×stale=900s)
进度: {'current': 0, 'message': '[3/6 ✓] 写完 REPORT.md. heartbeat 改 5min, 继续设计 EA 稿', 'total': 0}
→ 子 agent 已冻结，等你拍板（重试/换思路/取消）
[00:41:00] PUSH [error] 🚨 任务升级到 escalate: t-20260612-093433-1ce224
角色: researcher 等级: L
目标: 长期任务: 联网学习 MT4/MT5 EA + 免费EA解析 + 设计/编译/测试
心跳断: 52531秒前 (3×stale=900s)
进度: {'current': 0, 'message': '[3/6 ✓] 写完 REPORT.md. heartbeat 改 5min, 继续设计 EA 稿', 'total': 0}
→ 子 agent 已冻结，等你拍板（重试/换思路/取消）
[00:42:00] PUSH [error] 🚨 任务升级到 escalate: t-20260612-093433-1ce224
角色: researcher 等级: L
目标: 长期任务: 联网学习 MT4/MT5 EA + 免费EA解析 + 设计/编译/测试
心跳断: 52591秒前 (3×stale=900s)
进度: {'current': 0, 'message': '[3/6 ✓] 写完 REPORT.md. heartbeat 改 5min, 继续设计 EA 稿', 'total': 0}
→ 子 agent 已冻结，等你拍板（重试/换思路/取消）
[00:43:00] PUSH [error] 🚨 任务升级到 escalate: t-20260612-093433-1ce224
角色: researcher 等级: L
目标: 长期任务: 联网学习 MT4/MT5 EA + 免费EA解析 + 设计/编译/测试
心跳断: 52651秒前 (3×stale=900s)
进度: {'current': 0, 'message': '[3/6 ✓] 写完 REPORT.md. heartbeat 改 5min, 继续设计 EA 稿', 'total': 0}
→ 子 agent 已冻结，等你拍板（重试/换思路/取消）
[00:44:01] PUSH [error] 🚨 任务升级到 escalate: t-20260612-093433-1ce224
角色: researcher 等级: L
目标: 长期任务: 联网学习 MT4/MT5 EA + 免费EA解析 + 设计/编译/测试
心跳断: 52711秒前 (3×stale=900s)
进度: {'current': 0, 'message': '[3/6 ✓] 写完 REPORT.md. heartbeat 改 5min, 继续设计 EA 稿', 'total': 0}
→ 子 agent 已冻结，等你拍板（重试/换思路/取消）
[00:45:01] PUSH [error] 🚨 任务升级到 escalate: t-20260612-093433-1ce224
角色: researcher 等级: L
目标: 长期任务: 联网学习 MT4/MT5 EA + 免费EA解析 + 设计/编译/测试
心跳断: 52772秒前 (3×stale=900s)
进度: {'current': 0, 'message': '[3/6 ✓] 写完 REPORT.md. heartbeat 改 5min, 继续设计 EA 稿', 'total': 0}
→ 子 agent 已冻结，等你拍板（重试/换思路/取消）
[00:46:01] PUSH [error] 🚨 任务升级到 escalate: t-20260612-093433-1ce224
角色: researcher 等级: L
目标: 长期任务: 联网学习 MT4/MT5 EA + 免费EA解析 + 设计/编译/测试
心跳断: 52832秒前 (3×stale=900s)
进度: {'current': 0, 'message': '[3/6 ✓] 写完 REPORT.md. heartbeat 改 5min, 继续设计 EA 稿', 'total': 0}
→ 子 agent 已冻结，等你拍板（重试/换思路/取消）
[00:47:01] PUSH [error] 🚨 任务升级到 escalate: t-20260612-093433-1ce224
角色: researcher 等级: L
目标: 长期任务: 联网学习 MT4/MT5 EA + 免费EA解析 + 设计/编译/测试
心跳断: 52892秒前 (3×stale=900s)
进度: {'current': 0, 'message': '[3/6 ✓] 写完 REPORT.md. heartbeat 改 5min, 继续设计 EA 稿', 'total': 0}
→ 子 agent 已冻结，等你拍板（重试/换思路/取消）
[00:48:01] PUSH [error] 🚨 任务升级到 escalate: t-20260612-093433-1ce224
角色: researcher 等级: L
目标: 长期任务: 联网学习 MT4/MT5 EA + 免费EA解析 + 设计/编译/测试
心跳断: 52952秒前 (3×stale=900s)
进度: {'current': 0, 'message': '[3/6 ✓] 写完 REPORT.md. heartbeat 改 5min, 继续设计 EA 稿', 'total': 0}
→ 子 agent 已冻结，等你拍板（重试/换思路/取消）
[00:49:01] PUSH [error] 🚨 任务升级到 escalate: t-20260612-093433-1ce224
角色: researcher 等级: L
目标: 长期任务: 联网学习 MT4/MT5 EA + 免费EA解析 + 设计/编译/测试
心跳断: 53012秒前 (3×stale=900s)
进度: {'current': 0, 'message': '[3/6 ✓] 写完 REPORT.md. heartbeat 改 5min, 继续设计 EA 稿', 'total': 0}
→ 子 agent 已冻结，等你拍板（重试/换思路/取消）
[00:50:01] PUSH [error] 🚨 任务升级到 escalate: t-20260612-093433-1ce224
角色: researcher 等级: L
目标: 长期任务: 联网学习 MT4/MT5 EA + 免费EA解析 + 设计/编译/测试
心跳断: 53072秒前 (3×stale=900s)
进度: {'current': 0, 'message': '[3/6 ✓] 写完 REPORT.md. heartbeat 改 5min, 继续设计 EA 稿', 'total': 0}
→ 子 agent 已冻结，等你拍板（重试/换思路/取消）
[00:51:01] PUSH [error] 🚨 任务升级到 escalate: t-20260612-093433-1ce224
角色: researcher 等级: L
目标: 长期任务: 联网学习 MT4/MT5 EA + 免费EA解析 + 设计/编译/测试
心跳断: 53132秒前 (3×stale=900s)
进度: {'current': 0, 'message': '[3/6 ✓] 写完 REPORT.md. heartbeat 改 5min, 继续设计 EA 稿', 'total': 0}
→ 子 agent 已冻结，等你拍板（重试/换思路/取消）
[00:52:01] PUSH [error] 🚨 任务升级到 escalate: t-20260612-093433-1ce224
角色: researcher 等级: L
目标: 长期任务: 联网学习 MT4/MT5 EA + 免费EA解析 + 设计/编译/测试
心跳断: 53192秒前 (3×stale=900s)
进度: {'current': 0, 'message': '[3/6 ✓] 写完 REPORT.md. heartbeat 改 5min, 继续设计 EA 稿', 'total': 0}
→ 子 agent 已冻结，等你拍板（重试/换思路/取消）
[00:53:01] PUSH [error] 🚨 任务升级到 escalate: t-20260612-093433-1ce224
角色: researcher 等级: L
目标: 长期任务: 联网学习 MT4/MT5 EA + 免费EA解析 + 设计/编译/测试
心跳断: 53252秒前 (3×stale=900s)
进度: {'current': 0, 'message': '[3/6 ✓] 写完 REPORT.md. heartbeat 改 5min, 继续设计 EA 稿', 'total': 0}
→ 子 agent 已冻结，等你拍板（重试/换思路/取消）
[00:54:01] PUSH [error] 🚨 任务升级到 escalate: t-20260612-093433-1ce224
角色: researcher 等级: L
目标: 长期任务: 联网学习 MT4/MT5 EA + 免费EA解析 + 设计/编译/测试
心跳断: 53312秒前 (3×stale=900s)
进度: {'current': 0, 'message': '[3/6 ✓] 写完 REPORT.md. heartbeat 改 5min, 继续设计 EA 稿', 'total': 0}
→ 子 agent 已冻结，等你拍板（重试/换思路/取消）
[00:55:01] PUSH [error] 🚨 任务升级到 escalate: t-20260612-093433-1ce224
角色: researcher 等级: L
目标: 长期任务: 联网学习 MT4/MT5 EA + 免费EA解析 + 设计/编译/测试
心跳断: 53372秒前 (3×stale=900s)
进度: {'current': 0, 'message': '[3/6 ✓] 写完 REPORT.md. heartbeat 改 5min, 继续设计 EA 稿', 'total': 0}
→ 子 agent 已冻结，等你拍板（重试/换思路/取消）
[00:56:01] PUSH [error] 🚨 任务升级到 escalate: t-20260612-093433-1ce224
角色: researcher 等级: L
目标: 长期任务: 联网学习 MT4/MT5 EA + 免费EA解析 + 设计/编译/测试
心跳断: 53432秒前 (3×stale=900s)
进度: {'current': 0, 'message': '[3/6 ✓] 写完 REPORT.md. heartbeat 改 5min, 继续设计 EA 稿', 'total': 0}
→ 子 agent 已冻结，等你拍板（重试/换思路/取消）
[00:57:01] PUSH [error] 🚨 任务升级到 escalate: t-20260612-093433-1ce224
角色: researcher 等级: L
目标: 长期任务: 联网学习 MT4/MT5 EA + 免费EA解析 + 设计/编译/测试
心跳断: 53492秒前 (3×stale=900s)
进度: {'current': 0, 'message': '[3/6 ✓] 写完 REPORT.md. heartbeat 改 5min, 继续设计 EA 稿', 'total': 0}
→ 子 agent 已冻结，等你拍板（重试/换思路/取消）
[00:58:01] PUSH [error] 🚨 任务升级到 escalate: t-20260612-093433-1ce224
角色: researcher 等级: L
目标: 长期任务: 联网学习 MT4/MT5 EA + 免费EA解析 + 设计/编译/测试
心跳断: 53552秒前 (3×stale=900s)
进度: {'current': 0, 'message': '[3/6 ✓] 写完 REPORT.md. heartbeat 改 5min, 继续设计 EA 稿', 'total': 0}
→ 子 agent 已冻结，等你拍板（重试/换思路/取消）
[00:59:01] PUSH [error] 🚨 任务升级到 escalate: t-20260612-093433-1ce224
角色: researcher 等级: L
目标: 长期任务: 联网学习 MT4/MT5 EA + 免费EA解析 + 设计/编译/测试
心跳断: 53612秒前 (3×stale=900s)
进度: {'current': 0, 'message': '[3/6 ✓] 写完 REPORT.md. heartbeat 改 5min, 继续设计 EA 稿', 'total': 0}
→ 子 agent 已冻结，等你拍板（重试/换思路/取消）
[01:00:01] PUSH [error] 🚨 任务升级到 escalate: t-20260612-093433-1ce224
角色: researcher 等级: L
目标: 长期任务: 联网学习 MT4/MT5 EA + 免费EA解析 + 设计/编译/测试
心跳断: 53672秒前 (3×stale=900s)
进度: {'current': 0, 'message': '[3/6 ✓] 写完 REPORT.md. heartbeat 改 5min, 继续设计 EA 稿', 'total': 0}
→ 子 agent 已冻结，等你拍板（重试/换思路/取消）
[01:01:01] PUSH [error] 🚨 任务升级到 escalate: t-20260612-093433-1ce224
角色: researcher 等级: L
目标: 长期任务: 联网学习 MT4/MT5 EA + 免费EA解析 + 设计/编译/测试
心跳断: 53732秒前 (3×stale=900s)
进度: {'current': 0, 'message': '[3/6 ✓] 写完 REPORT.md. heartbeat 改 5min, 继续设计 EA 稿', 'total': 0}
→ 子 agent 已冻结，等你拍板（重试/换思路/取消）
[01:02:01] PUSH [error] 🚨 任务升级到 escalate: t-20260612-093433-1ce224
角色: researcher 等级: L
目标: 长期任务: 联网学习 MT4/MT5 EA + 免费EA解析 + 设计/编译/测试
心跳断: 53792秒前 (3×stale=900s)
进度: {'current': 0, 'message': '[3/6 ✓] 写完 REPORT.md. heartbeat 改 5min, 继续设计 EA 稿', 'total': 0}
→ 子 agent 已冻结，等你拍板（重试/换思路/取消）
[01:03:01] PUSH [error] 🚨 任务升级到 escalate: t-20260612-093433-1ce224
角色: researcher 等级: L
目标: 长期任务: 联网学习 MT4/MT5 EA + 免费EA解析 + 设计/编译/测试
心跳断: 53852秒前 (3×stale=900s)
进度: {'current': 0, 'message': '[3/6 ✓] 写完 REPORT.md. heartbeat 改 5min, 继续设计 EA 稿', 'total': 0}
→ 子 agent 已冻结，等你拍板（重试/换思路/取消）
[01:04:01] PUSH [error] 🚨 任务升级到 escalate: t-20260612-093433-1ce224
角色: researcher 等级: L
目标: 长期任务: 联网学习 MT4/MT5 EA + 免费EA解析 + 设计/编译/测试
心跳断: 53912秒前 (3×stale=900s)
进度: {'current': 0, 'message': '[3/6 ✓] 写完 REPORT.md. heartbeat 改 5min, 继续设计 EA 稿', 'total': 0}
→ 子 agent 已冻结，等你拍板（重试/换思路/取消）
[01:05:01] PUSH [error] 🚨 任务升级到 escalate: t-20260612-093433-1ce224
角色: researcher 等级: L
目标: 长期任务: 联网学习 MT4/MT5 EA + 免费EA解析 + 设计/编译/测试
心跳断: 53972秒前 (3×stale=900s)
进度: {'current': 0, 'message': '[3/6 ✓] 写完 REPORT.md. heartbeat 改 5min, 继续设计 EA 稿', 'total': 0}
→ 子 agent 已冻结，等你拍板（重试/换思路/取消）
[01:06:01] PUSH [error] 🚨 任务升级到 escalate: t-20260612-093433-1ce224
角色: researcher 等级: L
目标: 长期任务: 联网学习 MT4/MT5 EA + 免费EA解析 + 设计/编译/测试
心跳断: 54032秒前 (3×stale=900s)
进度: {'current': 0, 'message': '[3/6 ✓] 写完 REPORT.md. heartbeat 改 5min, 继续设计 EA 稿', 'total': 0}
→ 子 agent 已冻结，等你拍板（重试/换思路/取消）
[01:07:01] PUSH [error] 🚨 任务升级到 escalate: t-20260612-093433-1ce224
角色: researcher 等级: L
目标: 长期任务: 联网学习 MT4/MT5 EA + 免费EA解析 + 设计/编译/测试
心跳断: 54092秒前 (3×stale=900s)
进度: {'current': 0, 'message': '[3/6 ✓] 写完 REPORT.md. heartbeat 改 5min, 继续设计 EA 稿', 'total': 0}
→ 子 agent 已冻结，等你拍板（重试/换思路/取消）
[01:08:01] PUSH [error] 🚨 任务升级到 escalate: t-20260612-093433-1ce224
角色: researcher 等级: L
目标: 长期任务: 联网学习 MT4/MT5 EA + 免费EA解析 + 设计/编译/测试
心跳断: 54152秒前 (3×stale=900s)
进度: {'current': 0, 'message': '[3/6 ✓] 写完 REPORT.md. heartbeat 改 5min, 继续设计 EA 稿', 'total': 0}
→ 子 agent 已冻结，等你拍板（重试/换思路/取消）
[01:09:01] PUSH [error] 🚨 任务升级到 escalate: t-20260612-093433-1ce224
角色: researcher 等级: L
目标: 长期任务: 联网学习 MT4/MT5 EA + 免费EA解析 + 设计/编译/测试
心跳断: 54212秒前 (3×stale=900s)
进度: {'current': 0, 'message': '[3/6 ✓] 写完 REPORT.md. heartbeat 改 5min, 继续设计 EA 稿', 'total': 0}
→ 子 agent 已冻结，等你拍板（重试/换思路/取消）
[01:10:01] PUSH [error] 🚨 任务升级到 escalate: t-20260612-093433-1ce224
角色: researcher 等级: L
目标: 长期任务: 联网学习 MT4/MT5 EA + 免费EA解析 + 设计/编译/测试
心跳断: 54272秒前 (3×stale=900s)
进度: {'current': 0, 'message': '[3/6 ✓] 写完 REPORT.md. heartbeat 改 5min, 继续设计 EA 稿', 'total': 0}
→ 子 agent 已冻结，等你拍板（重试/换思路/取消）
[01:11:01] PUSH [error] 🚨 任务升级到 escalate: t-20260612-093433-1ce224
角色: researcher 等级: L
目标: 长期任务: 联网学习 MT4/MT5 EA + 免费EA解析 + 设计/编译/测试
心跳断: 54332秒前 (3×stale=900s)
进度: {'current': 0, 'message': '[3/6 ✓] 写完 REPORT.md. heartbeat 改 5min, 继续设计 EA 稿', 'total': 0}
→ 子 agent 已冻结，等你拍板（重试/换思路/取消）
[01:12:01] PUSH [error] 🚨 任务升级到 escalate: t-20260612-093433-1ce224
角色: researcher 等级: L
目标: 长期任务: 联网学习 MT4/MT5 EA + 免费EA解析 + 设计/编译/测试
心跳断: 54392秒前 (3×stale=900s)
进度: {'current': 0, 'message': '[3/6 ✓] 写完 REPORT.md. heartbeat 改 5min, 继续设计 EA 稿', 'total': 0}
→ 子 agent 已冻结，等你拍板（重试/换思路/取消）
[01:13:01] PUSH [error] 🚨 任务升级到 escalate: t-20260612-093433-1ce224
角色: researcher 等级: L
目标: 长期任务: 联网学习 MT4/MT5 EA + 免费EA解析 + 设计/编译/测试
心跳断: 54452秒前 (3×stale=900s)
进度: {'current': 0, 'message': '[3/6 ✓] 写完 REPORT.md. heartbeat 改 5min, 继续设计 EA 稿', 'total': 0}
→ 子 agent 已冻结，等你拍板（重试/换思路/取消）
[01:14:01] PUSH [error] 🚨 任务升级到 escalate: t-20260612-093433-1ce224
角色: researcher 等级: L
目标: 长期任务: 联网学习 MT4/MT5 EA + 免费EA解析 + 设计/编译/测试
心跳断: 54512秒前 (3×stale=900s)
进度: {'current': 0, 'message': '[3/6 ✓] 写完 REPORT.md. heartbeat 改 5min, 继续设计 EA 稿', 'total': 0}
→ 子 agent 已冻结，等你拍板（重试/换思路/取消）
[01:15:01] PUSH [error] 🚨 任务升级到 escalate: t-20260612-093433-1ce224
角色: researcher 等级: L
目标: 长期任务: 联网学习 MT4/MT5 EA + 免费EA解析 + 设计/编译/测试
心跳断: 54572秒前 (3×stale=900s)
进度: {'current': 0, 'message': '[3/6 ✓] 写完 REPORT.md. heartbeat 改 5min, 继续设计 EA 稿', 'total': 0}
→ 子 agent 已冻结，等你拍板（重试/换思路/取消）
[01:16:01] PUSH [error] 🚨 任务升级到 escalate: t-20260612-093433-1ce224
角色: researcher 等级: L
目标: 长期任务: 联网学习 MT4/MT5 EA + 免费EA解析 + 设计/编译/测试
心跳断: 54632秒前 (3×stale=900s)
进度: {'current': 0, 'message': '[3/6 ✓] 写完 REPORT.md. heartbeat 改 5min, 继续设计 EA 稿', 'total': 0}
→ 子 agent 已冻结，等你拍板（重试/换思路/取消）
[01:17:01] PUSH [error] 🚨 任务升级到 escalate: t-20260612-093433-1ce224
角色: researcher 等级: L
目标: 长期任务: 联网学习 MT4/MT5 EA + 免费EA解析 + 设计/编译/测试
心跳断: 54692秒前 (3×stale=900s)
进度: {'current': 0, 'message': '[3/6 ✓] 写完 REPORT.md. heartbeat 改 5min, 继续设计 EA 稿', 'total': 0}
→ 子 agent 已冻结，等你拍板（重试/换思路/取消）
[01:18:01] PUSH [error] 🚨 任务升级到 escalate: t-20260612-093433-1ce224
角色: researcher 等级: L
目标: 长期任务: 联网学习 MT4/MT5 EA + 免费EA解析 + 设计/编译/测试
心跳断: 54752秒前 (3×stale=900s)
进度: {'current': 0, 'message': '[3/6 ✓] 写完 REPORT.md. heartbeat 改 5min, 继续设计 EA 稿', 'total': 0}
→ 子 agent 已冻结，等你拍板（重试/换思路/取消）
[01:19:01] PUSH [error] 🚨 任务升级到 escalate: t-20260612-093433-1ce224
角色: researcher 等级: L
目标: 长期任务: 联网学习 MT4/MT5 EA + 免费EA解析 + 设计/编译/测试
心跳断: 54812秒前 (3×stale=900s)
进度: {'current': 0, 'message': '[3/6 ✓] 写完 REPORT.md. heartbeat 改 5min, 继续设计 EA 稿', 'total': 0}
→ 子 agent 已冻结，等你拍板（重试/换思路/取消）
[01:20:01] PUSH [error] 🚨 任务升级到 escalate: t-20260612-093433-1ce224
角色: researcher 等级: L
目标: 长期任务: 联网学习 MT4/MT5 EA + 免费EA解析 + 设计/编译/测试
心跳断: 54872秒前 (3×stale=900s)
进度: {'current': 0, 'message': '[3/6 ✓] 写完 REPORT.md. heartbeat 改 5min, 继续设计 EA 稿', 'total': 0}
→ 子 agent 已冻结，等你拍板（重试/换思路/取消）
[01:21:01] PUSH [error] 🚨 任务升级到 escalate: t-20260612-093433-1ce224
角色: researcher 等级: L
目标: 长期任务: 联网学习 MT4/MT5 EA + 免费EA解析 + 设计/编译/测试
心跳断: 54932秒前 (3×stale=900s)
进度: {'current': 0, 'message': '[3/6 ✓] 写完 REPORT.md. heartbeat 改 5min, 继续设计 EA 稿', 'total': 0}
→ 子 agent 已冻结，等你拍板（重试/换思路/取消）
[01:22:01] PUSH [error] 🚨 任务升级到 escalate: t-20260612-093433-1ce224
角色: researcher 等级: L
目标: 长期任务: 联网学习 MT4/MT5 EA + 免费EA解析 + 设计/编译/测试
心跳断: 54992秒前 (3×stale=900s)
进度: {'current': 0, 'message': '[3/6 ✓] 写完 REPORT.md. heartbeat 改 5min, 继续设计 EA 稿', 'total': 0}
→ 子 agent 已冻结，等你拍板（重试/换思路/取消）
[01:23:01] PUSH [error] 🚨 任务升级到 escalate: t-20260612-093433-1ce224
角色: researcher 等级: L
目标: 长期任务: 联网学习 MT4/MT5 EA + 免费EA解析 + 设计/编译/测试
心跳断: 55052秒前 (3×stale=900s)
进度: {'current': 0, 'message': '[3/6 ✓] 写完 REPORT.md. heartbeat 改 5min, 继续设计 EA 稿', 'total': 0}
→ 子 agent 已冻结，等你拍板（重试/换思路/取消）
[01:24:01] PUSH [error] 🚨 任务升级到 escalate: t-20260612-093433-1ce224
角色: researcher 等级: L
目标: 长期任务: 联网学习 MT4/MT5 EA + 免费EA解析 + 设计/编译/测试
心跳断: 55112秒前 (3×stale=900s)
进度: {'current': 0, 'message': '[3/6 ✓] 写完 REPORT.md. heartbeat 改 5min, 继续设计 EA 稿', 'total': 0}
→ 子 agent 已冻结，等你拍板（重试/换思路/取消）
[01:25:01] PUSH [error] 🚨 任务升级到 escalate: t-20260612-093433-1ce224
角色: researcher 等级: L
目标: 长期任务: 联网学习 MT4/MT5 EA + 免费EA解析 + 设计/编译/测试
心跳断: 55172秒前 (3×stale=900s)
进度: {'current': 0, 'message': '[3/6 ✓] 写完 REPORT.md. heartbeat 改 5min, 继续设计 EA 稿', 'total': 0}
→ 子 agent 已冻结，等你拍板（重试/换思路/取消）
[01:26:01] PUSH [error] 🚨 任务升级到 escalate: t-20260612-093433-1ce224
角色: researcher 等级: L
目标: 长期任务: 联网学习 MT4/MT5 EA + 免费EA解析 + 设计/编译/测试
心跳断: 55232秒前 (3×stale=900s)
进度: {'current': 0, 'message': '[3/6 ✓] 写完 REPORT.md. heartbeat 改 5min, 继续设计 EA 稿', 'total': 0}
→ 子 agent 已冻结，等你拍板（重试/换思路/取消）
[01:27:01] PUSH [error] 🚨 任务升级到 escalate: t-20260612-093433-1ce224
角色: researcher 等级: L
目标: 长期任务: 联网学习 MT4/MT5 EA + 免费EA解析 + 设计/编译/测试
心跳断: 55292秒前 (3×stale=900s)
进度: {'current': 0, 'message': '[3/6 ✓] 写完 REPORT.md. heartbeat 改 5min, 继续设计 EA 稿', 'total': 0}
→ 子 agent 已冻结，等你拍板（重试/换思路/取消）
[01:28:01] PUSH [error] 🚨 任务升级到 escalate: t-20260612-093433-1ce224
角色: researcher 等级: L
目标: 长期任务: 联网学习 MT4/MT5 EA + 免费EA解析 + 设计/编译/测试
心跳断: 55352秒前 (3×stale=900s)
进度: {'current': 0, 'message': '[3/6 ✓] 写完 REPORT.md. heartbeat 改 5min, 继续设计 EA 稿', 'total': 0}
→ 子 agent 已冻结，等你拍板（重试/换思路/取消）
[01:29:01] PUSH [error] 🚨 任务升级到 escalate: t-20260612-093433-1ce224
角色: researcher 等级: L
目标: 长期任务: 联网学习 MT4/MT5 EA + 免费EA解析 + 设计/编译/测试
心跳断: 55412秒前 (3×stale=900s)
进度: {'current': 0, 'message': '[3/6 ✓] 写完 REPORT.md. heartbeat 改 5min, 继续设计 EA 稿', 'total': 0}
→ 子 agent 已冻结，等你拍板（重试/换思路/取消）
[01:30:01] PUSH [error] 🚨 任务升级到 escalate: t-20260612-093433-1ce224
角色: researcher 等级: L
目标: 长期任务: 联网学习 MT4/MT5 EA + 免费EA解析 + 设计/编译/测试
心跳断: 55472秒前 (3×stale=900s)
进度: {'current': 0, 'message': '[3/6 ✓] 写完 REPORT.md. heartbeat 改 5min, 继续设计 EA 稿', 'total': 0}
→ 子 agent 已冻结，等你拍板（重试/换思路/取消）
[01:31:01] PUSH [error] 🚨 任务升级到 escalate: t-20260612-093433-1ce224
角色: researcher 等级: L
目标: 长期任务: 联网学习 MT4/MT5 EA + 免费EA解析 + 设计/编译/测试
心跳断: 55532秒前 (3×stale=900s)
进度: {'current': 0, 'message': '[3/6 ✓] 写完 REPORT.md. heartbeat 改 5min, 继续设计 EA 稿', 'total': 0}
→ 子 agent 已冻结，等你拍板（重试/换思路/取消）
[01:32:02] PUSH [error] 🚨 任务升级到 escalate: t-20260612-093433-1ce224
角色: researcher 等级: L
目标: 长期任务: 联网学习 MT4/MT5 EA + 免费EA解析 + 设计/编译/测试
心跳断: 55592秒前 (3×stale=900s)
进度: {'current': 0, 'message': '[3/6 ✓] 写完 REPORT.md. heartbeat 改 5min, 继续设计 EA 稿', 'total': 0}
→ 子 agent 已冻结，等你拍板（重试/换思路/取消）
[01:33:02] PUSH [error] 🚨 任务升级到 escalate: t-20260612-093433-1ce224
角色: researcher 等级: L
目标: 长期任务: 联网学习 MT4/MT5 EA + 免费EA解析 + 设计/编译/测试
心跳断: 55653秒前 (3×stale=900s)
进度: {'current': 0, 'message': '[3/6 ✓] 写完 REPORT.md. heartbeat 改 5min, 继续设计 EA 稿', 'total': 0}
→ 子 agent 已冻结，等你拍板（重试/换思路/取消）
[01:34:02] PUSH [error] 🚨 任务升级到 escalate: t-20260612-093433-1ce224
角色: researcher 等级: L
目标: 长期任务: 联网学习 MT4/MT5 EA + 免费EA解析 + 设计/编译/测试
心跳断: 55713秒前 (3×stale=900s)
进度: {'current': 0, 'message': '[3/6 ✓] 写完 REPORT.md. heartbeat 改 5min, 继续设计 EA 稿', 'total': 0}
→ 子 agent 已冻结，等你拍板（重试/换思路/取消）
[01:35:02] PUSH [error] 🚨 任务升级到 escalate: t-20260612-093433-1ce224
角色: researcher 等级: L
目标: 长期任务: 联网学习 MT4/MT5 EA + 免费EA解析 + 设计/编译/测试
心跳断: 55773秒前 (3×stale=900s)
进度: {'current': 0, 'message': '[3/6 ✓] 写完 REPORT.md. heartbeat 改 5min, 继续设计 EA 稿', 'total': 0}
→ 子 agent 已冻结，等你拍板（重试/换思路/取消）
[01:36:02] PUSH [error] 🚨 任务升级到 escalate: t-20260612-093433-1ce224
角色: researcher 等级: L
目标: 长期任务: 联网学习 MT4/MT5 EA + 免费EA解析 + 设计/编译/测试
心跳断: 55833秒前 (3×stale=900s)
进度: {'current': 0, 'message': '[3/6 ✓] 写完 REPORT.md. heartbeat 改 5min, 继续设计 EA 稿', 'total': 0}
→ 子 agent 已冻结，等你拍板（重试/换思路/取消）
[01:37:02] PUSH [error] 🚨 任务升级到 escalate: t-20260612-093433-1ce224
角色: researcher 等级: L
目标: 长期任务: 联网学习 MT4/MT5 EA + 免费EA解析 + 设计/编译/测试
心跳断: 55893秒前 (3×stale=900s)
进度: {'current': 0, 'message': '[3/6 ✓] 写完 REPORT.md. heartbeat 改 5min, 继续设计 EA 稿', 'total': 0}
→ 子 agent 已冻结，等你拍板（重试/换思路/取消）
[01:38:02] PUSH [error] 🚨 任务升级到 escalate: t-20260612-093433-1ce224
角色: researcher 等级: L
目标: 长期任务: 联网学习 MT4/MT5 EA + 免费EA解析 + 设计/编译/测试
心跳断: 55953秒前 (3×stale=900s)
进度: {'current': 0, 'message': '[3/6 ✓] 写完 REPORT.md. heartbeat 改 5min, 继续设计 EA 稿', 'total': 0}
→ 子 agent 已冻结，等你拍板（重试/换思路/取消）
[01:39:02] PUSH [error] 🚨 任务升级到 escalate: t-20260612-093433-1ce224
角色: researcher 等级: L
目标: 长期任务: 联网学习 MT4/MT5 EA + 免费EA解析 + 设计/编译/测试
心跳断: 56013秒前 (3×stale=900s)
进度: {'current': 0, 'message': '[3/6 ✓] 写完 REPORT.md. heartbeat 改 5min, 继续设计 EA 稿', 'total': 0}
→ 子 agent 已冻结，等你拍板（重试/换思路/取消）
[01:40:02] PUSH [error] 🚨 任务升级到 escalate: t-20260612-093433-1ce224
角色: researcher 等级: L
目标: 长期任务: 联网学习 MT4/MT5 EA + 免费EA解析 + 设计/编译/测试
心跳断: 56073秒前 (3×stale=900s)
进度: {'current': 0, 'message': '[3/6 ✓] 写完 REPORT.md. heartbeat 改 5min, 继续设计 EA 稿', 'total': 0}
→ 子 agent 已冻结，等你拍板（重试/换思路/取消）
[01:41:02] PUSH [error] 🚨 任务升级到 escalate: t-20260612-093433-1ce224
角色: researcher 等级: L
目标: 长期任务: 联网学习 MT4/MT5 EA + 免费EA解析 + 设计/编译/测试
心跳断: 56133秒前 (3×stale=900s)
进度: {'current': 0, 'message': '[3/6 ✓] 写完 REPORT.md. heartbeat 改 5min, 继续设计 EA 稿', 'total': 0}
→ 子 agent 已冻结，等你拍板（重试/换思路/取消）
[01:42:02] PUSH [error] 🚨 任务升级到 escalate: t-20260612-093433-1ce224
角色: researcher 等级: L
目标: 长期任务: 联网学习 MT4/MT5 EA + 免费EA解析 + 设计/编译/测试
心跳断: 56193秒前 (3×stale=900s)
进度: {'current': 0, 'message': '[3/6 ✓] 写完 REPORT.md. heartbeat 改 5min, 继续设计 EA 稿', 'total': 0}
→ 子 agent 已冻结，等你拍板（重试/换思路/取消）
[01:43:02] PUSH [error] 🚨 任务升级到 escalate: t-20260612-093433-1ce224
角色: researcher 等级: L
目标: 长期任务: 联网学习 MT4/MT5 EA + 免费EA解析 + 设计/编译/测试
心跳断: 56253秒前 (3×stale=900s)
进度: {'current': 0, 'message': '[3/6 ✓] 写完 REPORT.md. heartbeat 改 5min, 继续设计 EA 稿', 'total': 0}
→ 子 agent 已冻结，等你拍板（重试/换思路/取消）
[01:44:02] PUSH [error] 🚨 任务升级到 escalate: t-20260612-093433-1ce224
角色: researcher 等级: L
目标: 长期任务: 联网学习 MT4/MT5 EA + 免费EA解析 + 设计/编译/测试
心跳断: 56313秒前 (3×stale=900s)
进度: {'current': 0, 'message': '[3/6 ✓] 写完 REPORT.md. heartbeat 改 5min, 继续设计 EA 稿', 'total': 0}
→ 子 agent 已冻结，等你拍板（重试/换思路/取消）
[01:45:02] PUSH [error] 🚨 任务升级到 escalate: t-20260612-093433-1ce224
角色: researcher 等级: L
目标: 长期任务: 联网学习 MT4/MT5 EA + 免费EA解析 + 设计/编译/测试
心跳断: 56373秒前 (3×stale=900s)
进度: {'current': 0, 'message': '[3/6 ✓] 写完 REPORT.md. heartbeat 改 5min, 继续设计 EA 稿', 'total': 0}
→ 子 agent 已冻结，等你拍板（重试/换思路/取消）
[01:46:02] PUSH [error] 🚨 任务升级到 escalate: t-20260612-093433-1ce224
角色: researcher 等级: L
目标: 长期任务: 联网学习 MT4/MT5 EA + 免费EA解析 + 设计/编译/测试
心跳断: 56433秒前 (3×stale=900s)
进度: {'current': 0, 'message': '[3/6 ✓] 写完 REPORT.md. heartbeat 改 5min, 继续设计 EA 稿', 'total': 0}
→ 子 agent 已冻结，等你拍板（重试/换思路/取消）
[01:47:02] PUSH [error] 🚨 任务升级到 escalate: t-20260612-093433-1ce224
角色: researcher 等级: L
目标: 长期任务: 联网学习 MT4/MT5 EA + 免费EA解析 + 设计/编译/测试
心跳断: 56493秒前 (3×stale=900s)
进度: {'current': 0, 'message': '[3/6 ✓] 写完 REPORT.md. heartbeat 改 5min, 继续设计 EA 稿', 'total': 0}
→ 子 agent 已冻结，等你拍板（重试/换思路/取消）
[01:48:02] PUSH [error] 🚨 任务升级到 escalate: t-20260612-093433-1ce224
角色: researcher 等级: L
目标: 长期任务: 联网学习 MT4/MT5 EA + 免费EA解析 + 设计/编译/测试
心跳断: 56553秒前 (3×stale=900s)
进度: {'current': 0, 'message': '[3/6 ✓] 写完 REPORT.md. heartbeat 改 5min, 继续设计 EA 稿', 'total': 0}
→ 子 agent 已冻结，等你拍板（重试/换思路/取消）
[01:49:02] PUSH [error] 🚨 任务升级到 escalate: t-20260612-093433-1ce224
角色: researcher 等级: L
目标: 长期任务: 联网学习 MT4/MT5 EA + 免费EA解析 + 设计/编译/测试
心跳断: 56613秒前 (3×stale=900s)
进度: {'current': 0, 'message': '[3/6 ✓] 写完 REPORT.md. heartbeat 改 5min, 继续设计 EA 稿', 'total': 0}
→ 子 agent 已冻结，等你拍板（重试/换思路/取消）
[01:50:02] PUSH [error] 🚨 任务升级到 escalate: t-20260612-093433-1ce224
角色: researcher 等级: L
目标: 长期任务: 联网学习 MT4/MT5 EA + 免费EA解析 + 设计/编译/测试
心跳断: 56673秒前 (3×stale=900s)
进度: {'current': 0, 'message': '[3/6 ✓] 写完 REPORT.md. heartbeat 改 5min, 继续设计 EA 稿', 'total': 0}
→ 子 agent 已冻结，等你拍板（重试/换思路/取消）
[01:51:02] PUSH [error] 🚨 任务升级到 escalate: t-20260612-093433-1ce224
角色: researcher 等级: L
目标: 长期任务: 联网学习 MT4/MT5 EA + 免费EA解析 + 设计/编译/测试
心跳断: 56733秒前 (3×stale=900s)
进度: {'current': 0, 'message': '[3/6 ✓] 写完 REPORT.md. heartbeat 改 5min, 继续设计 EA 稿', 'total': 0}
→ 子 agent 已冻结，等你拍板（重试/换思路/取消）
[01:52:02] PUSH [error] 🚨 任务升级到 escalate: t-20260612-093433-1ce224
角色: researcher 等级: L
目标: 长期任务: 联网学习 MT4/MT5 EA + 免费EA解析 + 设计/编译/测试
心跳断: 56793秒前 (3×stale=900s)
进度: {'current': 0, 'message': '[3/6 ✓] 写完 REPORT.md. heartbeat 改 5min, 继续设计 EA 稿', 'total': 0}
→ 子 agent 已冻结，等你拍板（重试/换思路/取消）
[01:53:02] PUSH [error] 🚨 任务升级到 escalate: t-20260612-093433-1ce224
角色: researcher 等级: L
目标: 长期任务: 联网学习 MT4/MT5 EA + 免费EA解析 + 设计/编译/测试
心跳断: 56853秒前 (3×stale=900s)
进度: {'current': 0, 'message': '[3/6 ✓] 写完 REPORT.md. heartbeat 改 5min, 继续设计 EA 稿', 'total': 0}
→ 子 agent 已冻结，等你拍板（重试/换思路/取消）
[01:54:02] PUSH [error] 🚨 任务升级到 escalate: t-20260612-093433-1ce224
角色: researcher 等级: L
目标: 长期任务: 联网学习 MT4/MT5 EA + 免费EA解析 + 设计/编译/测试
心跳断: 56913秒前 (3×stale=900s)
进度: {'current': 0, 'message': '[3/6 ✓] 写完 REPORT.md. heartbeat 改 5min, 继续设计 EA 稿', 'total': 0}
→ 子 agent 已冻结，等你拍板（重试/换思路/取消）
[01:55:02] PUSH [error] 🚨 任务升级到 escalate: t-20260612-093433-1ce224
角色: researcher 等级: L
目标: 长期任务: 联网学习 MT4/MT5 EA + 免费EA解析 + 设计/编译/测试
心跳断: 56973秒前 (3×stale=900s)
进度: {'current': 0, 'message': '[3/6 ✓] 写完 REPORT.md. heartbeat 改 5min, 继续设计 EA 稿', 'total': 0}
→ 子 agent 已冻结，等你拍板（重试/换思路/取消）
[01:56:02] PUSH [error] 🚨 任务升级到 escalate: t-20260612-093433-1ce224
角色: researcher 等级: L
目标: 长期任务: 联网学习 MT4/MT5 EA + 免费EA解析 + 设计/编译/测试
心跳断: 57033秒前 (3×stale=900s)
进度: {'current': 0, 'message': '[3/6 ✓] 写完 REPORT.md. heartbeat 改 5min, 继续设计 EA 稿', 'total': 0}
→ 子 agent 已冻结，等你拍板（重试/换思路/取消）
[01:57:02] PUSH [error] 🚨 任务升级到 escalate: t-20260612-093433-1ce224
角色: researcher 等级: L
目标: 长期任务: 联网学习 MT4/MT5 EA + 免费EA解析 + 设计/编译/测试
心跳断: 57093秒前 (3×stale=900s)
进度: {'current': 0, 'message': '[3/6 ✓] 写完 REPORT.md. heartbeat 改 5min, 继续设计 EA 稿', 'total': 0}
→ 子 agent 已冻结，等你拍板（重试/换思路/取消）
[01:58:02] PUSH [error] 🚨 任务升级到 escalate: t-20260612-093433-1ce224
角色: researcher 等级: L
目标: 长期任务: 联网学习 MT4/MT5 EA + 免费EA解析 + 设计/编译/测试
心跳断: 57153秒前 (3×stale=900s)
进度: {'current': 0, 'message': '[3/6 ✓] 写完 REPORT.md. heartbeat 改 5min, 继续设计 EA 稿', 'total': 0}
→ 子 agent 已冻结，等你拍板（重试/换思路/取消）
[01:59:02] PUSH [error] 🚨 任务升级到 escalate: t-20260612-093433-1ce224
角色: researcher 等级: L
目标: 长期任务: 联网学习 MT4/MT5 EA + 免费EA解析 + 设计/编译/测试
心跳断: 57213秒前 (3×stale=900s)
进度: {'current': 0, 'message': '[3/6 ✓] 写完 REPORT.md. heartbeat 改 5min, 继续设计 EA 稿', 'total': 0}
→ 子 agent 已冻结，等你拍板（重试/换思路/取消）
[02:00:02] PUSH [error] 🚨 任务升级到 escalate: t-20260612-093433-1ce224
角色: researcher 等级: L
目标: 长期任务: 联网学习 MT4/MT5 EA + 免费EA解析 + 设计/编译/测试
心跳断: 57273秒前 (3×stale=900s)
进度: {'current': 0, 'message': '[3/6 ✓] 写完 REPORT.md. heartbeat 改 5min, 继续设计 EA 稿', 'total': 0}
→ 子 agent 已冻结，等你拍板（重试/换思路/取消）
[02:01:02] PUSH [error] 🚨 任务升级到 escalate: t-20260612-093433-1ce224
角色: researcher 等级: L
目标: 长期任务: 联网学习 MT4/MT5 EA + 免费EA解析 + 设计/编译/测试
心跳断: 57333秒前 (3×stale=900s)
进度: {'current': 0, 'message': '[3/6 ✓] 写完 REPORT.md. heartbeat 改 5min, 继续设计 EA 稿', 'total': 0}
→ 子 agent 已冻结，等你拍板（重试/换思路/取消）
[02:02:02] PUSH [error] 🚨 任务升级到 escalate: t-20260612-093433-1ce224
角色: researcher 等级: L
目标: 长期任务: 联网学习 MT4/MT5 EA + 免费EA解析 + 设计/编译/测试
心跳断: 57393秒前 (3×stale=900s)
进度: {'current': 0, 'message': '[3/6 ✓] 写完 REPORT.md. heartbeat 改 5min, 继续设计 EA 稿', 'total': 0}
→ 子 agent 已冻结，等你拍板（重试/换思路/取消）
[02:03:02] PUSH [error] 🚨 任务升级到 escalate: t-20260612-093433-1ce224
角色: researcher 等级: L
目标: 长期任务: 联网学习 MT4/MT5 EA + 免费EA解析 + 设计/编译/测试
心跳断: 57453秒前 (3×stale=900s)
进度: {'current': 0, 'message': '[3/6 ✓] 写完 REPORT.md. heartbeat 改 5min, 继续设计 EA 稿', 'total': 0}
→ 子 agent 已冻结，等你拍板（重试/换思路/取消）
[02:04:02] PUSH [error] 🚨 任务升级到 escalate: t-20260612-093433-1ce224
角色: researcher 等级: L
目标: 长期任务: 联网学习 MT4/MT5 EA + 免费EA解析 + 设计/编译/测试
心跳断: 57513秒前 (3×stale=900s)
进度: {'current': 0, 'message': '[3/6 ✓] 写完 REPORT.md. heartbeat 改 5min, 继续设计 EA 稿', 'total': 0}
→ 子 agent 已冻结，等你拍板（重试/换思路/取消）
[02:05:02] PUSH [error] 🚨 任务升级到 escalate: t-20260612-093433-1ce224
角色: researcher 等级: L
目标: 长期任务: 联网学习 MT4/MT5 EA + 免费EA解析 + 设计/编译/测试
心跳断: 57573秒前 (3×stale=900s)
进度: {'current': 0, 'message': '[3/6 ✓] 写完 REPORT.md. heartbeat 改 5min, 继续设计 EA 稿', 'total': 0}
→ 子 agent 已冻结，等你拍板（重试/换思路/取消）
[02:06:02] PUSH [error] 🚨 任务升级到 escalate: t-20260612-093433-1ce224
角色: researcher 等级: L
目标: 长期任务: 联网学习 MT4/MT5 EA + 免费EA解析 + 设计/编译/测试
心跳断: 57633秒前 (3×stale=900s)
进度: {'current': 0, 'message': '[3/6 ✓] 写完 REPORT.md. heartbeat 改 5min, 继续设计 EA 稿', 'total': 0}
→ 子 agent 已冻结，等你拍板（重试/换思路/取消）
[02:07:02] PUSH [error] 🚨 任务升级到 escalate: t-20260612-093433-1ce224
角色: researcher 等级: L
目标: 长期任务: 联网学习 MT4/MT5 EA + 免费EA解析 + 设计/编译/测试
心跳断: 57693秒前 (3×stale=900s)
进度: {'current': 0, 'message': '[3/6 ✓] 写完 REPORT.md. heartbeat 改 5min, 继续设计 EA 稿', 'total': 0}
→ 子 agent 已冻结，等你拍板（重试/换思路/取消）
[02:08:02] PUSH [error] 🚨 任务升级到 escalate: t-20260612-093433-1ce224
角色: researcher 等级: L
目标: 长期任务: 联网学习 MT4/MT5 EA + 免费EA解析 + 设计/编译/测试
心跳断: 57753秒前 (3×stale=900s)
进度: {'current': 0, 'message': '[3/6 ✓] 写完 REPORT.md. heartbeat 改 5min, 继续设计 EA 稿', 'total': 0}
→ 子 agent 已冻结，等你拍板（重试/换思路/取消）
[02:09:02] PUSH [error] 🚨 任务升级到 escalate: t-20260612-093433-1ce224
角色: researcher 等级: L
目标: 长期任务: 联网学习 MT4/MT5 EA + 免费EA解析 + 设计/编译/测试
心跳断: 57813秒前 (3×stale=900s)
进度: {'current': 0, 'message': '[3/6 ✓] 写完 REPORT.md. heartbeat 改 5min, 继续设计 EA 稿', 'total': 0}
→ 子 agent 已冻结，等你拍板（重试/换思路/取消）
[02:10:02] PUSH [error] 🚨 任务升级到 escalate: t-20260612-093433-1ce224
角色: researcher 等级: L
目标: 长期任务: 联网学习 MT4/MT5 EA + 免费EA解析 + 设计/编译/测试
心跳断: 57873秒前 (3×stale=900s)
进度: {'current': 0, 'message': '[3/6 ✓] 写完 REPORT.md. heartbeat 改 5min, 继续设计 EA 稿', 'total': 0}
→ 子 agent 已冻结，等你拍板（重试/换思路/取消）
[02:11:02] PUSH [error] 🚨 任务升级到 escalate: t-20260612-093433-1ce224
角色: researcher 等级: L
目标: 长期任务: 联网学习 MT4/MT5 EA + 免费EA解析 + 设计/编译/测试
心跳断: 57933秒前 (3×stale=900s)
进度: {'current': 0, 'message': '[3/6 ✓] 写完 REPORT.md. heartbeat 改 5min, 继续设计 EA 稿', 'total': 0}
→ 子 agent 已冻结，等你拍板（重试/换思路/取消）
[02:12:02] PUSH [error] 🚨 任务升级到 escalate: t-20260612-093433-1ce224
角色: researcher 等级: L
目标: 长期任务: 联网学习 MT4/MT5 EA + 免费EA解析 + 设计/编译/测试
心跳断: 57993秒前 (3×stale=900s)
进度: {'current': 0, 'message': '[3/6 ✓] 写完 REPORT.md. heartbeat 改 5min, 继续设计 EA 稿', 'total': 0}
→ 子 agent 已冻结，等你拍板（重试/换思路/取消）
[02:13:02] PUSH [error] 🚨 任务升级到 escalate: t-20260612-093433-1ce224
角色: researcher 等级: L
目标: 长期任务: 联网学习 MT4/MT5 EA + 免费EA解析 + 设计/编译/测试
心跳断: 58053秒前 (3×stale=900s)
进度: {'current': 0, 'message': '[3/6 ✓] 写完 REPORT.md. heartbeat 改 5min, 继续设计 EA 稿', 'total': 0}
→ 子 agent 已冻结，等你拍板（重试/换思路/取消）
[02:14:02] PUSH [error] 🚨 任务升级到 escalate: t-20260612-093433-1ce224
角色: researcher 等级: L
目标: 长期任务: 联网学习 MT4/MT5 EA + 免费EA解析 + 设计/编译/测试
心跳断: 58113秒前 (3×stale=900s)
进度: {'current': 0, 'message': '[3/6 ✓] 写完 REPORT.md. heartbeat 改 5min, 继续设计 EA 稿', 'total': 0}
→ 子 agent 已冻结，等你拍板（重试/换思路/取消）
[02:15:02] PUSH [error] 🚨 任务升级到 escalate: t-20260612-093433-1ce224
角色: researcher 等级: L
目标: 长期任务: 联网学习 MT4/MT5 EA + 免费EA解析 + 设计/编译/测试
心跳断: 58173秒前 (3×stale=900s)
进度: {'current': 0, 'message': '[3/6 ✓] 写完 REPORT.md. heartbeat 改 5min, 继续设计 EA 稿', 'total': 0}
→ 子 agent 已冻结，等你拍板（重试/换思路/取消）
[02:16:02] PUSH [error] 🚨 任务升级到 escalate: t-20260612-093433-1ce224
角色: researcher 等级: L
目标: 长期任务: 联网学习 MT4/MT5 EA + 免费EA解析 + 设计/编译/测试
心跳断: 58233秒前 (3×stale=900s)
进度: {'current': 0, 'message': '[3/6 ✓] 写完 REPORT.md. heartbeat 改 5min, 继续设计 EA 稿', 'total': 0}
→ 子 agent 已冻结，等你拍板（重试/换思路/取消）
[02:17:02] PUSH [error] 🚨 任务升级到 escalate: t-20260612-093433-1ce224
角色: researcher 等级: L
目标: 长期任务: 联网学习 MT4/MT5 EA + 免费EA解析 + 设计/编译/测试
心跳断: 58293秒前 (3×stale=900s)
进度: {'current': 0, 'message': '[3/6 ✓] 写完 REPORT.md. heartbeat 改 5min, 继续设计 EA 稿', 'total': 0}
→ 子 agent 已冻结，等你拍板（重试/换思路/取消）
[02:18:02] PUSH [error] 🚨 任务升级到 escalate: t-20260612-093433-1ce224
角色: researcher 等级: L
目标: 长期任务: 联网学习 MT4/MT5 EA + 免费EA解析 + 设计/编译/测试
心跳断: 58353秒前 (3×stale=900s)
进度: {'current': 0, 'message': '[3/6 ✓] 写完 REPORT.md. heartbeat 改 5min, 继续设计 EA 稿', 'total': 0}
→ 子 agent 已冻结，等你拍板（重试/换思路/取消）
[02:19:03] PUSH [error] 🚨 任务升级到 escalate: t-20260612-093433-1ce224
角色: researcher 等级: L
目标: 长期任务: 联网学习 MT4/MT5 EA + 免费EA解析 + 设计/编译/测试
心跳断: 58413秒前 (3×stale=900s)
进度: {'current': 0, 'message': '[3/6 ✓] 写完 REPORT.md. heartbeat 改 5min, 继续设计 EA 稿', 'total': 0}
→ 子 agent 已冻结，等你拍板（重试/换思路/取消）
[02:20:03] PUSH [error] 🚨 任务升级到 escalate: t-20260612-093433-1ce224
角色: researcher 等级: L
目标: 长期任务: 联网学习 MT4/MT5 EA + 免费EA解析 + 设计/编译/测试
心跳断: 58474秒前 (3×stale=900s)
进度: {'current': 0, 'message': '[3/6 ✓] 写完 REPORT.md. heartbeat 改 5min, 继续设计 EA 稿', 'total': 0}
→ 子 agent 已冻结，等你拍板（重试/换思路/取消）
[02:21:03] PUSH [error] 🚨 任务升级到 escalate: t-20260612-093433-1ce224
角色: researcher 等级: L
目标: 长期任务: 联网学习 MT4/MT5 EA + 免费EA解析 + 设计/编译/测试
心跳断: 58534秒前 (3×stale=900s)
进度: {'current': 0, 'message': '[3/6 ✓] 写完 REPORT.md. heartbeat 改 5min, 继续设计 EA 稿', 'total': 0}
→ 子 agent 已冻结，等你拍板（重试/换思路/取消）
[02:22:03] PUSH [error] 🚨 任务升级到 escalate: t-20260612-093433-1ce224
角色: researcher 等级: L
目标: 长期任务: 联网学习 MT4/MT5 EA + 免费EA解析 + 设计/编译/测试
心跳断: 58594秒前 (3×stale=900s)
进度: {'current': 0, 'message': '[3/6 ✓] 写完 REPORT.md. heartbeat 改 5min, 继续设计 EA 稿', 'total': 0}
→ 子 agent 已冻结，等你拍板（重试/换思路/取消）
[02:23:03] PUSH [error] 🚨 任务升级到 escalate: t-20260612-093433-1ce224
角色: researcher 等级: L
目标: 长期任务: 联网学习 MT4/MT5 EA + 免费EA解析 + 设计/编译/测试
心跳断: 58654秒前 (3×stale=900s)
进度: {'current': 0, 'message': '[3/6 ✓] 写完 REPORT.md. heartbeat 改 5min, 继续设计 EA 稿', 'total': 0}
→ 子 agent 已冻结，等你拍板（重试/换思路/取消）
[02:24:03] PUSH [error] 🚨 任务升级到 escalate: t-20260612-093433-1ce224
角色: researcher 等级: L
目标: 长期任务: 联网学习 MT4/MT5 EA + 免费EA解析 + 设计/编译/测试
心跳断: 58714秒前 (3×stale=900s)
进度: {'current': 0, 'message': '[3/6 ✓] 写完 REPORT.md. heartbeat 改 5min, 继续设计 EA 稿', 'total': 0}
→ 子 agent 已冻结，等你拍板（重试/换思路/取消）
[02:25:03] PUSH [error] 🚨 任务升级到 escalate: t-20260612-093433-1ce224
角色: researcher 等级: L
目标: 长期任务: 联网学习 MT4/MT5 EA + 免费EA解析 + 设计/编译/测试
心跳断: 58774秒前 (3×stale=900s)
进度: {'current': 0, 'message': '[3/6 ✓] 写完 REPORT.md. heartbeat 改 5min, 继续设计 EA 稿', 'total': 0}
→ 子 agent 已冻结，等你拍板（重试/换思路/取消）
[02:26:03] PUSH [error] 🚨 任务升级到 escalate: t-20260612-093433-1ce224
角色: researcher 等级: L
目标: 长期任务: 联网学习 MT4/MT5 EA + 免费EA解析 + 设计/编译/测试
心跳断: 58834秒前 (3×stale=900s)
进度: {'current': 0, 'message': '[3/6 ✓] 写完 REPORT.md. heartbeat 改 5min, 继续设计 EA 稿', 'total': 0}
→ 子 agent 已冻结，等你拍板（重试/换思路/取消）
[02:27:03] PUSH [error] 🚨 任务升级到 escalate: t-20260612-093433-1ce224
角色: researcher 等级: L
目标: 长期任务: 联网学习 MT4/MT5 EA + 免费EA解析 + 设计/编译/测试
心跳断: 58894秒前 (3×stale=900s)
进度: {'current': 0, 'message': '[3/6 ✓] 写完 REPORT.md. heartbeat 改 5min, 继续设计 EA 稿', 'total': 0}
→ 子 agent 已冻结，等你拍板（重试/换思路/取消）
[02:28:03] PUSH [error] 🚨 任务升级到 escalate: t-20260612-093433-1ce224
角色: researcher 等级: L
目标: 长期任务: 联网学习 MT4/MT5 EA + 免费EA解析 + 设计/编译/测试
心跳断: 58954秒前 (3×stale=900s)
进度: {'current': 0, 'message': '[3/6 ✓] 写完 REPORT.md. heartbeat 改 5min, 继续设计 EA 稿', 'total': 0}
→ 子 agent 已冻结，等你拍板（重试/换思路/取消）
[02:29:03] PUSH [error] 🚨 任务升级到 escalate: t-20260612-093433-1ce224
角色: researcher 等级: L
目标: 长期任务: 联网学习 MT4/MT5 EA + 免费EA解析 + 设计/编译/测试
心跳断: 59014秒前 (3×stale=900s)
进度: {'current': 0, 'message': '[3/6 ✓] 写完 REPORT.md. heartbeat 改 5min, 继续设计 EA 稿', 'total': 0}
→ 子 agent 已冻结，等你拍板（重试/换思路/取消）
[02:30:03] PUSH [error] 🚨 任务升级到 escalate: t-20260612-093433-1ce224
角色: researcher 等级: L
目标: 长期任务: 联网学习 MT4/MT5 EA + 免费EA解析 + 设计/编译/测试
心跳断: 59074秒前 (3×stale=900s)
进度: {'current': 0, 'message': '[3/6 ✓] 写完 REPORT.md. heartbeat 改 5min, 继续设计 EA 稿', 'total': 0}
→ 子 agent 已冻结，等你拍板（重试/换思路/取消）
[02:31:03] PUSH [error] 🚨 任务升级到 escalate: t-20260612-093433-1ce224
角色: researcher 等级: L
目标: 长期任务: 联网学习 MT4/MT5 EA + 免费EA解析 + 设计/编译/测试
心跳断: 59134秒前 (3×stale=900s)
进度: {'current': 0, 'message': '[3/6 ✓] 写完 REPORT.md. heartbeat 改 5min, 继续设计 EA 稿', 'total': 0}
→ 子 agent 已冻结，等你拍板（重试/换思路/取消）
[02:32:03] PUSH [error] 🚨 任务升级到 escalate: t-20260612-093433-1ce224
角色: researcher 等级: L
目标: 长期任务: 联网学习 MT4/MT5 EA + 免费EA解析 + 设计/编译/测试
心跳断: 59194秒前 (3×stale=900s)
进度: {'current': 0, 'message': '[3/6 ✓] 写完 REPORT.md. heartbeat 改 5min, 继续设计 EA 稿', 'total': 0}
→ 子 agent 已冻结，等你拍板（重试/换思路/取消）
[02:33:03] PUSH [error] 🚨 任务升级到 escalate: t-20260612-093433-1ce224
角色: researcher 等级: L
目标: 长期任务: 联网学习 MT4/MT5 EA + 免费EA解析 + 设计/编译/测试
心跳断: 59254秒前 (3×stale=900s)
进度: {'current': 0, 'message': '[3/6 ✓] 写完 REPORT.md. heartbeat 改 5min, 继续设计 EA 稿', 'total': 0}
→ 子 agent 已冻结，等你拍板（重试/换思路/取消）
[02:34:03] PUSH [error] 🚨 任务升级到 escalate: t-20260612-093433-1ce224
角色: researcher 等级: L
目标: 长期任务: 联网学习 MT4/MT5 EA + 免费EA解析 + 设计/编译/测试
心跳断: 59314秒前 (3×stale=900s)
进度: {'current': 0, 'message': '[3/6 ✓] 写完 REPORT.md. heartbeat 改 5min, 继续设计 EA 稿', 'total': 0}
→ 子 agent 已冻结，等你拍板（重试/换思路/取消）
[02:35:03] PUSH [error] 🚨 任务升级到 escalate: t-20260612-093433-1ce224
角色: researcher 等级: L
目标: 长期任务: 联网学习 MT4/MT5 EA + 免费EA解析 + 设计/编译/测试
心跳断: 59374秒前 (3×stale=900s)
进度: {'current': 0, 'message': '[3/6 ✓] 写完 REPORT.md. heartbeat 改 5min, 继续设计 EA 稿', 'total': 0}
→ 子 agent 已冻结，等你拍板（重试/换思路/取消）
[02:36:03] PUSH [error] 🚨 任务升级到 escalate: t-20260612-093433-1ce224
角色: researcher 等级: L
目标: 长期任务: 联网学习 MT4/MT5 EA + 免费EA解析 + 设计/编译/测试
心跳断: 59434秒前 (3×stale=900s)
进度: {'current': 0, 'message': '[3/6 ✓] 写完 REPORT.md. heartbeat 改 5min, 继续设计 EA 稿', 'total': 0}
→ 子 agent 已冻结，等你拍板（重试/换思路/取消）
[02:37:03] PUSH [error] 🚨 任务升级到 escalate: t-20260612-093433-1ce224
角色: researcher 等级: L
目标: 长期任务: 联网学习 MT4/MT5 EA + 免费EA解析 + 设计/编译/测试
心跳断: 59494秒前 (3×stale=900s)
进度: {'current': 0, 'message': '[3/6 ✓] 写完 REPORT.md. heartbeat 改 5min, 继续设计 EA 稿', 'total': 0}
→ 子 agent 已冻结，等你拍板（重试/换思路/取消）
[02:38:03] PUSH [error] 🚨 任务升级到 escalate: t-20260612-093433-1ce224
角色: researcher 等级: L
目标: 长期任务: 联网学习 MT4/MT5 EA + 免费EA解析 + 设计/编译/测试
心跳断: 59554秒前 (3×stale=900s)
进度: {'current': 0, 'message': '[3/6 ✓] 写完 REPORT.md. heartbeat 改 5min, 继续设计 EA 稿', 'total': 0}
→ 子 agent 已冻结，等你拍板（重试/换思路/取消）
[02:39:03] PUSH [error] 🚨 任务升级到 escalate: t-20260612-093433-1ce224
角色: researcher 等级: L
目标: 长期任务: 联网学习 MT4/MT5 EA + 免费EA解析 + 设计/编译/测试
心跳断: 59614秒前 (3×stale=900s)
进度: {'current': 0, 'message': '[3/6 ✓] 写完 REPORT.md. heartbeat 改 5min, 继续设计 EA 稿', 'total': 0}
→ 子 agent 已冻结，等你拍板（重试/换思路/取消）
[02:40:03] PUSH [error] 🚨 任务升级到 escalate: t-20260612-093433-1ce224
角色: researcher 等级: L
目标: 长期任务: 联网学习 MT4/MT5 EA + 免费EA解析 + 设计/编译/测试
心跳断: 59674秒前 (3×stale=900s)
进度: {'current': 0, 'message': '[3/6 ✓] 写完 REPORT.md. heartbeat 改 5min, 继续设计 EA 稿', 'total': 0}
→ 子 agent 已冻结，等你拍板（重试/换思路/取消）
[02:41:03] PUSH [error] 🚨 任务升级到 escalate: t-20260612-093433-1ce224
角色: researcher 等级: L
目标: 长期任务: 联网学习 MT4/MT5 EA + 免费EA解析 + 设计/编译/测试
心跳断: 59734秒前 (3×stale=900s)
进度: {'current': 0, 'message': '[3/6 ✓] 写完 REPORT.md. heartbeat 改 5min, 继续设计 EA 稿', 'total': 0}
→ 子 agent 已冻结，等你拍板（重试/换思路/取消）
[02:42:03] PUSH [error] 🚨 任务升级到 escalate: t-20260612-093433-1ce224
角色: researcher 等级: L
目标: 长期任务: 联网学习 MT4/MT5 EA + 免费EA解析 + 设计/编译/测试
心跳断: 59794秒前 (3×stale=900s)
进度: {'current': 0, 'message': '[3/6 ✓] 写完 REPORT.md. heartbeat 改 5min, 继续设计 EA 稿', 'total': 0}
→ 子 agent 已冻结，等你拍板（重试/换思路/取消）
[02:43:03] PUSH [error] 🚨 任务升级到 escalate: t-20260612-093433-1ce224
角色: researcher 等级: L
目标: 长期任务: 联网学习 MT4/MT5 EA + 免费EA解析 + 设计/编译/测试
心跳断: 59854秒前 (3×stale=900s)
进度: {'current': 0, 'message': '[3/6 ✓] 写完 REPORT.md. heartbeat 改 5min, 继续设计 EA 稿', 'total': 0}
→ 子 agent 已冻结，等你拍板（重试/换思路/取消）
[02:44:03] PUSH [error] 🚨 任务升级到 escalate: t-20260612-093433-1ce224
角色: researcher 等级: L
目标: 长期任务: 联网学习 MT4/MT5 EA + 免费EA解析 + 设计/编译/测试
心跳断: 59914秒前 (3×stale=900s)
进度: {'current': 0, 'message': '[3/6 ✓] 写完 REPORT.md. heartbeat 改 5min, 继续设计 EA 稿', 'total': 0}
→ 子 agent 已冻结，等你拍板（重试/换思路/取消）
[02:45:03] PUSH [error] 🚨 任务升级到 escalate: t-20260612-093433-1ce224
角色: researcher 等级: L
目标: 长期任务: 联网学习 MT4/MT5 EA + 免费EA解析 + 设计/编译/测试
心跳断: 59974秒前 (3×stale=900s)
进度: {'current': 0, 'message': '[3/6 ✓] 写完 REPORT.md. heartbeat 改 5min, 继续设计 EA 稿', 'total': 0}
→ 子 agent 已冻结，等你拍板（重试/换思路/取消）
[02:46:03] PUSH [error] 🚨 任务升级到 escalate: t-20260612-093433-1ce224
角色: researcher 等级: L
目标: 长期任务: 联网学习 MT4/MT5 EA + 免费EA解析 + 设计/编译/测试
心跳断: 60034秒前 (3×stale=900s)
进度: {'current': 0, 'message': '[3/6 ✓] 写完 REPORT.md. heartbeat 改 5min, 继续设计 EA 稿', 'total': 0}
→ 子 agent 已冻结，等你拍板（重试/换思路/取消）
[02:47:03] PUSH [error] 🚨 任务升级到 escalate: t-20260612-093433-1ce224
角色: researcher 等级: L
目标: 长期任务: 联网学习 MT4/MT5 EA + 免费EA解析 + 设计/编译/测试
心跳断: 60094秒前 (3×stale=900s)
进度: {'current': 0, 'message': '[3/6 ✓] 写完 REPORT.md. heartbeat 改 5min, 继续设计 EA 稿', 'total': 0}
→ 子 agent 已冻结，等你拍板（重试/换思路/取消）
[02:48:03] PUSH [error] 🚨 任务升级到 escalate: t-20260612-093433-1ce224
角色: researcher 等级: L
目标: 长期任务: 联网学习 MT4/MT5 EA + 免费EA解析 + 设计/编译/测试
心跳断: 60154秒前 (3×stale=900s)
进度: {'current': 0, 'message': '[3/6 ✓] 写完 REPORT.md. heartbeat 改 5min, 继续设计 EA 稿', 'total': 0}
→ 子 agent 已冻结，等你拍板（重试/换思路/取消）
[02:49:03] PUSH [error] 🚨 任务升级到 escalate: t-20260612-093433-1ce224
角色: researcher 等级: L
目标: 长期任务: 联网学习 MT4/MT5 EA + 免费EA解析 + 设计/编译/测试
心跳断: 60214秒前 (3×stale=900s)
进度: {'current': 0, 'message': '[3/6 ✓] 写完 REPORT.md. heartbeat 改 5min, 继续设计 EA 稿', 'total': 0}
→ 子 agent 已冻结，等你拍板（重试/换思路/取消）
[02:50:03] PUSH [error] 🚨 任务升级到 escalate: t-20260612-093433-1ce224
角色: researcher 等级: L
目标: 长期任务: 联网学习 MT4/MT5 EA + 免费EA解析 + 设计/编译/测试
心跳断: 60274秒前 (3×stale=900s)
进度: {'current': 0, 'message': '[3/6 ✓] 写完 REPORT.md. heartbeat 改 5min, 继续设计 EA 稿', 'total': 0}
→ 子 agent 已冻结，等你拍板（重试/换思路/取消）
[02:51:03] PUSH [error] 🚨 任务升级到 escalate: t-20260612-093433-1ce224
角色: researcher 等级: L
目标: 长期任务: 联网学习 MT4/MT5 EA + 免费EA解析 + 设计/编译/测试
心跳断: 60334秒前 (3×stale=900s)
进度: {'current': 0, 'message': '[3/6 ✓] 写完 REPORT.md. heartbeat 改 5min, 继续设计 EA 稿', 'total': 0}
→ 子 agent 已冻结，等你拍板（重试/换思路/取消）
[02:52:03] PUSH [error] 🚨 任务升级到 escalate: t-20260612-093433-1ce224
角色: researcher 等级: L
目标: 长期任务: 联网学习 MT4/MT5 EA + 免费EA解析 + 设计/编译/测试
心跳断: 60394秒前 (3×stale=900s)
进度: {'current': 0, 'message': '[3/6 ✓] 写完 REPORT.md. heartbeat 改 5min, 继续设计 EA 稿', 'total': 0}
→ 子 agent 已冻结，等你拍板（重试/换思路/取消）
[02:53:03] PUSH [error] 🚨 任务升级到 escalate: t-20260612-093433-1ce224
角色: researcher 等级: L
目标: 长期任务: 联网学习 MT4/MT5 EA + 免费EA解析 + 设计/编译/测试
心跳断: 60454秒前 (3×stale=900s)
进度: {'current': 0, 'message': '[3/6 ✓] 写完 REPORT.md. heartbeat 改 5min, 继续设计 EA 稿', 'total': 0}
→ 子 agent 已冻结，等你拍板（重试/换思路/取消）
[02:54:03] PUSH [error] 🚨 任务升级到 escalate: t-20260612-093433-1ce224
角色: researcher 等级: L
目标: 长期任务: 联网学习 MT4/MT5 EA + 免费EA解析 + 设计/编译/测试
心跳断: 60514秒前 (3×stale=900s)
进度: {'current': 0, 'message': '[3/6 ✓] 写完 REPORT.md. heartbeat 改 5min, 继续设计 EA 稿', 'total': 0}
→ 子 agent 已冻结，等你拍板（重试/换思路/取消）
[02:55:03] PUSH [error] 🚨 任务升级到 escalate: t-20260612-093433-1ce224
角色: researcher 等级: L
目标: 长期任务: 联网学习 MT4/MT5 EA + 免费EA解析 + 设计/编译/测试
心跳断: 60574秒前 (3×stale=900s)
进度: {'current': 0, 'message': '[3/6 ✓] 写完 REPORT.md. heartbeat 改 5min, 继续设计 EA 稿', 'total': 0}
→ 子 agent 已冻结，等你拍板（重试/换思路/取消）
[02:56:03] PUSH [error] 🚨 任务升级到 escalate: t-20260612-093433-1ce224
角色: researcher 等级: L
目标: 长期任务: 联网学习 MT4/MT5 EA + 免费EA解析 + 设计/编译/测试
心跳断: 60634秒前 (3×stale=900s)
进度: {'current': 0, 'message': '[3/6 ✓] 写完 REPORT.md. heartbeat 改 5min, 继续设计 EA 稿', 'total': 0}
→ 子 agent 已冻结，等你拍板（重试/换思路/取消）
[02:57:03] PUSH [error] 🚨 任务升级到 escalate: t-20260612-093433-1ce224
角色: researcher 等级: L
目标: 长期任务: 联网学习 MT4/MT5 EA + 免费EA解析 + 设计/编译/测试
心跳断: 60694秒前 (3×stale=900s)
进度: {'current': 0, 'message': '[3/6 ✓] 写完 REPORT.md. heartbeat 改 5min, 继续设计 EA 稿', 'total': 0}
→ 子 agent 已冻结，等你拍板（重试/换思路/取消）
[02:58:03] PUSH [error] 🚨 任务升级到 escalate: t-20260612-093433-1ce224
角色: researcher 等级: L
目标: 长期任务: 联网学习 MT4/MT5 EA + 免费EA解析 + 设计/编译/测试
心跳断: 60754秒前 (3×stale=900s)
进度: {'current': 0, 'message': '[3/6 ✓] 写完 REPORT.md. heartbeat 改 5min, 继续设计 EA 稿', 'total': 0}
→ 子 agent 已冻结，等你拍板（重试/换思路/取消）
[02:59:03] PUSH [error] 🚨 任务升级到 escalate: t-20260612-093433-1ce224
角色: researcher 等级: L
目标: 长期任务: 联网学习 MT4/MT5 EA + 免费EA解析 + 设计/编译/测试
心跳断: 60814秒前 (3×stale=900s)
进度: {'current': 0, 'message': '[3/6 ✓] 写完 REPORT.md. heartbeat 改 5min, 继续设计 EA 稿', 'total': 0}
→ 子 agent 已冻结，等你拍板（重试/换思路/取消）
[03:00:04] PUSH [error] 🚨 任务升级到 escalate: t-20260612-093433-1ce224
角色: researcher 等级: L
目标: 长期任务: 联网学习 MT4/MT5 EA + 免费EA解析 + 设计/编译/测试
心跳断: 60874秒前 (3×stale=900s)
进度: {'current': 0, 'message': '[3/6 ✓] 写完 REPORT.md. heartbeat 改 5min, 继续设计 EA 稿', 'total': 0}
→ 子 agent 已冻结，等你拍板（重试/换思路/取消）
[03:01:04] PUSH [error] 🚨 任务升级到 escalate: t-20260612-093433-1ce224
角色: researcher 等级: L
目标: 长期任务: 联网学习 MT4/MT5 EA + 免费EA解析 + 设计/编译/测试
心跳断: 60935秒前 (3×stale=900s)
进度: {'current': 0, 'message': '[3/6 ✓] 写完 REPORT.md. heartbeat 改 5min, 继续设计 EA 稿', 'total': 0}
→ 子 agent 已冻结，等你拍板（重试/换思路/取消）
[03:02:04] PUSH [error] 🚨 任务升级到 escalate: t-20260612-093433-1ce224
角色: researcher 等级: L
目标: 长期任务: 联网学习 MT4/MT5 EA + 免费EA解析 + 设计/编译/测试
心跳断: 60995秒前 (3×stale=900s)
进度: {'current': 0, 'message': '[3/6 ✓] 写完 REPORT.md. heartbeat 改 5min, 继续设计 EA 稿', 'total': 0}
→ 子 agent 已冻结，等你拍板（重试/换思路/取消）
[03:03:04] PUSH [error] 🚨 任务升级到 escalate: t-20260612-093433-1ce224
角色: researcher 等级: L
目标: 长期任务: 联网学习 MT4/MT5 EA + 免费EA解析 + 设计/编译/测试
心跳断: 61055秒前 (3×stale=900s)
进度: {'current': 0, 'message': '[3/6 ✓] 写完 REPORT.md. heartbeat 改 5min, 继续设计 EA 稿', 'total': 0}
→ 子 agent 已冻结，等你拍板（重试/换思路/取消）
[03:04:04] PUSH [error] 🚨 任务升级到 escalate: t-20260612-093433-1ce224
角色: researcher 等级: L
目标: 长期任务: 联网学习 MT4/MT5 EA + 免费EA解析 + 设计/编译/测试
心跳断: 61115秒前 (3×stale=900s)
进度: {'current': 0, 'message': '[3/6 ✓] 写完 REPORT.md. heartbeat 改 5min, 继续设计 EA 稿', 'total': 0}
→ 子 agent 已冻结，等你拍板（重试/换思路/取消）
[03:05:04] PUSH [error] 🚨 任务升级到 escalate: t-20260612-093433-1ce224
角色: researcher 等级: L
目标: 长期任务: 联网学习 MT4/MT5 EA + 免费EA解析 + 设计/编译/测试
心跳断: 61175秒前 (3×stale=900s)
进度: {'current': 0, 'message': '[3/6 ✓] 写完 REPORT.md. heartbeat 改 5min, 继续设计 EA 稿', 'total': 0}
→ 子 agent 已冻结，等你拍板（重试/换思路/取消）
[03:06:04] PUSH [error] 🚨 任务升级到 escalate: t-20260612-093433-1ce224
角色: researcher 等级: L
目标: 长期任务: 联网学习 MT4/MT5 EA + 免费EA解析 + 设计/编译/测试
心跳断: 61235秒前 (3×stale=900s)
进度: {'current': 0, 'message': '[3/6 ✓] 写完 REPORT.md. heartbeat 改 5min, 继续设计 EA 稿', 'total': 0}
→ 子 agent 已冻结，等你拍板（重试/换思路/取消）
[03:07:04] PUSH [error] 🚨 任务升级到 escalate: t-20260612-093433-1ce224
角色: researcher 等级: L
目标: 长期任务: 联网学习 MT4/MT5 EA + 免费EA解析 + 设计/编译/测试
心跳断: 61295秒前 (3×stale=900s)
进度: {'current': 0, 'message': '[3/6 ✓] 写完 REPORT.md. heartbeat 改 5min, 继续设计 EA 稿', 'total': 0}
→ 子 agent 已冻结，等你拍板（重试/换思路/取消）
[03:08:04] PUSH [error] 🚨 任务升级到 escalate: t-20260612-093433-1ce224
角色: researcher 等级: L
目标: 长期任务: 联网学习 MT4/MT5 EA + 免费EA解析 + 设计/编译/测试
心跳断: 61355秒前 (3×stale=900s)
进度: {'current': 0, 'message': '[3/6 ✓] 写完 REPORT.md. heartbeat 改 5min, 继续设计 EA 稿', 'total': 0}
→ 子 agent 已冻结，等你拍板（重试/换思路/取消）
[03:09:04] PUSH [error] 🚨 任务升级到 escalate: t-20260612-093433-1ce224
角色: researcher 等级: L
目标: 长期任务: 联网学习 MT4/MT5 EA + 免费EA解析 + 设计/编译/测试
心跳断: 61415秒前 (3×stale=900s)
进度: {'current': 0, 'message': '[3/6 ✓] 写完 REPORT.md. heartbeat 改 5min, 继续设计 EA 稿', 'total': 0}
→ 子 agent 已冻结，等你拍板（重试/换思路/取消）
[03:10:04] PUSH [error] 🚨 任务升级到 escalate: t-20260612-093433-1ce224
角色: researcher 等级: L
目标: 长期任务: 联网学习 MT4/MT5 EA + 免费EA解析 + 设计/编译/测试
心跳断: 61475秒前 (3×stale=900s)
进度: {'current': 0, 'message': '[3/6 ✓] 写完 REPORT.md. heartbeat 改 5min, 继续设计 EA 稿', 'total': 0}
→ 子 agent 已冻结，等你拍板（重试/换思路/取消）
[03:11:04] PUSH [error] 🚨 任务升级到 escalate: t-20260612-093433-1ce224
角色: researcher 等级: L
目标: 长期任务: 联网学习 MT4/MT5 EA + 免费EA解析 + 设计/编译/测试
心跳断: 61535秒前 (3×stale=900s)
进度: {'current': 0, 'message': '[3/6 ✓] 写完 REPORT.md. heartbeat 改 5min, 继续设计 EA 稿', 'total': 0}
→ 子 agent 已冻结，等你拍板（重试/换思路/取消）
[03:12:04] PUSH [error] 🚨 任务升级到 escalate: t-20260612-093433-1ce224
角色: researcher 等级: L
目标: 长期任务: 联网学习 MT4/MT5 EA + 免费EA解析 + 设计/编译/测试
心跳断: 61595秒前 (3×stale=900s)
进度: {'current': 0, 'message': '[3/6 ✓] 写完 REPORT.md. heartbeat 改 5min, 继续设计 EA 稿', 'total': 0}
→ 子 agent 已冻结，等你拍板（重试/换思路/取消）
[03:13:04] PUSH [error] 🚨 任务升级到 escalate: t-20260612-093433-1ce224
角色: researcher 等级: L
目标: 长期任务: 联网学习 MT4/MT5 EA + 免费EA解析 + 设计/编译/测试
心跳断: 61655秒前 (3×stale=900s)
进度: {'current': 0, 'message': '[3/6 ✓] 写完 REPORT.md. heartbeat 改 5min, 继续设计 EA 稿', 'total': 0}
→ 子 agent 已冻结，等你拍板（重试/换思路/取消）
[03:14:04] PUSH [error] 🚨 任务升级到 escalate: t-20260612-093433-1ce224
角色: researcher 等级: L
目标: 长期任务: 联网学习 MT4/MT5 EA + 免费EA解析 + 设计/编译/测试
心跳断: 61715秒前 (3×stale=900s)
进度: {'current': 0, 'message': '[3/6 ✓] 写完 REPORT.md. heartbeat 改 5min, 继续设计 EA 稿', 'total': 0}
→ 子 agent 已冻结，等你拍板（重试/换思路/取消）
[03:15:04] PUSH [error] 🚨 任务升级到 escalate: t-20260612-093433-1ce224
角色: researcher 等级: L
目标: 长期任务: 联网学习 MT4/MT5 EA + 免费EA解析 + 设计/编译/测试
心跳断: 61775秒前 (3×stale=900s)
进度: {'current': 0, 'message': '[3/6 ✓] 写完 REPORT.md. heartbeat 改 5min, 继续设计 EA 稿', 'total': 0}
→ 子 agent 已冻结，等你拍板（重试/换思路/取消）
[03:16:04] PUSH [error] 🚨 任务升级到 escalate: t-20260612-093433-1ce224
角色: researcher 等级: L
目标: 长期任务: 联网学习 MT4/MT5 EA + 免费EA解析 + 设计/编译/测试
心跳断: 61835秒前 (3×stale=900s)
进度: {'current': 0, 'message': '[3/6 ✓] 写完 REPORT.md. heartbeat 改 5min, 继续设计 EA 稿', 'total': 0}
→ 子 agent 已冻结，等你拍板（重试/换思路/取消）
[03:17:04] PUSH [error] 🚨 任务升级到 escalate: t-20260612-093433-1ce224
角色: researcher 等级: L
目标: 长期任务: 联网学习 MT4/MT5 EA + 免费EA解析 + 设计/编译/测试
心跳断: 61895秒前 (3×stale=900s)
进度: {'current': 0, 'message': '[3/6 ✓] 写完 REPORT.md. heartbeat 改 5min, 继续设计 EA 稿', 'total': 0}
→ 子 agent 已冻结，等你拍板（重试/换思路/取消）
[03:18:04] PUSH [error] 🚨 任务升级到 escalate: t-20260612-093433-1ce224
角色: researcher 等级: L
目标: 长期任务: 联网学习 MT4/MT5 EA + 免费EA解析 + 设计/编译/测试
心跳断: 61955秒前 (3×stale=900s)
进度: {'current': 0, 'message': '[3/6 ✓] 写完 REPORT.md. heartbeat 改 5min, 继续设计 EA 稿', 'total': 0}
→ 子 agent 已冻结，等你拍板（重试/换思路/取消）
[03:19:04] PUSH [error] 🚨 任务升级到 escalate: t-20260612-093433-1ce224
角色: researcher 等级: L
目标: 长期任务: 联网学习 MT4/MT5 EA + 免费EA解析 + 设计/编译/测试
心跳断: 62015秒前 (3×stale=900s)
进度: {'current': 0, 'message': '[3/6 ✓] 写完 REPORT.md. heartbeat 改 5min, 继续设计 EA 稿', 'total': 0}
→ 子 agent 已冻结，等你拍板（重试/换思路/取消）
[03:20:04] PUSH [error] 🚨 任务升级到 escalate: t-20260612-093433-1ce224
角色: researcher 等级: L
目标: 长期任务: 联网学习 MT4/MT5 EA + 免费EA解析 + 设计/编译/测试
心跳断: 62075秒前 (3×stale=900s)
进度: {'current': 0, 'message': '[3/6 ✓] 写完 REPORT.md. heartbeat 改 5min, 继续设计 EA 稿', 'total': 0}
→ 子 agent 已冻结，等你拍板（重试/换思路/取消）
[03:21:04] PUSH [error] 🚨 任务升级到 escalate: t-20260612-093433-1ce224
角色: researcher 等级: L
目标: 长期任务: 联网学习 MT4/MT5 EA + 免费EA解析 + 设计/编译/测试
心跳断: 62135秒前 (3×stale=900s)
进度: {'current': 0, 'message': '[3/6 ✓] 写完 REPORT.md. heartbeat 改 5min, 继续设计 EA 稿', 'total': 0}
→ 子 agent 已冻结，等你拍板（重试/换思路/取消）
[03:22:04] PUSH [error] 🚨 任务升级到 escalate: t-20260612-093433-1ce224
角色: researcher 等级: L
目标: 长期任务: 联网学习 MT4/MT5 EA + 免费EA解析 + 设计/编译/测试
心跳断: 62195秒前 (3×stale=900s)
进度: {'current': 0, 'message': '[3/6 ✓] 写完 REPORT.md. heartbeat 改 5min, 继续设计 EA 稿', 'total': 0}
→ 子 agent 已冻结，等你拍板（重试/换思路/取消）
[03:23:04] PUSH [error] 🚨 任务升级到 escalate: t-20260612-093433-1ce224
角色: researcher 等级: L
目标: 长期任务: 联网学习 MT4/MT5 EA + 免费EA解析 + 设计/编译/测试
心跳断: 62255秒前 (3×stale=900s)
进度: {'current': 0, 'message': '[3/6 ✓] 写完 REPORT.md. heartbeat 改 5min, 继续设计 EA 稿', 'total': 0}
→ 子 agent 已冻结，等你拍板（重试/换思路/取消）
[03:24:04] PUSH [error] 🚨 任务升级到 escalate: t-20260612-093433-1ce224
角色: researcher 等级: L
目标: 长期任务: 联网学习 MT4/MT5 EA + 免费EA解析 + 设计/编译/测试
心跳断: 62315秒前 (3×stale=900s)
进度: {'current': 0, 'message': '[3/6 ✓] 写完 REPORT.md. heartbeat 改 5min, 继续设计 EA 稿', 'total': 0}
→ 子 agent 已冻结，等你拍板（重试/换思路/取消）
[03:25:04] PUSH [error] 🚨 任务升级到 escalate: t-20260612-093433-1ce224
角色: researcher 等级: L
目标: 长期任务: 联网学习 MT4/MT5 EA + 免费EA解析 + 设计/编译/测试
心跳断: 62375秒前 (3×stale=900s)
进度: {'current': 0, 'message': '[3/6 ✓] 写完 REPORT.md. heartbeat 改 5min, 继续设计 EA 稿', 'total': 0}
→ 子 agent 已冻结，等你拍板（重试/换思路/取消）
[03:26:04] PUSH [error] 🚨 任务升级到 escalate: t-20260612-093433-1ce224
角色: researcher 等级: L
目标: 长期任务: 联网学习 MT4/MT5 EA + 免费EA解析 + 设计/编译/测试
心跳断: 62435秒前 (3×stale=900s)
进度: {'current': 0, 'message': '[3/6 ✓] 写完 REPORT.md. heartbeat 改 5min, 继续设计 EA 稿', 'total': 0}
→ 子 agent 已冻结，等你拍板（重试/换思路/取消）
[03:27:04] PUSH [error] 🚨 任务升级到 escalate: t-20260612-093433-1ce224
角色: researcher 等级: L
目标: 长期任务: 联网学习 MT4/MT5 EA + 免费EA解析 + 设计/编译/测试
心跳断: 62495秒前 (3×stale=900s)
进度: {'current': 0, 'message': '[3/6 ✓] 写完 REPORT.md. heartbeat 改 5min, 继续设计 EA 稿', 'total': 0}
→ 子 agent 已冻结，等你拍板（重试/换思路/取消）
[03:28:04] PUSH [error] 🚨 任务升级到 escalate: t-20260612-093433-1ce224
角色: researcher 等级: L
目标: 长期任务: 联网学习 MT4/MT5 EA + 免费EA解析 + 设计/编译/测试
心跳断: 62555秒前 (3×stale=900s)
进度: {'current': 0, 'message': '[3/6 ✓] 写完 REPORT.md. heartbeat 改 5min, 继续设计 EA 稿', 'total': 0}
→ 子 agent 已冻结，等你拍板（重试/换思路/取消）
[03:29:04] PUSH [error] 🚨 任务升级到 escalate: t-20260612-093433-1ce224
角色: researcher 等级: L
目标: 长期任务: 联网学习 MT4/MT5 EA + 免费EA解析 + 设计/编译/测试
心跳断: 62615秒前 (3×stale=900s)
进度: {'current': 0, 'message': '[3/6 ✓] 写完 REPORT.md. heartbeat 改 5min, 继续设计 EA 稿', 'total': 0}
→ 子 agent 已冻结，等你拍板（重试/换思路/取消）
[03:30:04] PUSH [error] 🚨 任务升级到 escalate: t-20260612-093433-1ce224
角色: researcher 等级: L
目标: 长期任务: 联网学习 MT4/MT5 EA + 免费EA解析 + 设计/编译/测试
心跳断: 62675秒前 (3×stale=900s)
进度: {'current': 0, 'message': '[3/6 ✓] 写完 REPORT.md. heartbeat 改 5min, 继续设计 EA 稿', 'total': 0}
→ 子 agent 已冻结，等你拍板（重试/换思路/取消）
[03:31:04] PUSH [error] 🚨 任务升级到 escalate: t-20260612-093433-1ce224
角色: researcher 等级: L
目标: 长期任务: 联网学习 MT4/MT5 EA + 免费EA解析 + 设计/编译/测试
心跳断: 62735秒前 (3×stale=900s)
进度: {'current': 0, 'message': '[3/6 ✓] 写完 REPORT.md. heartbeat 改 5min, 继续设计 EA 稿', 'total': 0}
→ 子 agent 已冻结，等你拍板（重试/换思路/取消）
[03:32:04] PUSH [error] 🚨 任务升级到 escalate: t-20260612-093433-1ce224
角色: researcher 等级: L
目标: 长期任务: 联网学习 MT4/MT5 EA + 免费EA解析 + 设计/编译/测试
心跳断: 62795秒前 (3×stale=900s)
进度: {'current': 0, 'message': '[3/6 ✓] 写完 REPORT.md. heartbeat 改 5min, 继续设计 EA 稿', 'total': 0}
→ 子 agent 已冻结，等你拍板（重试/换思路/取消）
[03:33:04] PUSH [error] 🚨 任务升级到 escalate: t-20260612-093433-1ce224
角色: researcher 等级: L
目标: 长期任务: 联网学习 MT4/MT5 EA + 免费EA解析 + 设计/编译/测试
心跳断: 62855秒前 (3×stale=900s)
进度: {'current': 0, 'message': '[3/6 ✓] 写完 REPORT.md. heartbeat 改 5min, 继续设计 EA 稿', 'total': 0}
→ 子 agent 已冻结，等你拍板（重试/换思路/取消）
[03:34:04] PUSH [error] 🚨 任务升级到 escalate: t-20260612-093433-1ce224
角色: researcher 等级: L
目标: 长期任务: 联网学习 MT4/MT5 EA + 免费EA解析 + 设计/编译/测试
心跳断: 62915秒前 (3×stale=900s)
进度: {'current': 0, 'message': '[3/6 ✓] 写完 REPORT.md. heartbeat 改 5min, 继续设计 EA 稿', 'total': 0}
→ 子 agent 已冻结，等你拍板（重试/换思路/取消）
[03:35:04] PUSH [error] 🚨 任务升级到 escalate: t-20260612-093433-1ce224
角色: researcher 等级: L
目标: 长期任务: 联网学习 MT4/MT5 EA + 免费EA解析 + 设计/编译/测试
心跳断: 62975秒前 (3×stale=900s)
进度: {'current': 0, 'message': '[3/6 ✓] 写完 REPORT.md. heartbeat 改 5min, 继续设计 EA 稿', 'total': 0}
→ 子 agent 已冻结，等你拍板（重试/换思路/取消）
[03:36:04] PUSH [error] 🚨 任务升级到 escalate: t-20260612-093433-1ce224
角色: researcher 等级: L
目标: 长期任务: 联网学习 MT4/MT5 EA + 免费EA解析 + 设计/编译/测试
心跳断: 63035秒前 (3×stale=900s)
进度: {'current': 0, 'message': '[3/6 ✓] 写完 REPORT.md. heartbeat 改 5min, 继续设计 EA 稿', 'total': 0}
→ 子 agent 已冻结，等你拍板（重试/换思路/取消）
[03:37:04] PUSH [error] 🚨 任务升级到 escalate: t-20260612-093433-1ce224
角色: researcher 等级: L
目标: 长期任务: 联网学习 MT4/MT5 EA + 免费EA解析 + 设计/编译/测试
心跳断: 63095秒前 (3×stale=900s)
进度: {'current': 0, 'message': '[3/6 ✓] 写完 REPORT.md. heartbeat 改 5min, 继续设计 EA 稿', 'total': 0}
→ 子 agent 已冻结，等你拍板（重试/换思路/取消）
[03:38:04] PUSH [error] 🚨 任务升级到 escalate: t-20260612-093433-1ce224
角色: researcher 等级: L
目标: 长期任务: 联网学习 MT4/MT5 EA + 免费EA解析 + 设计/编译/测试
心跳断: 63155秒前 (3×stale=900s)
进度: {'current': 0, 'message': '[3/6 ✓] 写完 REPORT.md. heartbeat 改 5min, 继续设计 EA 稿', 'total': 0}
→ 子 agent 已冻结，等你拍板（重试/换思路/取消）
[03:39:04] PUSH [error] 🚨 任务升级到 escalate: t-20260612-093433-1ce224
角色: researcher 等级: L
目标: 长期任务: 联网学习 MT4/MT5 EA + 免费EA解析 + 设计/编译/测试
心跳断: 63215秒前 (3×stale=900s)
进度: {'current': 0, 'message': '[3/6 ✓] 写完 REPORT.md. heartbeat 改 5min, 继续设计 EA 稿', 'total': 0}
→ 子 agent 已冻结，等你拍板（重试/换思路/取消）
[03:40:04] PUSH [error] 🚨 任务升级到 escalate: t-20260612-093433-1ce224
角色: researcher 等级: L
目标: 长期任务: 联网学习 MT4/MT5 EA + 免费EA解析 + 设计/编译/测试
心跳断: 63275秒前 (3×stale=900s)
进度: {'current': 0, 'message': '[3/6 ✓] 写完 REPORT.md. heartbeat 改 5min, 继续设计 EA 稿', 'total': 0}
→ 子 agent 已冻结，等你拍板（重试/换思路/取消）
[03:41:05] PUSH [error] 🚨 任务升级到 escalate: t-20260612-093433-1ce224
角色: researcher 等级: L
目标: 长期任务: 联网学习 MT4/MT5 EA + 免费EA解析 + 设计/编译/测试
心跳断: 63335秒前 (3×stale=900s)
进度: {'current': 0, 'message': '[3/6 ✓] 写完 REPORT.md. heartbeat 改 5min, 继续设计 EA 稿', 'total': 0}
→ 子 agent 已冻结，等你拍板（重试/换思路/取消）
[03:42:05] PUSH [error] 🚨 任务升级到 escalate: t-20260612-093433-1ce224
角色: researcher 等级: L
目标: 长期任务: 联网学习 MT4/MT5 EA + 免费EA解析 + 设计/编译/测试
心跳断: 63396秒前 (3×stale=900s)
进度: {'current': 0, 'message': '[3/6 ✓] 写完 REPORT.md. heartbeat 改 5min, 继续设计 EA 稿', 'total': 0}
→ 子 agent 已冻结，等你拍板（重试/换思路/取消）
[03:43:05] PUSH [error] 🚨 任务升级到 escalate: t-20260612-093433-1ce224
角色: researcher 等级: L
目标: 长期任务: 联网学习 MT4/MT5 EA + 免费EA解析 + 设计/编译/测试
心跳断: 63456秒前 (3×stale=900s)
进度: {'current': 0, 'message': '[3/6 ✓] 写完 REPORT.md. heartbeat 改 5min, 继续设计 EA 稿', 'total': 0}
→ 子 agent 已冻结，等你拍板（重试/换思路/取消）
[03:44:05] PUSH [error] 🚨 任务升级到 escalate: t-20260612-093433-1ce224
角色: researcher 等级: L
目标: 长期任务: 联网学习 MT4/MT5 EA + 免费EA解析 + 设计/编译/测试
心跳断: 63516秒前 (3×stale=900s)
进度: {'current': 0, 'message': '[3/6 ✓] 写完 REPORT.md. heartbeat 改 5min, 继续设计 EA 稿', 'total': 0}
→ 子 agent 已冻结，等你拍板（重试/换思路/取消）
[03:45:05] PUSH [error] 🚨 任务升级到 escalate: t-20260612-093433-1ce224
角色: researcher 等级: L
目标: 长期任务: 联网学习 MT4/MT5 EA + 免费EA解析 + 设计/编译/测试
心跳断: 63576秒前 (3×stale=900s)
进度: {'current': 0, 'message': '[3/6 ✓] 写完 REPORT.md. heartbeat 改 5min, 继续设计 EA 稿', 'total': 0}
→ 子 agent 已冻结，等你拍板（重试/换思路/取消）
[03:46:05] PUSH [error] 🚨 任务升级到 escalate: t-20260612-093433-1ce224
角色: researcher 等级: L
目标: 长期任务: 联网学习 MT4/MT5 EA + 免费EA解析 + 设计/编译/测试
心跳断: 63636秒前 (3×stale=900s)
进度: {'current': 0, 'message': '[3/6 ✓] 写完 REPORT.md. heartbeat 改 5min, 继续设计 EA 稿', 'total': 0}
→ 子 agent 已冻结，等你拍板（重试/换思路/取消）
[03:47:05] PUSH [error] 🚨 任务升级到 escalate: t-20260612-093433-1ce224
角色: researcher 等级: L
目标: 长期任务: 联网学习 MT4/MT5 EA + 免费EA解析 + 设计/编译/测试
心跳断: 63696秒前 (3×stale=900s)
进度: {'current': 0, 'message': '[3/6 ✓] 写完 REPORT.md. heartbeat 改 5min, 继续设计 EA 稿', 'total': 0}
→ 子 agent 已冻结，等你拍板（重试/换思路/取消）
[03:48:05] PUSH [error] 🚨 任务升级到 escalate: t-20260612-093433-1ce224
角色: researcher 等级: L
目标: 长期任务: 联网学习 MT4/MT5 EA + 免费EA解析 + 设计/编译/测试
心跳断: 63756秒前 (3×stale=900s)
进度: {'current': 0, 'message': '[3/6 ✓] 写完 REPORT.md. heartbeat 改 5min, 继续设计 EA 稿', 'total': 0}
→ 子 agent 已冻结，等你拍板（重试/换思路/取消）
[03:49:05] PUSH [error] 🚨 任务升级到 escalate: t-20260612-093433-1ce224
角色: researcher 等级: L
目标: 长期任务: 联网学习 MT4/MT5 EA + 免费EA解析 + 设计/编译/测试
心跳断: 63816秒前 (3×stale=900s)
进度: {'current': 0, 'message': '[3/6 ✓] 写完 REPORT.md. heartbeat 改 5min, 继续设计 EA 稿', 'total': 0}
→ 子 agent 已冻结，等你拍板（重试/换思路/取消）
[03:50:05] PUSH [error] 🚨 任务升级到 escalate: t-20260612-093433-1ce224
角色: researcher 等级: L
目标: 长期任务: 联网学习 MT4/MT5 EA + 免费EA解析 + 设计/编译/测试
心跳断: 63876秒前 (3×stale=900s)
进度: {'current': 0, 'message': '[3/6 ✓] 写完 REPORT.md. heartbeat 改 5min, 继续设计 EA 稿', 'total': 0}
→ 子 agent 已冻结，等你拍板（重试/换思路/取消）
[03:51:05] PUSH [error] 🚨 任务升级到 escalate: t-20260612-093433-1ce224
角色: researcher 等级: L
目标: 长期任务: 联网学习 MT4/MT5 EA + 免费EA解析 + 设计/编译/测试
心跳断: 63936秒前 (3×stale=900s)
进度: {'current': 0, 'message': '[3/6 ✓] 写完 REPORT.md. heartbeat 改 5min, 继续设计 EA 稿', 'total': 0}
→ 子 agent 已冻结，等你拍板（重试/换思路/取消）
[03:52:05] PUSH [error] 🚨 任务升级到 escalate: t-20260612-093433-1ce224
角色: researcher 等级: L
目标: 长期任务: 联网学习 MT4/MT5 EA + 免费EA解析 + 设计/编译/测试
心跳断: 63996秒前 (3×stale=900s)
进度: {'current': 0, 'message': '[3/6 ✓] 写完 REPORT.md. heartbeat 改 5min, 继续设计 EA 稿', 'total': 0}
→ 子 agent 已冻结，等你拍板（重试/换思路/取消）
[03:53:05] PUSH [error] 🚨 任务升级到 escalate: t-20260612-093433-1ce224
角色: researcher 等级: L
目标: 长期任务: 联网学习 MT4/MT5 EA + 免费EA解析 + 设计/编译/测试
心跳断: 64056秒前 (3×stale=900s)
进度: {'current': 0, 'message': '[3/6 ✓] 写完 REPORT.md. heartbeat 改 5min, 继续设计 EA 稿', 'total': 0}
→ 子 agent 已冻结，等你拍板（重试/换思路/取消）
[03:54:05] PUSH [error] 🚨 任务升级到 escalate: t-20260612-093433-1ce224
角色: researcher 等级: L
目标: 长期任务: 联网学习 MT4/MT5 EA + 免费EA解析 + 设计/编译/测试
心跳断: 64116秒前 (3×stale=900s)
进度: {'current': 0, 'message': '[3/6 ✓] 写完 REPORT.md. heartbeat 改 5min, 继续设计 EA 稿', 'total': 0}
→ 子 agent 已冻结，等你拍板（重试/换思路/取消）
[03:55:05] PUSH [error] 🚨 任务升级到 escalate: t-20260612-093433-1ce224
角色: researcher 等级: L
目标: 长期任务: 联网学习 MT4/MT5 EA + 免费EA解析 + 设计/编译/测试
心跳断: 64176秒前 (3×stale=900s)
进度: {'current': 0, 'message': '[3/6 ✓] 写完 REPORT.md. heartbeat 改 5min, 继续设计 EA 稿', 'total': 0}
→ 子 agent 已冻结，等你拍板（重试/换思路/取消）
[03:56:05] PUSH [error] 🚨 任务升级到 escalate: t-20260612-093433-1ce224
角色: researcher 等级: L
目标: 长期任务: 联网学习 MT4/MT5 EA + 免费EA解析 + 设计/编译/测试
心跳断: 64236秒前 (3×stale=900s)
进度: {'current': 0, 'message': '[3/6 ✓] 写完 REPORT.md. heartbeat 改 5min, 继续设计 EA 稿', 'total': 0}
→ 子 agent 已冻结，等你拍板（重试/换思路/取消）
[03:57:05] PUSH [error] 🚨 任务升级到 escalate: t-20260612-093433-1ce224
角色: researcher 等级: L
目标: 长期任务: 联网学习 MT4/MT5 EA + 免费EA解析 + 设计/编译/测试
心跳断: 64296秒前 (3×stale=900s)
进度: {'current': 0, 'message': '[3/6 ✓] 写完 REPORT.md. heartbeat 改 5min, 继续设计 EA 稿', 'total': 0}
→ 子 agent 已冻结，等你拍板（重试/换思路/取消）
[03:58:05] PUSH [error] 🚨 任务升级到 escalate: t-20260612-093433-1ce224
角色: researcher 等级: L
目标: 长期任务: 联网学习 MT4/MT5 EA + 免费EA解析 + 设计/编译/测试
心跳断: 64356秒前 (3×stale=900s)
进度: {'current': 0, 'message': '[3/6 ✓] 写完 REPORT.md. heartbeat 改 5min, 继续设计 EA 稿', 'total': 0}
→ 子 agent 已冻结，等你拍板（重试/换思路/取消）
[03:59:05] PUSH [error] 🚨 任务升级到 escalate: t-20260612-093433-1ce224
角色: researcher 等级: L
目标: 长期任务: 联网学习 MT4/MT5 EA + 免费EA解析 + 设计/编译/测试
心跳断: 64416秒前 (3×stale=900s)
进度: {'current': 0, 'message': '[3/6 ✓] 写完 REPORT.md. heartbeat 改 5min, 继续设计 EA 稿', 'total': 0}
→ 子 agent 已冻结，等你拍板（重试/换思路/取消）
[04:00:05] PUSH [error] 🚨 任务升级到 escalate: t-20260612-093433-1ce224
角色: researcher 等级: L
目标: 长期任务: 联网学习 MT4/MT5 EA + 免费EA解析 + 设计/编译/测试
心跳断: 64476秒前 (3×stale=900s)
进度: {'current': 0, 'message': '[3/6 ✓] 写完 REPORT.md. heartbeat 改 5min, 继续设计 EA 稿', 'total': 0}
→ 子 agent 已冻结，等你拍板（重试/换思路/取消）
[04:01:05] PUSH [error] 🚨 任务升级到 escalate: t-20260612-093433-1ce224
角色: researcher 等级: L
目标: 长期任务: 联网学习 MT4/MT5 EA + 免费EA解析 + 设计/编译/测试
心跳断: 64536秒前 (3×stale=900s)
进度: {'current': 0, 'message': '[3/6 ✓] 写完 REPORT.md. heartbeat 改 5min, 继续设计 EA 稿', 'total': 0}
→ 子 agent 已冻结，等你拍板（重试/换思路/取消）
[04:02:05] PUSH [error] 🚨 任务升级到 escalate: t-20260612-093433-1ce224
角色: researcher 等级: L
目标: 长期任务: 联网学习 MT4/MT5 EA + 免费EA解析 + 设计/编译/测试
心跳断: 64596秒前 (3×stale=900s)
进度: {'current': 0, 'message': '[3/6 ✓] 写完 REPORT.md. heartbeat 改 5min, 继续设计 EA 稿', 'total': 0}
→ 子 agent 已冻结，等你拍板（重试/换思路/取消）
[04:03:05] PUSH [error] 🚨 任务升级到 escalate: t-20260612-093433-1ce224
角色: researcher 等级: L
目标: 长期任务: 联网学习 MT4/MT5 EA + 免费EA解析 + 设计/编译/测试
心跳断: 64656秒前 (3×stale=900s)
进度: {'current': 0, 'message': '[3/6 ✓] 写完 REPORT.md. heartbeat 改 5min, 继续设计 EA 稿', 'total': 0}
→ 子 agent 已冻结，等你拍板（重试/换思路/取消）
[04:04:05] PUSH [error] 🚨 任务升级到 escalate: t-20260612-093433-1ce224
角色: researcher 等级: L
目标: 长期任务: 联网学习 MT4/MT5 EA + 免费EA解析 + 设计/编译/测试
心跳断: 64716秒前 (3×stale=900s)
进度: {'current': 0, 'message': '[3/6 ✓] 写完 REPORT.md. heartbeat 改 5min, 继续设计 EA 稿', 'total': 0}
→ 子 agent 已冻结，等你拍板（重试/换思路/取消）
[04:05:05] PUSH [error] 🚨 任务升级到 escalate: t-20260612-093433-1ce224
角色: researcher 等级: L
目标: 长期任务: 联网学习 MT4/MT5 EA + 免费EA解析 + 设计/编译/测试
心跳断: 64776秒前 (3×stale=900s)
进度: {'current': 0, 'message': '[3/6 ✓] 写完 REPORT.md. heartbeat 改 5min, 继续设计 EA 稿', 'total': 0}
→ 子 agent 已冻结，等你拍板（重试/换思路/取消）
[04:06:05] PUSH [error] 🚨 任务升级到 escalate: t-20260612-093433-1ce224
角色: researcher 等级: L
目标: 长期任务: 联网学习 MT4/MT5 EA + 免费EA解析 + 设计/编译/测试
心跳断: 64836秒前 (3×stale=900s)
进度: {'current': 0, 'message': '[3/6 ✓] 写完 REPORT.md. heartbeat 改 5min, 继续设计 EA 稿', 'total': 0}
→ 子 agent 已冻结，等你拍板（重试/换思路/取消）
[04:07:05] PUSH [error] 🚨 任务升级到 escalate: t-20260612-093433-1ce224
角色: researcher 等级: L
目标: 长期任务: 联网学习 MT4/MT5 EA + 免费EA解析 + 设计/编译/测试
心跳断: 64896秒前 (3×stale=900s)
进度: {'current': 0, 'message': '[3/6 ✓] 写完 REPORT.md. heartbeat 改 5min, 继续设计 EA 稿', 'total': 0}
→ 子 agent 已冻结，等你拍板（重试/换思路/取消）
[04:08:05] PUSH [error] 🚨 任务升级到 escalate: t-20260612-093433-1ce224
角色: researcher 等级: L
目标: 长期任务: 联网学习 MT4/MT5 EA + 免费EA解析 + 设计/编译/测试
心跳断: 64956秒前 (3×stale=900s)
进度: {'current': 0, 'message': '[3/6 ✓] 写完 REPORT.md. heartbeat 改 5min, 继续设计 EA 稿', 'total': 0}
→ 子 agent 已冻结，等你拍板（重试/换思路/取消）
[04:09:05] PUSH [error] 🚨 任务升级到 escalate: t-20260612-093433-1ce224
角色: researcher 等级: L
目标: 长期任务: 联网学习 MT4/MT5 EA + 免费EA解析 + 设计/编译/测试
心跳断: 65016秒前 (3×stale=900s)
进度: {'current': 0, 'message': '[3/6 ✓] 写完 REPORT.md. heartbeat 改 5min, 继续设计 EA 稿', 'total': 0}
→ 子 agent 已冻结，等你拍板（重试/换思路/取消）
[04:10:05] PUSH [error] 🚨 任务升级到 escalate: t-20260612-093433-1ce224
角色: researcher 等级: L
目标: 长期任务: 联网学习 MT4/MT5 EA + 免费EA解析 + 设计/编译/测试
心跳断: 65076秒前 (3×stale=900s)
进度: {'current': 0, 'message': '[3/6 ✓] 写完 REPORT.md. heartbeat 改 5min, 继续设计 EA 稿', 'total': 0}
→ 子 agent 已冻结，等你拍板（重试/换思路/取消）
[04:11:05] PUSH [error] 🚨 任务升级到 escalate: t-20260612-093433-1ce224
角色: researcher 等级: L
目标: 长期任务: 联网学习 MT4/MT5 EA + 免费EA解析 + 设计/编译/测试
心跳断: 65136秒前 (3×stale=900s)
进度: {'current': 0, 'message': '[3/6 ✓] 写完 REPORT.md. heartbeat 改 5min, 继续设计 EA 稿', 'total': 0}
→ 子 agent 已冻结，等你拍板（重试/换思路/取消）
[04:12:05] PUSH [error] 🚨 任务升级到 escalate: t-20260612-093433-1ce224
角色: researcher 等级: L
目标: 长期任务: 联网学习 MT4/MT5 EA + 免费EA解析 + 设计/编译/测试
心跳断: 65196秒前 (3×stale=900s)
进度: {'current': 0, 'message': '[3/6 ✓] 写完 REPORT.md. heartbeat 改 5min, 继续设计 EA 稿', 'total': 0}
→ 子 agent 已冻结，等你拍板（重试/换思路/取消）
[04:13:05] PUSH [error] 🚨 任务升级到 escalate: t-20260612-093433-1ce224
角色: researcher 等级: L
目标: 长期任务: 联网学习 MT4/MT5 EA + 免费EA解析 + 设计/编译/测试
心跳断: 65256秒前 (3×stale=900s)
进度: {'current': 0, 'message': '[3/6 ✓] 写完 REPORT.md. heartbeat 改 5min, 继续设计 EA 稿', 'total': 0}
→ 子 agent 已冻结，等你拍板（重试/换思路/取消）
[04:14:05] PUSH [error] 🚨 任务升级到 escalate: t-20260612-093433-1ce224
角色: researcher 等级: L
目标: 长期任务: 联网学习 MT4/MT5 EA + 免费EA解析 + 设计/编译/测试
心跳断: 65316秒前 (3×stale=900s)
进度: {'current': 0, 'message': '[3/6 ✓] 写完 REPORT.md. heartbeat 改 5min, 继续设计 EA 稿', 'total': 0}
→ 子 agent 已冻结，等你拍板（重试/换思路/取消）
[04:15:05] PUSH [error] 🚨 任务升级到 escalate: t-20260612-093433-1ce224
角色: researcher 等级: L
目标: 长期任务: 联网学习 MT4/MT5 EA + 免费EA解析 + 设计/编译/测试
心跳断: 65376秒前 (3×stale=900s)
进度: {'current': 0, 'message': '[3/6 ✓] 写完 REPORT.md. heartbeat 改 5min, 继续设计 EA 稿', 'total': 0}
→ 子 agent 已冻结，等你拍板（重试/换思路/取消）
[04:16:05] PUSH [error] 🚨 任务升级到 escalate: t-20260612-093433-1ce224
角色: researcher 等级: L
目标: 长期任务: 联网学习 MT4/MT5 EA + 免费EA解析 + 设计/编译/测试
心跳断: 65436秒前 (3×stale=900s)
进度: {'current': 0, 'message': '[3/6 ✓] 写完 REPORT.md. heartbeat 改 5min, 继续设计 EA 稿', 'total': 0}
→ 子 agent 已冻结，等你拍板（重试/换思路/取消）
[04:17:05] PUSH [error] 🚨 任务升级到 escalate: t-20260612-093433-1ce224
角色: researcher 等级: L
目标: 长期任务: 联网学习 MT4/MT5 EA + 免费EA解析 + 设计/编译/测试
心跳断: 65496秒前 (3×stale=900s)
进度: {'current': 0, 'message': '[3/6 ✓] 写完 REPORT.md. heartbeat 改 5min, 继续设计 EA 稿', 'total': 0}
→ 子 agent 已冻结，等你拍板（重试/换思路/取消）
[04:18:05] PUSH [error] 🚨 任务升级到 escalate: t-20260612-093433-1ce224
角色: researcher 等级: L
目标: 长期任务: 联网学习 MT4/MT5 EA + 免费EA解析 + 设计/编译/测试
心跳断: 65556秒前 (3×stale=900s)
进度: {'current': 0, 'message': '[3/6 ✓] 写完 REPORT.md. heartbeat 改 5min, 继续设计 EA 稿', 'total': 0}
→ 子 agent 已冻结，等你拍板（重试/换思路/取消）
[04:19:05] PUSH [error] 🚨 任务升级到 escalate: t-20260612-093433-1ce224
角色: researcher 等级: L
目标: 长期任务: 联网学习 MT4/MT5 EA + 免费EA解析 + 设计/编译/测试
心跳断: 65616秒前 (3×stale=900s)
进度: {'current': 0, 'message': '[3/6 ✓] 写完 REPORT.md. heartbeat 改 5min, 继续设计 EA 稿', 'total': 0}
→ 子 agent 已冻结，等你拍板（重试/换思路/取消）
[04:20:05] PUSH [error] 🚨 任务升级到 escalate: t-20260612-093433-1ce224
角色: researcher 等级: L
目标: 长期任务: 联网学习 MT4/MT5 EA + 免费EA解析 + 设计/编译/测试
心跳断: 65676秒前 (3×stale=900s)
进度: {'current': 0, 'message': '[3/6 ✓] 写完 REPORT.md. heartbeat 改 5min, 继续设计 EA 稿', 'total': 0}
→ 子 agent 已冻结，等你拍板（重试/换思路/取消）
[04:21:06] PUSH [error] 🚨 任务升级到 escalate: t-20260612-093433-1ce224
角色: researcher 等级: L
目标: 长期任务: 联网学习 MT4/MT5 EA + 免费EA解析 + 设计/编译/测试
心跳断: 65736秒前 (3×stale=900s)
进度: {'current': 0, 'message': '[3/6 ✓] 写完 REPORT.md. heartbeat 改 5min, 继续设计 EA 稿', 'total': 0}
→ 子 agent 已冻结，等你拍板（重试/换思路/取消）
[04:22:06] PUSH [error] 🚨 任务升级到 escalate: t-20260612-093433-1ce224
角色: researcher 等级: L
目标: 长期任务: 联网学习 MT4/MT5 EA + 免费EA解析 + 设计/编译/测试
心跳断: 65797秒前 (3×stale=900s)
进度: {'current': 0, 'message': '[3/6 ✓] 写完 REPORT.md. heartbeat 改 5min, 继续设计 EA 稿', 'total': 0}
→ 子 agent 已冻结，等你拍板（重试/换思路/取消）
[04:23:06] PUSH [error] 🚨 任务升级到 escalate: t-20260612-093433-1ce224
角色: researcher 等级: L
目标: 长期任务: 联网学习 MT4/MT5 EA + 免费EA解析 + 设计/编译/测试
心跳断: 65857秒前 (3×stale=900s)
进度: {'current': 0, 'message': '[3/6 ✓] 写完 REPORT.md. heartbeat 改 5min, 继续设计 EA 稿', 'total': 0}
→ 子 agent 已冻结，等你拍板（重试/换思路/取消）
[04:24:06] PUSH [error] 🚨 任务升级到 escalate: t-20260612-093433-1ce224
角色: researcher 等级: L
目标: 长期任务: 联网学习 MT4/MT5 EA + 免费EA解析 + 设计/编译/测试
心跳断: 65917秒前 (3×stale=900s)
进度: {'current': 0, 'message': '[3/6 ✓] 写完 REPORT.md. heartbeat 改 5min, 继续设计 EA 稿', 'total': 0}
→ 子 agent 已冻结，等你拍板（重试/换思路/取消）
[04:25:06] PUSH [error] 🚨 任务升级到 escalate: t-20260612-093433-1ce224
角色: researcher 等级: L
目标: 长期任务: 联网学习 MT4/MT5 EA + 免费EA解析 + 设计/编译/测试
心跳断: 65977秒前 (3×stale=900s)
进度: {'current': 0, 'message': '[3/6 ✓] 写完 REPORT.md. heartbeat 改 5min, 继续设计 EA 稿', 'total': 0}
→ 子 agent 已冻结，等你拍板（重试/换思路/取消）
[04:26:06] PUSH [error] 🚨 任务升级到 escalate: t-20260612-093433-1ce224
角色: researcher 等级: L
目标: 长期任务: 联网学习 MT4/MT5 EA + 免费EA解析 + 设计/编译/测试
心跳断: 66037秒前 (3×stale=900s)
进度: {'current': 0, 'message': '[3/6 ✓] 写完 REPORT.md. heartbeat 改 5min, 继续设计 EA 稿', 'total': 0}
→ 子 agent 已冻结，等你拍板（重试/换思路/取消）
[04:27:06] PUSH [error] 🚨 任务升级到 escalate: t-20260612-093433-1ce224
角色: researcher 等级: L
目标: 长期任务: 联网学习 MT4/MT5 EA + 免费EA解析 + 设计/编译/测试
心跳断: 66097秒前 (3×stale=900s)
进度: {'current': 0, 'message': '[3/6 ✓] 写完 REPORT.md. heartbeat 改 5min, 继续设计 EA 稿', 'total': 0}
→ 子 agent 已冻结，等你拍板（重试/换思路/取消）
[04:28:06] PUSH [error] 🚨 任务升级到 escalate: t-20260612-093433-1ce224
角色: researcher 等级: L
目标: 长期任务: 联网学习 MT4/MT5 EA + 免费EA解析 + 设计/编译/测试
心跳断: 66157秒前 (3×stale=900s)
进度: {'current': 0, 'message': '[3/6 ✓] 写完 REPORT.md. heartbeat 改 5min, 继续设计 EA 稿', 'total': 0}
→ 子 agent 已冻结，等你拍板（重试/换思路/取消）
[04:29:06] PUSH [error] 🚨 任务升级到 escalate: t-20260612-093433-1ce224
角色: researcher 等级: L
目标: 长期任务: 联网学习 MT4/MT5 EA + 免费EA解析 + 设计/编译/测试
心跳断: 66217秒前 (3×stale=900s)
进度: {'current': 0, 'message': '[3/6 ✓] 写完 REPORT.md. heartbeat 改 5min, 继续设计 EA 稿', 'total': 0}
→ 子 agent 已冻结，等你拍板（重试/换思路/取消）
[04:30:06] PUSH [error] 🚨 任务升级到 escalate: t-20260612-093433-1ce224
角色: researcher 等级: L
目标: 长期任务: 联网学习 MT4/MT5 EA + 免费EA解析 + 设计/编译/测试
心跳断: 66277秒前 (3×stale=900s)
进度: {'current': 0, 'message': '[3/6 ✓] 写完 REPORT.md. heartbeat 改 5min, 继续设计 EA 稿', 'total': 0}
→ 子 agent 已冻结，等你拍板（重试/换思路/取消）
[04:31:06] PUSH [error] 🚨 任务升级到 escalate: t-20260612-093433-1ce224
角色: researcher 等级: L
目标: 长期任务: 联网学习 MT4/MT5 EA + 免费EA解析 + 设计/编译/测试
心跳断: 66337秒前 (3×stale=900s)
进度: {'current': 0, 'message': '[3/6 ✓] 写完 REPORT.md. heartbeat 改 5min, 继续设计 EA 稿', 'total': 0}
→ 子 agent 已冻结，等你拍板（重试/换思路/取消）
[04:32:06] PUSH [error] 🚨 任务升级到 escalate: t-20260612-093433-1ce224
角色: researcher 等级: L
目标: 长期任务: 联网学习 MT4/MT5 EA + 免费EA解析 + 设计/编译/测试
心跳断: 66397秒前 (3×stale=900s)
进度: {'current': 0, 'message': '[3/6 ✓] 写完 REPORT.md. heartbeat 改 5min, 继续设计 EA 稿', 'total': 0}
→ 子 agent 已冻结，等你拍板（重试/换思路/取消）
[04:33:06] PUSH [error] 🚨 任务升级到 escalate: t-20260612-093433-1ce224
角色: researcher 等级: L
目标: 长期任务: 联网学习 MT4/MT5 EA + 免费EA解析 + 设计/编译/测试
心跳断: 66457秒前 (3×stale=900s)
进度: {'current': 0, 'message': '[3/6 ✓] 写完 REPORT.md. heartbeat 改 5min, 继续设计 EA 稿', 'total': 0}
→ 子 agent 已冻结，等你拍板（重试/换思路/取消）
[04:34:06] PUSH [error] 🚨 任务升级到 escalate: t-20260612-093433-1ce224
角色: researcher 等级: L
目标: 长期任务: 联网学习 MT4/MT5 EA + 免费EA解析 + 设计/编译/测试
心跳断: 66517秒前 (3×stale=900s)
进度: {'current': 0, 'message': '[3/6 ✓] 写完 REPORT.md. heartbeat 改 5min, 继续设计 EA 稿', 'total': 0}
→ 子 agent 已冻结，等你拍板（重试/换思路/取消）
[04:35:06] PUSH [error] 🚨 任务升级到 escalate: t-20260612-093433-1ce224
角色: researcher 等级: L
目标: 长期任务: 联网学习 MT4/MT5 EA + 免费EA解析 + 设计/编译/测试
心跳断: 66577秒前 (3×stale=900s)
进度: {'current': 0, 'message': '[3/6 ✓] 写完 REPORT.md. heartbeat 改 5min, 继续设计 EA 稿', 'total': 0}
→ 子 agent 已冻结，等你拍板（重试/换思路/取消）
[04:36:06] PUSH [error] 🚨 任务升级到 escalate: t-20260612-093433-1ce224
角色: researcher 等级: L
目标: 长期任务: 联网学习 MT4/MT5 EA + 免费EA解析 + 设计/编译/测试
心跳断: 66637秒前 (3×stale=900s)
进度: {'current': 0, 'message': '[3/6 ✓] 写完 REPORT.md. heartbeat 改 5min, 继续设计 EA 稿', 'total': 0}
→ 子 agent 已冻结，等你拍板（重试/换思路/取消）
[04:37:06] PUSH [error] 🚨 任务升级到 escalate: t-20260612-093433-1ce224
角色: researcher 等级: L
目标: 长期任务: 联网学习 MT4/MT5 EA + 免费EA解析 + 设计/编译/测试
心跳断: 66697秒前 (3×stale=900s)
进度: {'current': 0, 'message': '[3/6 ✓] 写完 REPORT.md. heartbeat 改 5min, 继续设计 EA 稿', 'total': 0}
→ 子 agent 已冻结，等你拍板（重试/换思路/取消）
[04:38:06] PUSH [error] 🚨 任务升级到 escalate: t-20260612-093433-1ce224
角色: researcher 等级: L
目标: 长期任务: 联网学习 MT4/MT5 EA + 免费EA解析 + 设计/编译/测试
心跳断: 66757秒前 (3×stale=900s)
进度: {'current': 0, 'message': '[3/6 ✓] 写完 REPORT.md. heartbeat 改 5min, 继续设计 EA 稿', 'total': 0}
→ 子 agent 已冻结，等你拍板（重试/换思路/取消）
[04:39:06] PUSH [error] 🚨 任务升级到 escalate: t-20260612-093433-1ce224
角色: researcher 等级: L
目标: 长期任务: 联网学习 MT4/MT5 EA + 免费EA解析 + 设计/编译/测试
心跳断: 66817秒前 (3×stale=900s)
进度: {'current': 0, 'message': '[3/6 ✓] 写完 REPORT.md. heartbeat 改 5min, 继续设计 EA 稿', 'total': 0}
→ 子 agent 已冻结，等你拍板（重试/换思路/取消）
[04:40:06] PUSH [error] 🚨 任务升级到 escalate: t-20260612-093433-1ce224
角色: researcher 等级: L
目标: 长期任务: 联网学习 MT4/MT5 EA + 免费EA解析 + 设计/编译/测试
心跳断: 66877秒前 (3×stale=900s)
进度: {'current': 0, 'message': '[3/6 ✓] 写完 REPORT.md. heartbeat 改 5min, 继续设计 EA 稿', 'total': 0}
→ 子 agent 已冻结，等你拍板（重试/换思路/取消）
[04:41:06] PUSH [error] 🚨 任务升级到 escalate: t-20260612-093433-1ce224
角色: researcher 等级: L
目标: 长期任务: 联网学习 MT4/MT5 EA + 免费EA解析 + 设计/编译/测试
心跳断: 66937秒前 (3×stale=900s)
进度: {'current': 0, 'message': '[3/6 ✓] 写完 REPORT.md. heartbeat 改 5min, 继续设计 EA 稿', 'total': 0}
→ 子 agent 已冻结，等你拍板（重试/换思路/取消）
[04:42:06] PUSH [error] 🚨 任务升级到 escalate: t-20260612-093433-1ce224
角色: researcher 等级: L
目标: 长期任务: 联网学习 MT4/MT5 EA + 免费EA解析 + 设计/编译/测试
心跳断: 66997秒前 (3×stale=900s)
进度: {'current': 0, 'message': '[3/6 ✓] 写完 REPORT.md. heartbeat 改 5min, 继续设计 EA 稿', 'total': 0}
→ 子 agent 已冻结，等你拍板（重试/换思路/取消）
[04:43:06] PUSH [error] 🚨 任务升级到 escalate: t-20260612-093433-1ce224
角色: researcher 等级: L
目标: 长期任务: 联网学习 MT4/MT5 EA + 免费EA解析 + 设计/编译/测试
心跳断: 67057秒前 (3×stale=900s)
进度: {'current': 0, 'message': '[3/6 ✓] 写完 REPORT.md. heartbeat 改 5min, 继续设计 EA 稿', 'total': 0}
→ 子 agent 已冻结，等你拍板（重试/换思路/取消）
[04:44:06] PUSH [error] 🚨 任务升级到 escalate: t-20260612-093433-1ce224
角色: researcher 等级: L
目标: 长期任务: 联网学习 MT4/MT5 EA + 免费EA解析 + 设计/编译/测试
心跳断: 67117秒前 (3×stale=900s)
进度: {'current': 0, 'message': '[3/6 ✓] 写完 REPORT.md. heartbeat 改 5min, 继续设计 EA 稿', 'total': 0}
→ 子 agent 已冻结，等你拍板（重试/换思路/取消）
[04:45:06] PUSH [error] 🚨 任务升级到 escalate: t-20260612-093433-1ce224
角色: researcher 等级: L
目标: 长期任务: 联网学习 MT4/MT5 EA + 免费EA解析 + 设计/编译/测试
心跳断: 67177秒前 (3×stale=900s)
进度: {'current': 0, 'message': '[3/6 ✓] 写完 REPORT.md. heartbeat 改 5min, 继续设计 EA 稿', 'total': 0}
→ 子 agent 已冻结，等你拍板（重试/换思路/取消）
[04:46:06] PUSH [error] 🚨 任务升级到 escalate: t-20260612-093433-1ce224
角色: researcher 等级: L
目标: 长期任务: 联网学习 MT4/MT5 EA + 免费EA解析 + 设计/编译/测试
心跳断: 67237秒前 (3×stale=900s)
进度: {'current': 0, 'message': '[3/6 ✓] 写完 REPORT.md. heartbeat 改 5min, 继续设计 EA 稿', 'total': 0}
→ 子 agent 已冻结，等你拍板（重试/换思路/取消）
[04:47:06] PUSH [error] 🚨 任务升级到 escalate: t-20260612-093433-1ce224
角色: researcher 等级: L
目标: 长期任务: 联网学习 MT4/MT5 EA + 免费EA解析 + 设计/编译/测试
心跳断: 67297秒前 (3×stale=900s)
进度: {'current': 0, 'message': '[3/6 ✓] 写完 REPORT.md. heartbeat 改 5min, 继续设计 EA 稿', 'total': 0}
→ 子 agent 已冻结，等你拍板（重试/换思路/取消）
[04:48:06] PUSH [error] 🚨 任务升级到 escalate: t-20260612-093433-1ce224
角色: researcher 等级: L
目标: 长期任务: 联网学习 MT4/MT5 EA + 免费EA解析 + 设计/编译/测试
心跳断: 67357秒前 (3×stale=900s)
进度: {'current': 0, 'message': '[3/6 ✓] 写完 REPORT.md. heartbeat 改 5min, 继续设计 EA 稿', 'total': 0}
→ 子 agent 已冻结，等你拍板（重试/换思路/取消）
[04:49:06] PUSH [error] 🚨 任务升级到 escalate: t-20260612-093433-1ce224
角色: researcher 等级: L
目标: 长期任务: 联网学习 MT4/MT5 EA + 免费EA解析 + 设计/编译/测试
心跳断: 67417秒前 (3×stale=900s)
进度: {'current': 0, 'message': '[3/6 ✓] 写完 REPORT.md. heartbeat 改 5min, 继续设计 EA 稿', 'total': 0}
→ 子 agent 已冻结，等你拍板（重试/换思路/取消）
[04:50:06] PUSH [error] 🚨 任务升级到 escalate: t-20260612-093433-1ce224
角色: researcher 等级: L
目标: 长期任务: 联网学习 MT4/MT5 EA + 免费EA解析 + 设计/编译/测试
心跳断: 67477秒前 (3×stale=900s)
进度: {'current': 0, 'message': '[3/6 ✓] 写完 REPORT.md. heartbeat 改 5min, 继续设计 EA 稿', 'total': 0}
→ 子 agent 已冻结，等你拍板（重试/换思路/取消）
[04:51:06] PUSH [error] 🚨 任务升级到 escalate: t-20260612-093433-1ce224
角色: researcher 等级: L
目标: 长期任务: 联网学习 MT4/MT5 EA + 免费EA解析 + 设计/编译/测试
心跳断: 67537秒前 (3×stale=900s)
进度: {'current': 0, 'message': '[3/6 ✓] 写完 REPORT.md. heartbeat 改 5min, 继续设计 EA 稿', 'total': 0}
→ 子 agent 已冻结，等你拍板（重试/换思路/取消）
[04:52:06] PUSH [error] 🚨 任务升级到 escalate: t-20260612-093433-1ce224
角色: researcher 等级: L
目标: 长期任务: 联网学习 MT4/MT5 EA + 免费EA解析 + 设计/编译/测试
心跳断: 67597秒前 (3×stale=900s)
进度: {'current': 0, 'message': '[3/6 ✓] 写完 REPORT.md. heartbeat 改 5min, 继续设计 EA 稿', 'total': 0}
→ 子 agent 已冻结，等你拍板（重试/换思路/取消）
[04:53:06] PUSH [error] 🚨 任务升级到 escalate: t-20260612-093433-1ce224
角色: researcher 等级: L
目标: 长期任务: 联网学习 MT4/MT5 EA + 免费EA解析 + 设计/编译/测试
心跳断: 67657秒前 (3×stale=900s)
进度: {'current': 0, 'message': '[3/6 ✓] 写完 REPORT.md. heartbeat 改 5min, 继续设计 EA 稿', 'total': 0}
→ 子 agent 已冻结，等你拍板（重试/换思路/取消）
[04:54:06] PUSH [error] 🚨 任务升级到 escalate: t-20260612-093433-1ce224
角色: researcher 等级: L
目标: 长期任务: 联网学习 MT4/MT5 EA + 免费EA解析 + 设计/编译/测试
心跳断: 67717秒前 (3×stale=900s)
进度: {'current': 0, 'message': '[3/6 ✓] 写完 REPORT.md. heartbeat 改 5min, 继续设计 EA 稿', 'total': 0}
→ 子 agent 已冻结，等你拍板（重试/换思路/取消）
[04:55:06] PUSH [error] 🚨 任务升级到 escalate: t-20260612-093433-1ce224
角色: researcher 等级: L
目标: 长期任务: 联网学习 MT4/MT5 EA + 免费EA解析 + 设计/编译/测试
心跳断: 67777秒前 (3×stale=900s)
进度: {'current': 0, 'message': '[3/6 ✓] 写完 REPORT.md. heartbeat 改 5min, 继续设计 EA 稿', 'total': 0}
→ 子 agent 已冻结，等你拍板（重试/换思路/取消）
[04:56:06] PUSH [error] 🚨 任务升级到 escalate: t-20260612-093433-1ce224
角色: researcher 等级: L
目标: 长期任务: 联网学习 MT4/MT5 EA + 免费EA解析 + 设计/编译/测试
心跳断: 67837秒前 (3×stale=900s)
进度: {'current': 0, 'message': '[3/6 ✓] 写完 REPORT.md. heartbeat 改 5min, 继续设计 EA 稿', 'total': 0}
→ 子 agent 已冻结，等你拍板（重试/换思路/取消）
[04:57:06] PUSH [error] 🚨 任务升级到 escalate: t-20260612-093433-1ce224
角色: researcher 等级: L
目标: 长期任务: 联网学习 MT4/MT5 EA + 免费EA解析 + 设计/编译/测试
心跳断: 67897秒前 (3×stale=900s)
进度: {'current': 0, 'message': '[3/6 ✓] 写完 REPORT.md. heartbeat 改 5min, 继续设计 EA 稿', 'total': 0}
→ 子 agent 已冻结，等你拍板（重试/换思路/取消）
[04:58:06] PUSH [error] 🚨 任务升级到 escalate: t-20260612-093433-1ce224
角色: researcher 等级: L
目标: 长期任务: 联网学习 MT4/MT5 EA + 免费EA解析 + 设计/编译/测试
心跳断: 67957秒前 (3×stale=900s)
进度: {'current': 0, 'message': '[3/6 ✓] 写完 REPORT.md. heartbeat 改 5min, 继续设计 EA 稿', 'total': 0}
→ 子 agent 已冻结，等你拍板（重试/换思路/取消）
[04:59:06] PUSH [error] 🚨 任务升级到 escalate: t-20260612-093433-1ce224
角色: researcher 等级: L
目标: 长期任务: 联网学习 MT4/MT5 EA + 免费EA解析 + 设计/编译/测试
心跳断: 68017秒前 (3×stale=900s)
进度: {'current': 0, 'message': '[3/6 ✓] 写完 REPORT.md. heartbeat 改 5min, 继续设计 EA 稿', 'total': 0}
→ 子 agent 已冻结，等你拍板（重试/换思路/取消）
[05:00:06] PUSH [error] 🚨 任务升级到 escalate: t-20260612-093433-1ce224
角色: researcher 等级: L
目标: 长期任务: 联网学习 MT4/MT5 EA + 免费EA解析 + 设计/编译/测试
心跳断: 68077秒前 (3×stale=900s)
进度: {'current': 0, 'message': '[3/6 ✓] 写完 REPORT.md. heartbeat 改 5min, 继续设计 EA 稿', 'total': 0}
→ 子 agent 已冻结，等你拍板（重试/换思路/取消）
[05:01:06] PUSH [error] 🚨 任务升级到 escalate: t-20260612-093433-1ce224
角色: researcher 等级: L
目标: 长期任务: 联网学习 MT4/MT5 EA + 免费EA解析 + 设计/编译/测试
心跳断: 68137秒前 (3×stale=900s)
进度: {'current': 0, 'message': '[3/6 ✓] 写完 REPORT.md. heartbeat 改 5min, 继续设计 EA 稿', 'total': 0}
→ 子 agent 已冻结，等你拍板（重试/换思路/取消）
[05:02:07] PUSH [error] 🚨 任务升级到 escalate: t-20260612-093433-1ce224
角色: researcher 等级: L
目标: 长期任务: 联网学习 MT4/MT5 EA + 免费EA解析 + 设计/编译/测试
心跳断: 68197秒前 (3×stale=900s)
进度: {'current': 0, 'message': '[3/6 ✓] 写完 REPORT.md. heartbeat 改 5min, 继续设计 EA 稿', 'total': 0}
→ 子 agent 已冻结，等你拍板（重试/换思路/取消）
[05:03:07] PUSH [error] 🚨 任务升级到 escalate: t-20260612-093433-1ce224
角色: researcher 等级: L
目标: 长期任务: 联网学习 MT4/MT5 EA + 免费EA解析 + 设计/编译/测试
心跳断: 68258秒前 (3×stale=900s)
进度: {'current': 0, 'message': '[3/6 ✓] 写完 REPORT.md. heartbeat 改 5min, 继续设计 EA 稿', 'total': 0}
→ 子 agent 已冻结，等你拍板（重试/换思路/取消）
[05:04:07] PUSH [error] 🚨 任务升级到 escalate: t-20260612-093433-1ce224
角色: researcher 等级: L
目标: 长期任务: 联网学习 MT4/MT5 EA + 免费EA解析 + 设计/编译/测试
心跳断: 68318秒前 (3×stale=900s)
进度: {'current': 0, 'message': '[3/6 ✓] 写完 REPORT.md. heartbeat 改 5min, 继续设计 EA 稿', 'total': 0}
→ 子 agent 已冻结，等你拍板（重试/换思路/取消）
[05:05:07] PUSH [error] 🚨 任务升级到 escalate: t-20260612-093433-1ce224
角色: researcher 等级: L
目标: 长期任务: 联网学习 MT4/MT5 EA + 免费EA解析 + 设计/编译/测试
心跳断: 68378秒前 (3×stale=900s)
进度: {'current': 0, 'message': '[3/6 ✓] 写完 REPORT.md. heartbeat 改 5min, 继续设计 EA 稿', 'total': 0}
→ 子 agent 已冻结，等你拍板（重试/换思路/取消）
[05:06:07] PUSH [error] 🚨 任务升级到 escalate: t-20260612-093433-1ce224
角色: researcher 等级: L
目标: 长期任务: 联网学习 MT4/MT5 EA + 免费EA解析 + 设计/编译/测试
心跳断: 68438秒前 (3×stale=900s)
进度: {'current': 0, 'message': '[3/6 ✓] 写完 REPORT.md. heartbeat 改 5min, 继续设计 EA 稿', 'total': 0}
→ 子 agent 已冻结，等你拍板（重试/换思路/取消）
[05:07:07] PUSH [error] 🚨 任务升级到 escalate: t-20260612-093433-1ce224
角色: researcher 等级: L
目标: 长期任务: 联网学习 MT4/MT5 EA + 免费EA解析 + 设计/编译/测试
心跳断: 68498秒前 (3×stale=900s)
进度: {'current': 0, 'message': '[3/6 ✓] 写完 REPORT.md. heartbeat 改 5min, 继续设计 EA 稿', 'total': 0}
→ 子 agent 已冻结，等你拍板（重试/换思路/取消）
[05:08:07] PUSH [error] 🚨 任务升级到 escalate: t-20260612-093433-1ce224
角色: researcher 等级: L
目标: 长期任务: 联网学习 MT4/MT5 EA + 免费EA解析 + 设计/编译/测试
心跳断: 68558秒前 (3×stale=900s)
进度: {'current': 0, 'message': '[3/6 ✓] 写完 REPORT.md. heartbeat 改 5min, 继续设计 EA 稿', 'total': 0}
→ 子 agent 已冻结，等你拍板（重试/换思路/取消）
[05:09:07] PUSH [error] 🚨 任务升级到 escalate: t-20260612-093433-1ce224
角色: researcher 等级: L
目标: 长期任务: 联网学习 MT4/MT5 EA + 免费EA解析 + 设计/编译/测试
心跳断: 68618秒前 (3×stale=900s)
进度: {'current': 0, 'message': '[3/6 ✓] 写完 REPORT.md. heartbeat 改 5min, 继续设计 EA 稿', 'total': 0}
→ 子 agent 已冻结，等你拍板（重试/换思路/取消）
[05:10:07] PUSH [error] 🚨 任务升级到 escalate: t-20260612-093433-1ce224
角色: researcher 等级: L
目标: 长期任务: 联网学习 MT4/MT5 EA + 免费EA解析 + 设计/编译/测试
心跳断: 68678秒前 (3×stale=900s)
进度: {'current': 0, 'message': '[3/6 ✓] 写完 REPORT.md. heartbeat 改 5min, 继续设计 EA 稿', 'total': 0}
→ 子 agent 已冻结，等你拍板（重试/换思路/取消）
[05:11:07] PUSH [error] 🚨 任务升级到 escalate: t-20260612-093433-1ce224
角色: researcher 等级: L
目标: 长期任务: 联网学习 MT4/MT5 EA + 免费EA解析 + 设计/编译/测试
心跳断: 68738秒前 (3×stale=900s)
进度: {'current': 0, 'message': '[3/6 ✓] 写完 REPORT.md. heartbeat 改 5min, 继续设计 EA 稿', 'total': 0}
→ 子 agent 已冻结，等你拍板（重试/换思路/取消）
[05:12:07] PUSH [error] 🚨 任务升级到 escalate: t-20260612-093433-1ce224
角色: researcher 等级: L
目标: 长期任务: 联网学习 MT4/MT5 EA + 免费EA解析 + 设计/编译/测试
心跳断: 68798秒前 (3×stale=900s)
进度: {'current': 0, 'message': '[3/6 ✓] 写完 REPORT.md. heartbeat 改 5min, 继续设计 EA 稿', 'total': 0}
→ 子 agent 已冻结，等你拍板（重试/换思路/取消）
[05:13:07] PUSH [error] 🚨 任务升级到 escalate: t-20260612-093433-1ce224
角色: researcher 等级: L
目标: 长期任务: 联网学习 MT4/MT5 EA + 免费EA解析 + 设计/编译/测试
心跳断: 68858秒前 (3×stale=900s)
进度: {'current': 0, 'message': '[3/6 ✓] 写完 REPORT.md. heartbeat 改 5min, 继续设计 EA 稿', 'total': 0}
→ 子 agent 已冻结，等你拍板（重试/换思路/取消）
[05:14:07] PUSH [error] 🚨 任务升级到 escalate: t-20260612-093433-1ce224
角色: researcher 等级: L
目标: 长期任务: 联网学习 MT4/MT5 EA + 免费EA解析 + 设计/编译/测试
心跳断: 68918秒前 (3×stale=900s)
进度: {'current': 0, 'message': '[3/6 ✓] 写完 REPORT.md. heartbeat 改 5min, 继续设计 EA 稿', 'total': 0}
→ 子 agent 已冻结，等你拍板（重试/换思路/取消）
[05:15:07] PUSH [error] 🚨 任务升级到 escalate: t-20260612-093433-1ce224
角色: researcher 等级: L
目标: 长期任务: 联网学习 MT4/MT5 EA + 免费EA解析 + 设计/编译/测试
心跳断: 68978秒前 (3×stale=900s)
进度: {'current': 0, 'message': '[3/6 ✓] 写完 REPORT.md. heartbeat 改 5min, 继续设计 EA 稿', 'total': 0}
→ 子 agent 已冻结，等你拍板（重试/换思路/取消）
[05:16:07] PUSH [error] 🚨 任务升级到 escalate: t-20260612-093433-1ce224
角色: researcher 等级: L
目标: 长期任务: 联网学习 MT4/MT5 EA + 免费EA解析 + 设计/编译/测试
心跳断: 69038秒前 (3×stale=900s)
进度: {'current': 0, 'message': '[3/6 ✓] 写完 REPORT.md. heartbeat 改 5min, 继续设计 EA 稿', 'total': 0}
→ 子 agent 已冻结，等你拍板（重试/换思路/取消）
[05:17:07] PUSH [error] 🚨 任务升级到 escalate: t-20260612-093433-1ce224
角色: researcher 等级: L
目标: 长期任务: 联网学习 MT4/MT5 EA + 免费EA解析 + 设计/编译/测试
心跳断: 69098秒前 (3×stale=900s)
进度: {'current': 0, 'message': '[3/6 ✓] 写完 REPORT.md. heartbeat 改 5min, 继续设计 EA 稿', 'total': 0}
→ 子 agent 已冻结，等你拍板（重试/换思路/取消）
[05:18:07] PUSH [error] 🚨 任务升级到 escalate: t-20260612-093433-1ce224
角色: researcher 等级: L
目标: 长期任务: 联网学习 MT4/MT5 EA + 免费EA解析 + 设计/编译/测试
心跳断: 69158秒前 (3×stale=900s)
进度: {'current': 0, 'message': '[3/6 ✓] 写完 REPORT.md. heartbeat 改 5min, 继续设计 EA 稿', 'total': 0}
→ 子 agent 已冻结，等你拍板（重试/换思路/取消）
[05:19:07] PUSH [error] 🚨 任务升级到 escalate: t-20260612-093433-1ce224
角色: researcher 等级: L
目标: 长期任务: 联网学习 MT4/MT5 EA + 免费EA解析 + 设计/编译/测试
心跳断: 69218秒前 (3×stale=900s)
进度: {'current': 0, 'message': '[3/6 ✓] 写完 REPORT.md. heartbeat 改 5min, 继续设计 EA 稿', 'total': 0}
→ 子 agent 已冻结，等你拍板（重试/换思路/取消）
[05:20:07] PUSH [error] 🚨 任务升级到 escalate: t-20260612-093433-1ce224
角色: researcher 等级: L
目标: 长期任务: 联网学习 MT4/MT5 EA + 免费EA解析 + 设计/编译/测试
心跳断: 69278秒前 (3×stale=900s)
进度: {'current': 0, 'message': '[3/6 ✓] 写完 REPORT.md. heartbeat 改 5min, 继续设计 EA 稿', 'total': 0}
→ 子 agent 已冻结，等你拍板（重试/换思路/取消）
[05:21:07] PUSH [error] 🚨 任务升级到 escalate: t-20260612-093433-1ce224
角色: researcher 等级: L
目标: 长期任务: 联网学习 MT4/MT5 EA + 免费EA解析 + 设计/编译/测试
心跳断: 69338秒前 (3×stale=900s)
进度: {'current': 0, 'message': '[3/6 ✓] 写完 REPORT.md. heartbeat 改 5min, 继续设计 EA 稿', 'total': 0}
→ 子 agent 已冻结，等你拍板（重试/换思路/取消）
[05:22:07] PUSH [error] 🚨 任务升级到 escalate: t-20260612-093433-1ce224
角色: researcher 等级: L
目标: 长期任务: 联网学习 MT4/MT5 EA + 免费EA解析 + 设计/编译/测试
心跳断: 69398秒前 (3×stale=900s)
进度: {'current': 0, 'message': '[3/6 ✓] 写完 REPORT.md. heartbeat 改 5min, 继续设计 EA 稿', 'total': 0}
→ 子 agent 已冻结，等你拍板（重试/换思路/取消）
[05:23:07] PUSH [error] 🚨 任务升级到 escalate: t-20260612-093433-1ce224
角色: researcher 等级: L
目标: 长期任务: 联网学习 MT4/MT5 EA + 免费EA解析 + 设计/编译/测试
心跳断: 69458秒前 (3×stale=900s)
进度: {'current': 0, 'message': '[3/6 ✓] 写完 REPORT.md. heartbeat 改 5min, 继续设计 EA 稿', 'total': 0}
→ 子 agent 已冻结，等你拍板（重试/换思路/取消）
[05:24:07] PUSH [error] 🚨 任务升级到 escalate: t-20260612-093433-1ce224
角色: researcher 等级: L
目标: 长期任务: 联网学习 MT4/MT5 EA + 免费EA解析 + 设计/编译/测试
心跳断: 69518秒前 (3×stale=900s)
进度: {'current': 0, 'message': '[3/6 ✓] 写完 REPORT.md. heartbeat 改 5min, 继续设计 EA 稿', 'total': 0}
→ 子 agent 已冻结，等你拍板（重试/换思路/取消）
[05:25:07] PUSH [error] 🚨 任务升级到 escalate: t-20260612-093433-1ce224
角色: researcher 等级: L
目标: 长期任务: 联网学习 MT4/MT5 EA + 免费EA解析 + 设计/编译/测试
心跳断: 69578秒前 (3×stale=900s)
进度: {'current': 0, 'message': '[3/6 ✓] 写完 REPORT.md. heartbeat 改 5min, 继续设计 EA 稿', 'total': 0}
→ 子 agent 已冻结，等你拍板（重试/换思路/取消）
[05:26:07] PUSH [error] 🚨 任务升级到 escalate: t-20260612-093433-1ce224
角色: researcher 等级: L
目标: 长期任务: 联网学习 MT4/MT5 EA + 免费EA解析 + 设计/编译/测试
心跳断: 69638秒前 (3×stale=900s)
进度: {'current': 0, 'message': '[3/6 ✓] 写完 REPORT.md. heartbeat 改 5min, 继续设计 EA 稿', 'total': 0}
→ 子 agent 已冻结，等你拍板（重试/换思路/取消）
[05:27:07] PUSH [error] 🚨 任务升级到 escalate: t-20260612-093433-1ce224
角色: researcher 等级: L
目标: 长期任务: 联网学习 MT4/MT5 EA + 免费EA解析 + 设计/编译/测试
心跳断: 69698秒前 (3×stale=900s)
进度: {'current': 0, 'message': '[3/6 ✓] 写完 REPORT.md. heartbeat 改 5min, 继续设计 EA 稿', 'total': 0}
→ 子 agent 已冻结，等你拍板（重试/换思路/取消）
[05:28:07] PUSH [error] 🚨 任务升级到 escalate: t-20260612-093433-1ce224
角色: researcher 等级: L
目标: 长期任务: 联网学习 MT4/MT5 EA + 免费EA解析 + 设计/编译/测试
心跳断: 69758秒前 (3×stale=900s)
进度: {'current': 0, 'message': '[3/6 ✓] 写完 REPORT.md. heartbeat 改 5min, 继续设计 EA 稿', 'total': 0}
→ 子 agent 已冻结，等你拍板（重试/换思路/取消）
[05:29:07] PUSH [error] 🚨 任务升级到 escalate: t-20260612-093433-1ce224
角色: researcher 等级: L
目标: 长期任务: 联网学习 MT4/MT5 EA + 免费EA解析 + 设计/编译/测试
心跳断: 69818秒前 (3×stale=900s)
进度: {'current': 0, 'message': '[3/6 ✓] 写完 REPORT.md. heartbeat 改 5min, 继续设计 EA 稿', 'total': 0}
→ 子 agent 已冻结，等你拍板（重试/换思路/取消）
[05:30:07] PUSH [error] 🚨 任务升级到 escalate: t-20260612-093433-1ce224
角色: researcher 等级: L
目标: 长期任务: 联网学习 MT4/MT5 EA + 免费EA解析 + 设计/编译/测试
心跳断: 69878秒前 (3×stale=900s)
进度: {'current': 0, 'message': '[3/6 ✓] 写完 REPORT.md. heartbeat 改 5min, 继续设计 EA 稿', 'total': 0}
→ 子 agent 已冻结，等你拍板（重试/换思路/取消）
[05:31:07] PUSH [error] 🚨 任务升级到 escalate: t-20260612-093433-1ce224
角色: researcher 等级: L
目标: 长期任务: 联网学习 MT4/MT5 EA + 免费EA解析 + 设计/编译/测试
心跳断: 69938秒前 (3×stale=900s)
进度: {'current': 0, 'message': '[3/6 ✓] 写完 REPORT.md. heartbeat 改 5min, 继续设计 EA 稿', 'total': 0}
→ 子 agent 已冻结，等你拍板（重试/换思路/取消）
[05:32:07] PUSH [error] 🚨 任务升级到 escalate: t-20260612-093433-1ce224
角色: researcher 等级: L
目标: 长期任务: 联网学习 MT4/MT5 EA + 免费EA解析 + 设计/编译/测试
心跳断: 69998秒前 (3×stale=900s)
进度: {'current': 0, 'message': '[3/6 ✓] 写完 REPORT.md. heartbeat 改 5min, 继续设计 EA 稿', 'total': 0}
→ 子 agent 已冻结，等你拍板（重试/换思路/取消）
[05:33:07] PUSH [error] 🚨 任务升级到 escalate: t-20260612-093433-1ce224
角色: researcher 等级: L
目标: 长期任务: 联网学习 MT4/MT5 EA + 免费EA解析 + 设计/编译/测试
心跳断: 70058秒前 (3×stale=900s)
进度: {'current': 0, 'message': '[3/6 ✓] 写完 REPORT.md. heartbeat 改 5min, 继续设计 EA 稿', 'total': 0}
→ 子 agent 已冻结，等你拍板（重试/换思路/取消）
[05:34:07] PUSH [error] 🚨 任务升级到 escalate: t-20260612-093433-1ce224
角色: researcher 等级: L
目标: 长期任务: 联网学习 MT4/MT5 EA + 免费EA解析 + 设计/编译/测试
心跳断: 70118秒前 (3×stale=900s)
进度: {'current': 0, 'message': '[3/6 ✓] 写完 REPORT.md. heartbeat 改 5min, 继续设计 EA 稿', 'total': 0}
→ 子 agent 已冻结，等你拍板（重试/换思路/取消）
[05:35:07] PUSH [error] 🚨 任务升级到 escalate: t-20260612-093433-1ce224
角色: researcher 等级: L
目标: 长期任务: 联网学习 MT4/MT5 EA + 免费EA解析 + 设计/编译/测试
心跳断: 70178秒前 (3×stale=900s)
进度: {'current': 0, 'message': '[3/6 ✓] 写完 REPORT.md. heartbeat 改 5min, 继续设计 EA 稿', 'total': 0}
→ 子 agent 已冻结，等你拍板（重试/换思路/取消）
[05:36:07] PUSH [error] 🚨 任务升级到 escalate: t-20260612-093433-1ce224
角色: researcher 等级: L
目标: 长期任务: 联网学习 MT4/MT5 EA + 免费EA解析 + 设计/编译/测试
心跳断: 70238秒前 (3×stale=900s)
进度: {'current': 0, 'message': '[3/6 ✓] 写完 REPORT.md. heartbeat 改 5min, 继续设计 EA 稿', 'total': 0}
→ 子 agent 已冻结，等你拍板（重试/换思路/取消）
[05:37:07] PUSH [error] 🚨 任务升级到 escalate: t-20260612-093433-1ce224
角色: researcher 等级: L
目标: 长期任务: 联网学习 MT4/MT5 EA + 免费EA解析 + 设计/编译/测试
心跳断: 70298秒前 (3×stale=900s)
进度: {'current': 0, 'message': '[3/6 ✓] 写完 REPORT.md. heartbeat 改 5min, 继续设计 EA 稿', 'total': 0}
→ 子 agent 已冻结，等你拍板（重试/换思路/取消）
[05:38:07] PUSH [error] 🚨 任务升级到 escalate: t-20260612-093433-1ce224
角色: researcher 等级: L
目标: 长期任务: 联网学习 MT4/MT5 EA + 免费EA解析 + 设计/编译/测试
心跳断: 70358秒前 (3×stale=900s)
进度: {'current': 0, 'message': '[3/6 ✓] 写完 REPORT.md. heartbeat 改 5min, 继续设计 EA 稿', 'total': 0}
→ 子 agent 已冻结，等你拍板（重试/换思路/取消）
[05:39:07] PUSH [error] 🚨 任务升级到 escalate: t-20260612-093433-1ce224
角色: researcher 等级: L
目标: 长期任务: 联网学习 MT4/MT5 EA + 免费EA解析 + 设计/编译/测试
心跳断: 70418秒前 (3×stale=900s)
进度: {'current': 0, 'message': '[3/6 ✓] 写完 REPORT.md. heartbeat 改 5min, 继续设计 EA 稿', 'total': 0}
→ 子 agent 已冻结，等你拍板（重试/换思路/取消）
[05:40:07] PUSH [error] 🚨 任务升级到 escalate: t-20260612-093433-1ce224
角色: researcher 等级: L
目标: 长期任务: 联网学习 MT4/MT5 EA + 免费EA解析 + 设计/编译/测试
心跳断: 70478秒前 (3×stale=900s)
进度: {'current': 0, 'message': '[3/6 ✓] 写完 REPORT.md. heartbeat 改 5min, 继续设计 EA 稿', 'total': 0}
→ 子 agent 已冻结，等你拍板（重试/换思路/取消）
[05:41:07] PUSH [error] 🚨 任务升级到 escalate: t-20260612-093433-1ce224
角色: researcher 等级: L
目标: 长期任务: 联网学习 MT4/MT5 EA + 免费EA解析 + 设计/编译/测试
心跳断: 70538秒前 (3×stale=900s)
进度: {'current': 0, 'message': '[3/6 ✓] 写完 REPORT.md. heartbeat 改 5min, 继续设计 EA 稿', 'total': 0}
→ 子 agent 已冻结，等你拍板（重试/换思路/取消）
[05:42:07] PUSH [error] 🚨 任务升级到 escalate: t-20260612-093433-1ce224
角色: researcher 等级: L
目标: 长期任务: 联网学习 MT4/MT5 EA + 免费EA解析 + 设计/编译/测试
心跳断: 70598秒前 (3×stale=900s)
进度: {'current': 0, 'message': '[3/6 ✓] 写完 REPORT.md. heartbeat 改 5min, 继续设计 EA 稿', 'total': 0}
→ 子 agent 已冻结，等你拍板（重试/换思路/取消）
[05:43:07] PUSH [error] 🚨 任务升级到 escalate: t-20260612-093433-1ce224
角色: researcher 等级: L
目标: 长期任务: 联网学习 MT4/MT5 EA + 免费EA解析 + 设计/编译/测试
心跳断: 70658秒前 (3×stale=900s)
进度: {'current': 0, 'message': '[3/6 ✓] 写完 REPORT.md. heartbeat 改 5min, 继续设计 EA 稿', 'total': 0}
→ 子 agent 已冻结，等你拍板（重试/换思路/取消）
[05:44:07] PUSH [error] 🚨 任务升级到 escalate: t-20260612-093433-1ce224
角色: researcher 等级: L
目标: 长期任务: 联网学习 MT4/MT5 EA + 免费EA解析 + 设计/编译/测试
心跳断: 70718秒前 (3×stale=900s)
进度: {'current': 0, 'message': '[3/6 ✓] 写完 REPORT.md. heartbeat 改 5min, 继续设计 EA 稿', 'total': 0}
→ 子 agent 已冻结，等你拍板（重试/换思路/取消）
[05:45:08] PUSH [error] 🚨 任务升级到 escalate: t-20260612-093433-1ce224
角色: researcher 等级: L
目标: 长期任务: 联网学习 MT4/MT5 EA + 免费EA解析 + 设计/编译/测试
心跳断: 70778秒前 (3×stale=900s)
进度: {'current': 0, 'message': '[3/6 ✓] 写完 REPORT.md. heartbeat 改 5min, 继续设计 EA 稿', 'total': 0}
→ 子 agent 已冻结，等你拍板（重试/换思路/取消）
[05:46:08] PUSH [error] 🚨 任务升级到 escalate: t-20260612-093433-1ce224
角色: researcher 等级: L
目标: 长期任务: 联网学习 MT4/MT5 EA + 免费EA解析 + 设计/编译/测试
心跳断: 70839秒前 (3×stale=900s)
进度: {'current': 0, 'message': '[3/6 ✓] 写完 REPORT.md. heartbeat 改 5min, 继续设计 EA 稿', 'total': 0}
→ 子 agent 已冻结，等你拍板（重试/换思路/取消）
[05:47:08] PUSH [error] 🚨 任务升级到 escalate: t-20260612-093433-1ce224
角色: researcher 等级: L
目标: 长期任务: 联网学习 MT4/MT5 EA + 免费EA解析 + 设计/编译/测试
心跳断: 70899秒前 (3×stale=900s)
进度: {'current': 0, 'message': '[3/6 ✓] 写完 REPORT.md. heartbeat 改 5min, 继续设计 EA 稿', 'total': 0}
→ 子 agent 已冻结，等你拍板（重试/换思路/取消）
[05:48:08] PUSH [error] 🚨 任务升级到 escalate: t-20260612-093433-1ce224
角色: researcher 等级: L
目标: 长期任务: 联网学习 MT4/MT5 EA + 免费EA解析 + 设计/编译/测试
心跳断: 70959秒前 (3×stale=900s)
进度: {'current': 0, 'message': '[3/6 ✓] 写完 REPORT.md. heartbeat 改 5min, 继续设计 EA 稿', 'total': 0}
→ 子 agent 已冻结，等你拍板（重试/换思路/取消）
[05:49:08] PUSH [error] 🚨 任务升级到 escalate: t-20260612-093433-1ce224
角色: researcher 等级: L
目标: 长期任务: 联网学习 MT4/MT5 EA + 免费EA解析 + 设计/编译/测试
心跳断: 71019秒前 (3×stale=900s)
进度: {'current': 0, 'message': '[3/6 ✓] 写完 REPORT.md. heartbeat 改 5min, 继续设计 EA 稿', 'total': 0}
→ 子 agent 已冻结，等你拍板（重试/换思路/取消）
[05:50:08] PUSH [error] 🚨 任务升级到 escalate: t-20260612-093433-1ce224
角色: researcher 等级: L
目标: 长期任务: 联网学习 MT4/MT5 EA + 免费EA解析 + 设计/编译/测试
心跳断: 71079秒前 (3×stale=900s)
进度: {'current': 0, 'message': '[3/6 ✓] 写完 REPORT.md. heartbeat 改 5min, 继续设计 EA 稿', 'total': 0}
→ 子 agent 已冻结，等你拍板（重试/换思路/取消）
[05:51:08] PUSH [error] 🚨 任务升级到 escalate: t-20260612-093433-1ce224
角色: researcher 等级: L
目标: 长期任务: 联网学习 MT4/MT5 EA + 免费EA解析 + 设计/编译/测试
心跳断: 71139秒前 (3×stale=900s)
进度: {'current': 0, 'message': '[3/6 ✓] 写完 REPORT.md. heartbeat 改 5min, 继续设计 EA 稿', 'total': 0}
→ 子 agent 已冻结，等你拍板（重试/换思路/取消）
[05:52:08] PUSH [error] 🚨 任务升级到 escalate: t-20260612-093433-1ce224
角色: researcher 等级: L
目标: 长期任务: 联网学习 MT4/MT5 EA + 免费EA解析 + 设计/编译/测试
心跳断: 71199秒前 (3×stale=900s)
进度: {'current': 0, 'message': '[3/6 ✓] 写完 REPORT.md. heartbeat 改 5min, 继续设计 EA 稿', 'total': 0}
→ 子 agent 已冻结，等你拍板（重试/换思路/取消）
[05:53:08] PUSH [error] 🚨 任务升级到 escalate: t-20260612-093433-1ce224
角色: researcher 等级: L
目标: 长期任务: 联网学习 MT4/MT5 EA + 免费EA解析 + 设计/编译/测试
心跳断: 71259秒前 (3×stale=900s)
进度: {'current': 0, 'message': '[3/6 ✓] 写完 REPORT.md. heartbeat 改 5min, 继续设计 EA 稿', 'total': 0}
→ 子 agent 已冻结，等你拍板（重试/换思路/取消）
[05:54:08] PUSH [error] 🚨 任务升级到 escalate: t-20260612-093433-1ce224
角色: researcher 等级: L
目标: 长期任务: 联网学习 MT4/MT5 EA + 免费EA解析 + 设计/编译/测试
心跳断: 71319秒前 (3×stale=900s)
进度: {'current': 0, 'message': '[3/6 ✓] 写完 REPORT.md. heartbeat 改 5min, 继续设计 EA 稿', 'total': 0}
→ 子 agent 已冻结，等你拍板（重试/换思路/取消）
[05:55:08] PUSH [error] 🚨 任务升级到 escalate: t-20260612-093433-1ce224
角色: researcher 等级: L
目标: 长期任务: 联网学习 MT4/MT5 EA + 免费EA解析 + 设计/编译/测试
心跳断: 71379秒前 (3×stale=900s)
进度: {'current': 0, 'message': '[3/6 ✓] 写完 REPORT.md. heartbeat 改 5min, 继续设计 EA 稿', 'total': 0}
→ 子 agent 已冻结，等你拍板（重试/换思路/取消）
[05:56:08] PUSH [error] 🚨 任务升级到 escalate: t-20260612-093433-1ce224
角色: researcher 等级: L
目标: 长期任务: 联网学习 MT4/MT5 EA + 免费EA解析 + 设计/编译/测试
心跳断: 71439秒前 (3×stale=900s)
进度: {'current': 0, 'message': '[3/6 ✓] 写完 REPORT.md. heartbeat 改 5min, 继续设计 EA 稿', 'total': 0}
→ 子 agent 已冻结，等你拍板（重试/换思路/取消）
[05:57:08] PUSH [error] 🚨 任务升级到 escalate: t-20260612-093433-1ce224
角色: researcher 等级: L
目标: 长期任务: 联网学习 MT4/MT5 EA + 免费EA解析 + 设计/编译/测试
心跳断: 71499秒前 (3×stale=900s)
进度: {'current': 0, 'message': '[3/6 ✓] 写完 REPORT.md. heartbeat 改 5min, 继续设计 EA 稿', 'total': 0}
→ 子 agent 已冻结，等你拍板（重试/换思路/取消）
[05:58:08] PUSH [error] 🚨 任务升级到 escalate: t-20260612-093433-1ce224
角色: researcher 等级: L
目标: 长期任务: 联网学习 MT4/MT5 EA + 免费EA解析 + 设计/编译/测试
心跳断: 71559秒前 (3×stale=900s)
进度: {'current': 0, 'message': '[3/6 ✓] 写完 REPORT.md. heartbeat 改 5min, 继续设计 EA 稿', 'total': 0}
→ 子 agent 已冻结，等你拍板（重试/换思路/取消）
[05:59:08] PUSH [error] 🚨 任务升级到 escalate: t-20260612-093433-1ce224
角色: researcher 等级: L
目标: 长期任务: 联网学习 MT4/MT5 EA + 免费EA解析 + 设计/编译/测试
心跳断: 71619秒前 (3×stale=900s)
进度: {'current': 0, 'message': '[3/6 ✓] 写完 REPORT.md. heartbeat 改 5min, 继续设计 EA 稿', 'total': 0}
→ 子 agent 已冻结，等你拍板（重试/换思路/取消）
[06:00:08] PUSH [error] 🚨 任务升级到 escalate: t-20260612-093433-1ce224
角色: researcher 等级: L
目标: 长期任务: 联网学习 MT4/MT5 EA + 免费EA解析 + 设计/编译/测试
心跳断: 71679秒前 (3×stale=900s)
进度: {'current': 0, 'message': '[3/6 ✓] 写完 REPORT.md. heartbeat 改 5min, 继续设计 EA 稿', 'total': 0}
→ 子 agent 已冻结，等你拍板（重试/换思路/取消）
[06:01:08] PUSH [error] 🚨 任务升级到 escalate: t-20260612-093433-1ce224
角色: researcher 等级: L
目标: 长期任务: 联网学习 MT4/MT5 EA + 免费EA解析 + 设计/编译/测试
心跳断: 71739秒前 (3×stale=900s)
进度: {'current': 0, 'message': '[3/6 ✓] 写完 REPORT.md. heartbeat 改 5min, 继续设计 EA 稿', 'total': 0}
→ 子 agent 已冻结，等你拍板（重试/换思路/取消）
[06:02:08] PUSH [error] 🚨 任务升级到 escalate: t-20260612-093433-1ce224
角色: researcher 等级: L
目标: 长期任务: 联网学习 MT4/MT5 EA + 免费EA解析 + 设计/编译/测试
心跳断: 71799秒前 (3×stale=900s)
进度: {'current': 0, 'message': '[3/6 ✓] 写完 REPORT.md. heartbeat 改 5min, 继续设计 EA 稿', 'total': 0}
→ 子 agent 已冻结，等你拍板（重试/换思路/取消）
[06:03:08] PUSH [error] 🚨 任务升级到 escalate: t-20260612-093433-1ce224
角色: researcher 等级: L
目标: 长期任务: 联网学习 MT4/MT5 EA + 免费EA解析 + 设计/编译/测试
心跳断: 71859秒前 (3×stale=900s)
进度: {'current': 0, 'message': '[3/6 ✓] 写完 REPORT.md. heartbeat 改 5min, 继续设计 EA 稿', 'total': 0}
→ 子 agent 已冻结，等你拍板（重试/换思路/取消）
[06:04:08] PUSH [error] 🚨 任务升级到 escalate: t-20260612-093433-1ce224
角色: researcher 等级: L
目标: 长期任务: 联网学习 MT4/MT5 EA + 免费EA解析 + 设计/编译/测试
心跳断: 71919秒前 (3×stale=900s)
进度: {'current': 0, 'message': '[3/6 ✓] 写完 REPORT.md. heartbeat 改 5min, 继续设计 EA 稿', 'total': 0}
→ 子 agent 已冻结，等你拍板（重试/换思路/取消）
[06:05:08] PUSH [error] 🚨 任务升级到 escalate: t-20260612-093433-1ce224
角色: researcher 等级: L
目标: 长期任务: 联网学习 MT4/MT5 EA + 免费EA解析 + 设计/编译/测试
心跳断: 71979秒前 (3×stale=900s)
进度: {'current': 0, 'message': '[3/6 ✓] 写完 REPORT.md. heartbeat 改 5min, 继续设计 EA 稿', 'total': 0}
→ 子 agent 已冻结，等你拍板（重试/换思路/取消）
[06:06:08] PUSH [error] 🚨 任务升级到 escalate: t-20260612-093433-1ce224
角色: researcher 等级: L
目标: 长期任务: 联网学习 MT4/MT5 EA + 免费EA解析 + 设计/编译/测试
心跳断: 72039秒前 (3×stale=900s)
进度: {'current': 0, 'message': '[3/6 ✓] 写完 REPORT.md. heartbeat 改 5min, 继续设计 EA 稿', 'total': 0}
→ 子 agent 已冻结，等你拍板（重试/换思路/取消）
[06:07:08] PUSH [error] 🚨 任务升级到 escalate: t-20260612-093433-1ce224
角色: researcher 等级: L
目标: 长期任务: 联网学习 MT4/MT5 EA + 免费EA解析 + 设计/编译/测试
心跳断: 72099秒前 (3×stale=900s)
进度: {'current': 0, 'message': '[3/6 ✓] 写完 REPORT.md. heartbeat 改 5min, 继续设计 EA 稿', 'total': 0}
→ 子 agent 已冻结，等你拍板（重试/换思路/取消）
[06:08:08] PUSH [error] 🚨 任务升级到 escalate: t-20260612-093433-1ce224
角色: researcher 等级: L
目标: 长期任务: 联网学习 MT4/MT5 EA + 免费EA解析 + 设计/编译/测试
心跳断: 72159秒前 (3×stale=900s)
进度: {'current': 0, 'message': '[3/6 ✓] 写完 REPORT.md. heartbeat 改 5min, 继续设计 EA 稿', 'total': 0}
→ 子 agent 已冻结，等你拍板（重试/换思路/取消）
[06:09:08] PUSH [error] 🚨 任务升级到 escalate: t-20260612-093433-1ce224
角色: researcher 等级: L
目标: 长期任务: 联网学习 MT4/MT5 EA + 免费EA解析 + 设计/编译/测试
心跳断: 72219秒前 (3×stale=900s)
进度: {'current': 0, 'message': '[3/6 ✓] 写完 REPORT.md. heartbeat 改 5min, 继续设计 EA 稿', 'total': 0}
→ 子 agent 已冻结，等你拍板（重试/换思路/取消）
[06:10:08] PUSH [error] 🚨 任务升级到 escalate: t-20260612-093433-1ce224
角色: researcher 等级: L
目标: 长期任务: 联网学习 MT4/MT5 EA + 免费EA解析 + 设计/编译/测试
心跳断: 72279秒前 (3×stale=900s)
进度: {'current': 0, 'message': '[3/6 ✓] 写完 REPORT.md. heartbeat 改 5min, 继续设计 EA 稿', 'total': 0}
→ 子 agent 已冻结，等你拍板（重试/换思路/取消）
[06:11:08] PUSH [error] 🚨 任务升级到 escalate: t-20260612-093433-1ce224
角色: researcher 等级: L
目标: 长期任务: 联网学习 MT4/MT5 EA + 免费EA解析 + 设计/编译/测试
心跳断: 72339秒前 (3×stale=900s)
进度: {'current': 0, 'message': '[3/6 ✓] 写完 REPORT.md. heartbeat 改 5min, 继续设计 EA 稿', 'total': 0}
→ 子 agent 已冻结，等你拍板（重试/换思路/取消）
[06:12:08] PUSH [error] 🚨 任务升级到 escalate: t-20260612-093433-1ce224
角色: researcher 等级: L
目标: 长期任务: 联网学习 MT4/MT5 EA + 免费EA解析 + 设计/编译/测试
心跳断: 72399秒前 (3×stale=900s)
进度: {'current': 0, 'message': '[3/6 ✓] 写完 REPORT.md. heartbeat 改 5min, 继续设计 EA 稿', 'total': 0}
→ 子 agent 已冻结，等你拍板（重试/换思路/取消）
[06:13:08] PUSH [error] 🚨 任务升级到 escalate: t-20260612-093433-1ce224
角色: researcher 等级: L
目标: 长期任务: 联网学习 MT4/MT5 EA + 免费EA解析 + 设计/编译/测试
心跳断: 72459秒前 (3×stale=900s)
进度: {'current': 0, 'message': '[3/6 ✓] 写完 REPORT.md. heartbeat 改 5min, 继续设计 EA 稿', 'total': 0}
→ 子 agent 已冻结，等你拍板（重试/换思路/取消）
[06:14:08] PUSH [error] 🚨 任务升级到 escalate: t-20260612-093433-1ce224
角色: researcher 等级: L
目标: 长期任务: 联网学习 MT4/MT5 EA + 免费EA解析 + 设计/编译/测试
心跳断: 72519秒前 (3×stale=900s)
进度: {'current': 0, 'message': '[3/6 ✓] 写完 REPORT.md. heartbeat 改 5min, 继续设计 EA 稿', 'total': 0}
→ 子 agent 已冻结，等你拍板（重试/换思路/取消）
[06:15:08] PUSH [error] 🚨 任务升级到 escalate: t-20260612-093433-1ce224
角色: researcher 等级: L
目标: 长期任务: 联网学习 MT4/MT5 EA + 免费EA解析 + 设计/编译/测试
心跳断: 72579秒前 (3×stale=900s)
进度: {'current': 0, 'message': '[3/6 ✓] 写完 REPORT.md. heartbeat 改 5min, 继续设计 EA 稿', 'total': 0}
→ 子 agent 已冻结，等你拍板（重试/换思路/取消）
[06:16:08] PUSH [error] 🚨 任务升级到 escalate: t-20260612-093433-1ce224
角色: researcher 等级: L
目标: 长期任务: 联网学习 MT4/MT5 EA + 免费EA解析 + 设计/编译/测试
心跳断: 72639秒前 (3×stale=900s)
进度: {'current': 0, 'message': '[3/6 ✓] 写完 REPORT.md. heartbeat 改 5min, 继续设计 EA 稿', 'total': 0}
→ 子 agent 已冻结，等你拍板（重试/换思路/取消）
[06:17:08] PUSH [error] 🚨 任务升级到 escalate: t-20260612-093433-1ce224
角色: researcher 等级: L
目标: 长期任务: 联网学习 MT4/MT5 EA + 免费EA解析 + 设计/编译/测试
心跳断: 72699秒前 (3×stale=900s)
进度: {'current': 0, 'message': '[3/6 ✓] 写完 REPORT.md. heartbeat 改 5min, 继续设计 EA 稿', 'total': 0}
→ 子 agent 已冻结，等你拍板（重试/换思路/取消）
[06:18:08] PUSH [error] 🚨 任务升级到 escalate: t-20260612-093433-1ce224
角色: researcher 等级: L
目标: 长期任务: 联网学习 MT4/MT5 EA + 免费EA解析 + 设计/编译/测试
心跳断: 72759秒前 (3×stale=900s)
进度: {'current': 0, 'message': '[3/6 ✓] 写完 REPORT.md. heartbeat 改 5min, 继续设计 EA 稿', 'total': 0}
→ 子 agent 已冻结，等你拍板（重试/换思路/取消）
[06:19:08] PUSH [error] 🚨 任务升级到 escalate: t-20260612-093433-1ce224
角色: researcher 等级: L
目标: 长期任务: 联网学习 MT4/MT5 EA + 免费EA解析 + 设计/编译/测试
心跳断: 72819秒前 (3×stale=900s)
进度: {'current': 0, 'message': '[3/6 ✓] 写完 REPORT.md. heartbeat 改 5min, 继续设计 EA 稿', 'total': 0}
→ 子 agent 已冻结，等你拍板（重试/换思路/取消）
[06:20:08] PUSH [error] 🚨 任务升级到 escalate: t-20260612-093433-1ce224
角色: researcher 等级: L
目标: 长期任务: 联网学习 MT4/MT5 EA + 免费EA解析 + 设计/编译/测试
心跳断: 72879秒前 (3×stale=900s)
进度: {'current': 0, 'message': '[3/6 ✓] 写完 REPORT.md. heartbeat 改 5min, 继续设计 EA 稿', 'total': 0}
→ 子 agent 已冻结，等你拍板（重试/换思路/取消）
[06:21:08] PUSH [error] 🚨 任务升级到 escalate: t-20260612-093433-1ce224
角色: researcher 等级: L
目标: 长期任务: 联网学习 MT4/MT5 EA + 免费EA解析 + 设计/编译/测试
心跳断: 72939秒前 (3×stale=900s)
进度: {'current': 0, 'message': '[3/6 ✓] 写完 REPORT.md. heartbeat 改 5min, 继续设计 EA 稿', 'total': 0}
→ 子 agent 已冻结，等你拍板（重试/换思路/取消）
[06:22:08] PUSH [error] 🚨 任务升级到 escalate: t-20260612-093433-1ce224
角色: researcher 等级: L
目标: 长期任务: 联网学习 MT4/MT5 EA + 免费EA解析 + 设计/编译/测试
心跳断: 72999秒前 (3×stale=900s)
进度: {'current': 0, 'message': '[3/6 ✓] 写完 REPORT.md. heartbeat 改 5min, 继续设计 EA 稿', 'total': 0}
→ 子 agent 已冻结，等你拍板（重试/换思路/取消）
[06:23:08] PUSH [error] 🚨 任务升级到 escalate: t-20260612-093433-1ce224
角色: researcher 等级: L
目标: 长期任务: 联网学习 MT4/MT5 EA + 免费EA解析 + 设计/编译/测试
心跳断: 73059秒前 (3×stale=900s)
进度: {'current': 0, 'message': '[3/6 ✓] 写完 REPORT.md. heartbeat 改 5min, 继续设计 EA 稿', 'total': 0}
→ 子 agent 已冻结，等你拍板（重试/换思路/取消）
[06:24:08] PUSH [error] 🚨 任务升级到 escalate: t-20260612-093433-1ce224
角色: researcher 等级: L
目标: 长期任务: 联网学习 MT4/MT5 EA + 免费EA解析 + 设计/编译/测试
心跳断: 73119秒前 (3×stale=900s)
进度: {'current': 0, 'message': '[3/6 ✓] 写完 REPORT.md. heartbeat 改 5min, 继续设计 EA 稿', 'total': 0}
→ 子 agent 已冻结，等你拍板（重试/换思路/取消）
[06:25:08] PUSH [error] 🚨 任务升级到 escalate: t-20260612-093433-1ce224
角色: researcher 等级: L
目标: 长期任务: 联网学习 MT4/MT5 EA + 免费EA解析 + 设计/编译/测试
心跳断: 73179秒前 (3×stale=900s)
进度: {'current': 0, 'message': '[3/6 ✓] 写完 REPORT.md. heartbeat 改 5min, 继续设计 EA 稿', 'total': 0}
→ 子 agent 已冻结，等你拍板（重试/换思路/取消）
[06:26:08] PUSH [error] 🚨 任务升级到 escalate: t-20260612-093433-1ce224
角色: researcher 等级: L
目标: 长期任务: 联网学习 MT4/MT5 EA + 免费EA解析 + 设计/编译/测试
心跳断: 73239秒前 (3×stale=900s)
进度: {'current': 0, 'message': '[3/6 ✓] 写完 REPORT.md. heartbeat 改 5min, 继续设计 EA 稿', 'total': 0}
→ 子 agent 已冻结，等你拍板（重试/换思路/取消）
[06:27:09] PUSH [error] 🚨 任务升级到 escalate: t-20260612-093433-1ce224
角色: researcher 等级: L
目标: 长期任务: 联网学习 MT4/MT5 EA + 免费EA解析 + 设计/编译/测试
心跳断: 73299秒前 (3×stale=900s)
进度: {'current': 0, 'message': '[3/6 ✓] 写完 REPORT.md. heartbeat 改 5min, 继续设计 EA 稿', 'total': 0}
→ 子 agent 已冻结，等你拍板（重试/换思路/取消）
[06:28:09] PUSH [error] 🚨 任务升级到 escalate: t-20260612-093433-1ce224
角色: researcher 等级: L
目标: 长期任务: 联网学习 MT4/MT5 EA + 免费EA解析 + 设计/编译/测试
心跳断: 73360秒前 (3×stale=900s)
进度: {'current': 0, 'message': '[3/6 ✓] 写完 REPORT.md. heartbeat 改 5min, 继续设计 EA 稿', 'total': 0}
→ 子 agent 已冻结，等你拍板（重试/换思路/取消）
[06:29:09] PUSH [error] 🚨 任务升级到 escalate: t-20260612-093433-1ce224
角色: researcher 等级: L
目标: 长期任务: 联网学习 MT4/MT5 EA + 免费EA解析 + 设计/编译/测试
心跳断: 73420秒前 (3×stale=900s)
进度: {'current': 0, 'message': '[3/6 ✓] 写完 REPORT.md. heartbeat 改 5min, 继续设计 EA 稿', 'total': 0}
→ 子 agent 已冻结，等你拍板（重试/换思路/取消）
[06:30:09] PUSH [error] 🚨 任务升级到 escalate: t-20260612-093433-1ce224
角色: researcher 等级: L
目标: 长期任务: 联网学习 MT4/MT5 EA + 免费EA解析 + 设计/编译/测试
心跳断: 73480秒前 (3×stale=900s)
进度: {'current': 0, 'message': '[3/6 ✓] 写完 REPORT.md. heartbeat 改 5min, 继续设计 EA 稿', 'total': 0}
→ 子 agent 已冻结，等你拍板（重试/换思路/取消）
[06:31:09] PUSH [error] 🚨 任务升级到 escalate: t-20260612-093433-1ce224
角色: researcher 等级: L
目标: 长期任务: 联网学习 MT4/MT5 EA + 免费EA解析 + 设计/编译/测试
心跳断: 73540秒前 (3×stale=900s)
进度: {'current': 0, 'message': '[3/6 ✓] 写完 REPORT.md. heartbeat 改 5min, 继续设计 EA 稿', 'total': 0}
→ 子 agent 已冻结，等你拍板（重试/换思路/取消）
[06:32:09] PUSH [error] 🚨 任务升级到 escalate: t-20260612-093433-1ce224
角色: researcher 等级: L
目标: 长期任务: 联网学习 MT4/MT5 EA + 免费EA解析 + 设计/编译/测试
心跳断: 73600秒前 (3×stale=900s)
进度: {'current': 0, 'message': '[3/6 ✓] 写完 REPORT.md. heartbeat 改 5min, 继续设计 EA 稿', 'total': 0}
→ 子 agent 已冻结，等你拍板（重试/换思路/取消）
[06:33:09] PUSH [error] 🚨 任务升级到 escalate: t-20260612-093433-1ce224
角色: researcher 等级: L
目标: 长期任务: 联网学习 MT4/MT5 EA + 免费EA解析 + 设计/编译/测试
心跳断: 73660秒前 (3×stale=900s)
进度: {'current': 0, 'message': '[3/6 ✓] 写完 REPORT.md. heartbeat 改 5min, 继续设计 EA 稿', 'total': 0}
→ 子 agent 已冻结，等你拍板（重试/换思路/取消）
[06:34:09] PUSH [error] 🚨 任务升级到 escalate: t-20260612-093433-1ce224
角色: researcher 等级: L
目标: 长期任务: 联网学习 MT4/MT5 EA + 免费EA解析 + 设计/编译/测试
心跳断: 73720秒前 (3×stale=900s)
进度: {'current': 0, 'message': '[3/6 ✓] 写完 REPORT.md. heartbeat 改 5min, 继续设计 EA 稿', 'total': 0}
→ 子 agent 已冻结，等你拍板（重试/换思路/取消）
[06:35:09] PUSH [error] 🚨 任务升级到 escalate: t-20260612-093433-1ce224
角色: researcher 等级: L
目标: 长期任务: 联网学习 MT4/MT5 EA + 免费EA解析 + 设计/编译/测试
心跳断: 73780秒前 (3×stale=900s)
进度: {'current': 0, 'message': '[3/6 ✓] 写完 REPORT.md. heartbeat 改 5min, 继续设计 EA 稿', 'total': 0}
→ 子 agent 已冻结，等你拍板（重试/换思路/取消）
[06:36:09] PUSH [error] 🚨 任务升级到 escalate: t-20260612-093433-1ce224
角色: researcher 等级: L
目标: 长期任务: 联网学习 MT4/MT5 EA + 免费EA解析 + 设计/编译/测试
心跳断: 73840秒前 (3×stale=900s)
进度: {'current': 0, 'message': '[3/6 ✓] 写完 REPORT.md. heartbeat 改 5min, 继续设计 EA 稿', 'total': 0}
→ 子 agent 已冻结，等你拍板（重试/换思路/取消）
[06:37:09] PUSH [error] 🚨 任务升级到 escalate: t-20260612-093433-1ce224
角色: researcher 等级: L
目标: 长期任务: 联网学习 MT4/MT5 EA + 免费EA解析 + 设计/编译/测试
心跳断: 73900秒前 (3×stale=900s)
进度: {'current': 0, 'message': '[3/6 ✓] 写完 REPORT.md. heartbeat 改 5min, 继续设计 EA 稿', 'total': 0}
→ 子 agent 已冻结，等你拍板（重试/换思路/取消）
[06:38:09] PUSH [error] 🚨 任务升级到 escalate: t-20260612-093433-1ce224
角色: researcher 等级: L
目标: 长期任务: 联网学习 MT4/MT5 EA + 免费EA解析 + 设计/编译/测试
心跳断: 73960秒前 (3×stale=900s)
进度: {'current': 0, 'message': '[3/6 ✓] 写完 REPORT.md. heartbeat 改 5min, 继续设计 EA 稿', 'total': 0}
→ 子 agent 已冻结，等你拍板（重试/换思路/取消）
[06:39:09] PUSH [error] 🚨 任务升级到 escalate: t-20260612-093433-1ce224
角色: researcher 等级: L
目标: 长期任务: 联网学习 MT4/MT5 EA + 免费EA解析 + 设计/编译/测试
心跳断: 74020秒前 (3×stale=900s)
进度: {'current': 0, 'message': '[3/6 ✓] 写完 REPORT.md. heartbeat 改 5min, 继续设计 EA 稿', 'total': 0}
→ 子 agent 已冻结，等你拍板（重试/换思路/取消）
[06:40:09] PUSH [error] 🚨 任务升级到 escalate: t-20260612-093433-1ce224
角色: researcher 等级: L
目标: 长期任务: 联网学习 MT4/MT5 EA + 免费EA解析 + 设计/编译/测试
心跳断: 74080秒前 (3×stale=900s)
进度: {'current': 0, 'message': '[3/6 ✓] 写完 REPORT.md. heartbeat 改 5min, 继续设计 EA 稿', 'total': 0}
→ 子 agent 已冻结，等你拍板（重试/换思路/取消）
[06:41:09] PUSH [error] 🚨 任务升级到 escalate: t-20260612-093433-1ce224
角色: researcher 等级: L
目标: 长期任务: 联网学习 MT4/MT5 EA + 免费EA解析 + 设计/编译/测试
心跳断: 74140秒前 (3×stale=900s)
进度: {'current': 0, 'message': '[3/6 ✓] 写完 REPORT.md. heartbeat 改 5min, 继续设计 EA 稿', 'total': 0}
→ 子 agent 已冻结，等你拍板（重试/换思路/取消）
[06:42:09] PUSH [error] 🚨 任务升级到 escalate: t-20260612-093433-1ce224
角色: researcher 等级: L
目标: 长期任务: 联网学习 MT4/MT5 EA + 免费EA解析 + 设计/编译/测试
心跳断: 74200秒前 (3×stale=900s)
进度: {'current': 0, 'message': '[3/6 ✓] 写完 REPORT.md. heartbeat 改 5min, 继续设计 EA 稿', 'total': 0}
→ 子 agent 已冻结，等你拍板（重试/换思路/取消）
[06:43:09] PUSH [error] 🚨 任务升级到 escalate: t-20260612-093433-1ce224
角色: researcher 等级: L
目标: 长期任务: 联网学习 MT4/MT5 EA + 免费EA解析 + 设计/编译/测试
心跳断: 74260秒前 (3×stale=900s)
进度: {'current': 0, 'message': '[3/6 ✓] 写完 REPORT.md. heartbeat 改 5min, 继续设计 EA 稿', 'total': 0}
→ 子 agent 已冻结，等你拍板（重试/换思路/取消）
[06:44:09] PUSH [error] 🚨 任务升级到 escalate: t-20260612-093433-1ce224
角色: researcher 等级: L
目标: 长期任务: 联网学习 MT4/MT5 EA + 免费EA解析 + 设计/编译/测试
心跳断: 74320秒前 (3×stale=900s)
进度: {'current': 0, 'message': '[3/6 ✓] 写完 REPORT.md. heartbeat 改 5min, 继续设计 EA 稿', 'total': 0}
→ 子 agent 已冻结，等你拍板（重试/换思路/取消）
[06:45:09] PUSH [error] 🚨 任务升级到 escalate: t-20260612-093433-1ce224
角色: researcher 等级: L
目标: 长期任务: 联网学习 MT4/MT5 EA + 免费EA解析 + 设计/编译/测试
心跳断: 74380秒前 (3×stale=900s)
进度: {'current': 0, 'message': '[3/6 ✓] 写完 REPORT.md. heartbeat 改 5min, 继续设计 EA 稿', 'total': 0}
→ 子 agent 已冻结，等你拍板（重试/换思路/取消）
[06:46:09] PUSH [error] 🚨 任务升级到 escalate: t-20260612-093433-1ce224
角色: researcher 等级: L
目标: 长期任务: 联网学习 MT4/MT5 EA + 免费EA解析 + 设计/编译/测试
心跳断: 74440秒前 (3×stale=900s)
进度: {'current': 0, 'message': '[3/6 ✓] 写完 REPORT.md. heartbeat 改 5min, 继续设计 EA 稿', 'total': 0}
→ 子 agent 已冻结，等你拍板（重试/换思路/取消）
[06:47:09] PUSH [error] 🚨 任务升级到 escalate: t-20260612-093433-1ce224
角色: researcher 等级: L
目标: 长期任务: 联网学习 MT4/MT5 EA + 免费EA解析 + 设计/编译/测试
心跳断: 74500秒前 (3×stale=900s)
进度: {'current': 0, 'message': '[3/6 ✓] 写完 REPORT.md. heartbeat 改 5min, 继续设计 EA 稿', 'total': 0}
→ 子 agent 已冻结，等你拍板（重试/换思路/取消）
[06:48:09] PUSH [error] 🚨 任务升级到 escalate: t-20260612-093433-1ce224
角色: researcher 等级: L
目标: 长期任务: 联网学习 MT4/MT5 EA + 免费EA解析 + 设计/编译/测试
心跳断: 74560秒前 (3×stale=900s)
进度: {'current': 0, 'message': '[3/6 ✓] 写完 REPORT.md. heartbeat 改 5min, 继续设计 EA 稿', 'total': 0}
→ 子 agent 已冻结，等你拍板（重试/换思路/取消）
[06:49:09] PUSH [error] 🚨 任务升级到 escalate: t-20260612-093433-1ce224
角色: researcher 等级: L
目标: 长期任务: 联网学习 MT4/MT5 EA + 免费EA解析 + 设计/编译/测试
心跳断: 74620秒前 (3×stale=900s)
进度: {'current': 0, 'message': '[3/6 ✓] 写完 REPORT.md. heartbeat 改 5min, 继续设计 EA 稿', 'total': 0}
→ 子 agent 已冻结，等你拍板（重试/换思路/取消）
[06:50:09] PUSH [error] 🚨 任务升级到 escalate: t-20260612-093433-1ce224
角色: researcher 等级: L
目标: 长期任务: 联网学习 MT4/MT5 EA + 免费EA解析 + 设计/编译/测试
心跳断: 74680秒前 (3×stale=900s)
进度: {'current': 0, 'message': '[3/6 ✓] 写完 REPORT.md. heartbeat 改 5min, 继续设计 EA 稿', 'total': 0}
→ 子 agent 已冻结，等你拍板（重试/换思路/取消）
[06:51:09] PUSH [error] 🚨 任务升级到 escalate: t-20260612-093433-1ce224
角色: researcher 等级: L
目标: 长期任务: 联网学习 MT4/MT5 EA + 免费EA解析 + 设计/编译/测试
心跳断: 74740秒前 (3×stale=900s)
进度: {'current': 0, 'message': '[3/6 ✓] 写完 REPORT.md. heartbeat 改 5min, 继续设计 EA 稿', 'total': 0}
→ 子 agent 已冻结，等你拍板（重试/换思路/取消）
[06:52:09] PUSH [error] 🚨 任务升级到 escalate: t-20260612-093433-1ce224
角色: researcher 等级: L
目标: 长期任务: 联网学习 MT4/MT5 EA + 免费EA解析 + 设计/编译/测试
心跳断: 74800秒前 (3×stale=900s)
进度: {'current': 0, 'message': '[3/6 ✓] 写完 REPORT.md. heartbeat 改 5min, 继续设计 EA 稿', 'total': 0}
→ 子 agent 已冻结，等你拍板（重试/换思路/取消）
[06:53:09] PUSH [error] 🚨 任务升级到 escalate: t-20260612-093433-1ce224
角色: researcher 等级: L
目标: 长期任务: 联网学习 MT4/MT5 EA + 免费EA解析 + 设计/编译/测试
心跳断: 74860秒前 (3×stale=900s)
进度: {'current': 0, 'message': '[3/6 ✓] 写完 REPORT.md. heartbeat 改 5min, 继续设计 EA 稿', 'total': 0}
→ 子 agent 已冻结，等你拍板（重试/换思路/取消）
[06:54:09] PUSH [error] 🚨 任务升级到 escalate: t-20260612-093433-1ce224
角色: researcher 等级: L
目标: 长期任务: 联网学习 MT4/MT5 EA + 免费EA解析 + 设计/编译/测试
心跳断: 74920秒前 (3×stale=900s)
进度: {'current': 0, 'message': '[3/6 ✓] 写完 REPORT.md. heartbeat 改 5min, 继续设计 EA 稿', 'total': 0}
→ 子 agent 已冻结，等你拍板（重试/换思路/取消）
[06:55:09] PUSH [error] 🚨 任务升级到 escalate: t-20260612-093433-1ce224
角色: researcher 等级: L
目标: 长期任务: 联网学习 MT4/MT5 EA + 免费EA解析 + 设计/编译/测试
心跳断: 74980秒前 (3×stale=900s)
进度: {'current': 0, 'message': '[3/6 ✓] 写完 REPORT.md. heartbeat 改 5min, 继续设计 EA 稿', 'total': 0}
→ 子 agent 已冻结，等你拍板（重试/换思路/取消）
[06:56:09] PUSH [error] 🚨 任务升级到 escalate: t-20260612-093433-1ce224
角色: researcher 等级: L
目标: 长期任务: 联网学习 MT4/MT5 EA + 免费EA解析 + 设计/编译/测试
心跳断: 75040秒前 (3×stale=900s)
进度: {'current': 0, 'message': '[3/6 ✓] 写完 REPORT.md. heartbeat 改 5min, 继续设计 EA 稿', 'total': 0}
→ 子 agent 已冻结，等你拍板（重试/换思路/取消）
[06:57:09] PUSH [error] 🚨 任务升级到 escalate: t-20260612-093433-1ce224
角色: researcher 等级: L
目标: 长期任务: 联网学习 MT4/MT5 EA + 免费EA解析 + 设计/编译/测试
心跳断: 75100秒前 (3×stale=900s)
进度: {'current': 0, 'message': '[3/6 ✓] 写完 REPORT.md. heartbeat 改 5min, 继续设计 EA 稿', 'total': 0}
→ 子 agent 已冻结，等你拍板（重试/换思路/取消）
[06:58:09] PUSH [error] 🚨 任务升级到 escalate: t-20260612-093433-1ce224
角色: researcher 等级: L
目标: 长期任务: 联网学习 MT4/MT5 EA + 免费EA解析 + 设计/编译/测试
心跳断: 75160秒前 (3×stale=900s)
进度: {'current': 0, 'message': '[3/6 ✓] 写完 REPORT.md. heartbeat 改 5min, 继续设计 EA 稿', 'total': 0}
→ 子 agent 已冻结，等你拍板（重试/换思路/取消）
[06:59:09] PUSH [error] 🚨 任务升级到 escalate: t-20260612-093433-1ce224
角色: researcher 等级: L
目标: 长期任务: 联网学习 MT4/MT5 EA + 免费EA解析 + 设计/编译/测试
心跳断: 75220秒前 (3×stale=900s)
进度: {'current': 0, 'message': '[3/6 ✓] 写完 REPORT.md. heartbeat 改 5min, 继续设计 EA 稿', 'total': 0}
→ 子 agent 已冻结，等你拍板（重试/换思路/取消）
[07:00:09] PUSH [error] 🚨 任务升级到 escalate: t-20260612-093433-1ce224
角色: researcher 等级: L
目标: 长期任务: 联网学习 MT4/MT5 EA + 免费EA解析 + 设计/编译/测试
心跳断: 75280秒前 (3×stale=900s)
进度: {'current': 0, 'message': '[3/6 ✓] 写完 REPORT.md. heartbeat 改 5min, 继续设计 EA 稿', 'total': 0}
→ 子 agent 已冻结，等你拍板（重试/换思路/取消）
[07:01:09] PUSH [error] 🚨 任务升级到 escalate: t-20260612-093433-1ce224
角色: researcher 等级: L
目标: 长期任务: 联网学习 MT4/MT5 EA + 免费EA解析 + 设计/编译/测试
心跳断: 75340秒前 (3×stale=900s)
进度: {'current': 0, 'message': '[3/6 ✓] 写完 REPORT.md. heartbeat 改 5min, 继续设计 EA 稿', 'total': 0}
→ 子 agent 已冻结，等你拍板（重试/换思路/取消）
[07:02:09] PUSH [error] 🚨 任务升级到 escalate: t-20260612-093433-1ce224
角色: researcher 等级: L
目标: 长期任务: 联网学习 MT4/MT5 EA + 免费EA解析 + 设计/编译/测试
心跳断: 75400秒前 (3×stale=900s)
进度: {'current': 0, 'message': '[3/6 ✓] 写完 REPORT.md. heartbeat 改 5min, 继续设计 EA 稿', 'total': 0}
→ 子 agent 已冻结，等你拍板（重试/换思路/取消）
[07:03:09] PUSH [error] 🚨 任务升级到 escalate: t-20260612-093433-1ce224
角色: researcher 等级: L
目标: 长期任务: 联网学习 MT4/MT5 EA + 免费EA解析 + 设计/编译/测试
心跳断: 75460秒前 (3×stale=900s)
进度: {'current': 0, 'message': '[3/6 ✓] 写完 REPORT.md. heartbeat 改 5min, 继续设计 EA 稿', 'total': 0}
→ 子 agent 已冻结，等你拍板（重试/换思路/取消）
[07:04:09] PUSH [error] 🚨 任务升级到 escalate: t-20260612-093433-1ce224
角色: researcher 等级: L
目标: 长期任务: 联网学习 MT4/MT5 EA + 免费EA解析 + 设计/编译/测试
心跳断: 75520秒前 (3×stale=900s)
进度: {'current': 0, 'message': '[3/6 ✓] 写完 REPORT.md. heartbeat 改 5min, 继续设计 EA 稿', 'total': 0}
→ 子 agent 已冻结，等你拍板（重试/换思路/取消）
[07:05:09] PUSH [error] 🚨 任务升级到 escalate: t-20260612-093433-1ce224
角色: researcher 等级: L
目标: 长期任务: 联网学习 MT4/MT5 EA + 免费EA解析 + 设计/编译/测试
心跳断: 75580秒前 (3×stale=900s)
进度: {'current': 0, 'message': '[3/6 ✓] 写完 REPORT.md. heartbeat 改 5min, 继续设计 EA 稿', 'total': 0}
→ 子 agent 已冻结，等你拍板（重试/换思路/取消）
[07:06:09] PUSH [error] 🚨 任务升级到 escalate: t-20260612-093433-1ce224
角色: researcher 等级: L
目标: 长期任务: 联网学习 MT4/MT5 EA + 免费EA解析 + 设计/编译/测试
心跳断: 75640秒前 (3×stale=900s)
进度: {'current': 0, 'message': '[3/6 ✓] 写完 REPORT.md. heartbeat 改 5min, 继续设计 EA 稿', 'total': 0}
→ 子 agent 已冻结，等你拍板（重试/换思路/取消）
[07:07:09] PUSH [error] 🚨 任务升级到 escalate: t-20260612-093433-1ce224
角色: researcher 等级: L
目标: 长期任务: 联网学习 MT4/MT5 EA + 免费EA解析 + 设计/编译/测试
心跳断: 75700秒前 (3×stale=900s)
进度: {'current': 0, 'message': '[3/6 ✓] 写完 REPORT.md. heartbeat 改 5min, 继续设计 EA 稿', 'total': 0}
→ 子 agent 已冻结，等你拍板（重试/换思路/取消）
[07:08:10] PUSH [error] 🚨 任务升级到 escalate: t-20260612-093433-1ce224
角色: researcher 等级: L
目标: 长期任务: 联网学习 MT4/MT5 EA + 免费EA解析 + 设计/编译/测试
心跳断: 75760秒前 (3×stale=900s)
进度: {'current': 0, 'message': '[3/6 ✓] 写完 REPORT.md. heartbeat 改 5min, 继续设计 EA 稿', 'total': 0}
→ 子 agent 已冻结，等你拍板（重试/换思路/取消）
[07:09:10] PUSH [error] 🚨 任务升级到 escalate: t-20260612-093433-1ce224
角色: researcher 等级: L
目标: 长期任务: 联网学习 MT4/MT5 EA + 免费EA解析 + 设计/编译/测试
心跳断: 75821秒前 (3×stale=900s)
进度: {'current': 0, 'message': '[3/6 ✓] 写完 REPORT.md. heartbeat 改 5min, 继续设计 EA 稿', 'total': 0}
→ 子 agent 已冻结，等你拍板（重试/换思路/取消）
[07:10:10] PUSH [error] 🚨 任务升级到 escalate: t-20260612-093433-1ce224
角色: researcher 等级: L
目标: 长期任务: 联网学习 MT4/MT5 EA + 免费EA解析 + 设计/编译/测试
心跳断: 75881秒前 (3×stale=900s)
进度: {'current': 0, 'message': '[3/6 ✓] 写完 REPORT.md. heartbeat 改 5min, 继续设计 EA 稿', 'total': 0}
→ 子 agent 已冻结，等你拍板（重试/换思路/取消）
[07:11:10] PUSH [error] 🚨 任务升级到 escalate: t-20260612-093433-1ce224
角色: researcher 等级: L
目标: 长期任务: 联网学习 MT4/MT5 EA + 免费EA解析 + 设计/编译/测试
心跳断: 75941秒前 (3×stale=900s)
进度: {'current': 0, 'message': '[3/6 ✓] 写完 REPORT.md. heartbeat 改 5min, 继续设计 EA 稿', 'total': 0}
→ 子 agent 已冻结，等你拍板（重试/换思路/取消）
[07:12:10] PUSH [error] 🚨 任务升级到 escalate: t-20260612-093433-1ce224
角色: researcher 等级: L
目标: 长期任务: 联网学习 MT4/MT5 EA + 免费EA解析 + 设计/编译/测试
心跳断: 76001秒前 (3×stale=900s)
进度: {'current': 0, 'message': '[3/6 ✓] 写完 REPORT.md. heartbeat 改 5min, 继续设计 EA 稿', 'total': 0}
→ 子 agent 已冻结，等你拍板（重试/换思路/取消）
[07:13:10] PUSH [error] 🚨 任务升级到 escalate: t-20260612-093433-1ce224
角色: researcher 等级: L
目标: 长期任务: 联网学习 MT4/MT5 EA + 免费EA解析 + 设计/编译/测试
心跳断: 76061秒前 (3×stale=900s)
进度: {'current': 0, 'message': '[3/6 ✓] 写完 REPORT.md. heartbeat 改 5min, 继续设计 EA 稿', 'total': 0}
→ 子 agent 已冻结，等你拍板（重试/换思路/取消）
[07:14:10] PUSH [error] 🚨 任务升级到 escalate: t-20260612-093433-1ce224
角色: researcher 等级: L
目标: 长期任务: 联网学习 MT4/MT5 EA + 免费EA解析 + 设计/编译/测试
心跳断: 76121秒前 (3×stale=900s)
进度: {'current': 0, 'message': '[3/6 ✓] 写完 REPORT.md. heartbeat 改 5min, 继续设计 EA 稿', 'total': 0}
→ 子 agent 已冻结，等你拍板（重试/换思路/取消）
[07:15:10] PUSH [error] 🚨 任务升级到 escalate: t-20260612-093433-1ce224
角色: researcher 等级: L
目标: 长期任务: 联网学习 MT4/MT5 EA + 免费EA解析 + 设计/编译/测试
心跳断: 76181秒前 (3×stale=900s)
进度: {'current': 0, 'message': '[3/6 ✓] 写完 REPORT.md. heartbeat 改 5min, 继续设计 EA 稿', 'total': 0}
→ 子 agent 已冻结，等你拍板（重试/换思路/取消）
[07:16:10] PUSH [error] 🚨 任务升级到 escalate: t-20260612-093433-1ce224
角色: researcher 等级: L
目标: 长期任务: 联网学习 MT4/MT5 EA + 免费EA解析 + 设计/编译/测试
心跳断: 76241秒前 (3×stale=900s)
进度: {'current': 0, 'message': '[3/6 ✓] 写完 REPORT.md. heartbeat 改 5min, 继续设计 EA 稿', 'total': 0}
→ 子 agent 已冻结，等你拍板（重试/换思路/取消）
[07:17:10] PUSH [error] 🚨 任务升级到 escalate: t-20260612-093433-1ce224
角色: researcher 等级: L
目标: 长期任务: 联网学习 MT4/MT5 EA + 免费EA解析 + 设计/编译/测试
心跳断: 76301秒前 (3×stale=900s)
进度: {'current': 0, 'message': '[3/6 ✓] 写完 REPORT.md. heartbeat 改 5min, 继续设计 EA 稿', 'total': 0}
→ 子 agent 已冻结，等你拍板（重试/换思路/取消）
[07:18:10] PUSH [error] 🚨 任务升级到 escalate: t-20260612-093433-1ce224
角色: researcher 等级: L
目标: 长期任务: 联网学习 MT4/MT5 EA + 免费EA解析 + 设计/编译/测试
心跳断: 76361秒前 (3×stale=900s)
进度: {'current': 0, 'message': '[3/6 ✓] 写完 REPORT.md. heartbeat 改 5min, 继续设计 EA 稿', 'total': 0}
→ 子 agent 已冻结，等你拍板（重试/换思路/取消）
[07:19:10] PUSH [error] 🚨 任务升级到 escalate: t-20260612-093433-1ce224
角色: researcher 等级: L
目标: 长期任务: 联网学习 MT4/MT5 EA + 免费EA解析 + 设计/编译/测试
心跳断: 76421秒前 (3×stale=900s)
进度: {'current': 0, 'message': '[3/6 ✓] 写完 REPORT.md. heartbeat 改 5min, 继续设计 EA 稿', 'total': 0}
→ 子 agent 已冻结，等你拍板（重试/换思路/取消）
[07:20:10] PUSH [error] 🚨 任务升级到 escalate: t-20260612-093433-1ce224
角色: researcher 等级: L
目标: 长期任务: 联网学习 MT4/MT5 EA + 免费EA解析 + 设计/编译/测试
心跳断: 76481秒前 (3×stale=900s)
进度: {'current': 0, 'message': '[3/6 ✓] 写完 REPORT.md. heartbeat 改 5min, 继续设计 EA 稿', 'total': 0}
→ 子 agent 已冻结，等你拍板（重试/换思路/取消）
[07:21:10] PUSH [error] 🚨 任务升级到 escalate: t-20260612-093433-1ce224
角色: researcher 等级: L
目标: 长期任务: 联网学习 MT4/MT5 EA + 免费EA解析 + 设计/编译/测试
心跳断: 76541秒前 (3×stale=900s)
进度: {'current': 0, 'message': '[3/6 ✓] 写完 REPORT.md. heartbeat 改 5min, 继续设计 EA 稿', 'total': 0}
→ 子 agent 已冻结，等你拍板（重试/换思路/取消）
[07:22:10] PUSH [error] 🚨 任务升级到 escalate: t-20260612-093433-1ce224
角色: researcher 等级: L
目标: 长期任务: 联网学习 MT4/MT5 EA + 免费EA解析 + 设计/编译/测试
心跳断: 76601秒前 (3×stale=900s)
进度: {'current': 0, 'message': '[3/6 ✓] 写完 REPORT.md. heartbeat 改 5min, 继续设计 EA 稿', 'total': 0}
→ 子 agent 已冻结，等你拍板（重试/换思路/取消）
[07:23:10] PUSH [error] 🚨 任务升级到 escalate: t-20260612-093433-1ce224
角色: researcher 等级: L
目标: 长期任务: 联网学习 MT4/MT5 EA + 免费EA解析 + 设计/编译/测试
心跳断: 76661秒前 (3×stale=900s)
进度: {'current': 0, 'message': '[3/6 ✓] 写完 REPORT.md. heartbeat 改 5min, 继续设计 EA 稿', 'total': 0}
→ 子 agent 已冻结，等你拍板（重试/换思路/取消）
[07:24:10] PUSH [error] 🚨 任务升级到 escalate: t-20260612-093433-1ce224
角色: researcher 等级: L
目标: 长期任务: 联网学习 MT4/MT5 EA + 免费EA解析 + 设计/编译/测试
心跳断: 76721秒前 (3×stale=900s)
进度: {'current': 0, 'message': '[3/6 ✓] 写完 REPORT.md. heartbeat 改 5min, 继续设计 EA 稿', 'total': 0}
→ 子 agent 已冻结，等你拍板（重试/换思路/取消）
[07:25:10] PUSH [error] 🚨 任务升级到 escalate: t-20260612-093433-1ce224
角色: researcher 等级: L
目标: 长期任务: 联网学习 MT4/MT5 EA + 免费EA解析 + 设计/编译/测试
心跳断: 76781秒前 (3×stale=900s)
进度: {'current': 0, 'message': '[3/6 ✓] 写完 REPORT.md. heartbeat 改 5min, 继续设计 EA 稿', 'total': 0}
→ 子 agent 已冻结，等你拍板（重试/换思路/取消）
[07:26:10] PUSH [error] 🚨 任务升级到 escalate: t-20260612-093433-1ce224
角色: researcher 等级: L
目标: 长期任务: 联网学习 MT4/MT5 EA + 免费EA解析 + 设计/编译/测试
心跳断: 76841秒前 (3×stale=900s)
进度: {'current': 0, 'message': '[3/6 ✓] 写完 REPORT.md. heartbeat 改 5min, 继续设计 EA 稿', 'total': 0}
→ 子 agent 已冻结，等你拍板（重试/换思路/取消）
[07:27:10] PUSH [error] 🚨 任务升级到 escalate: t-20260612-093433-1ce224
角色: researcher 等级: L
目标: 长期任务: 联网学习 MT4/MT5 EA + 免费EA解析 + 设计/编译/测试
心跳断: 76901秒前 (3×stale=900s)
进度: {'current': 0, 'message': '[3/6 ✓] 写完 REPORT.md. heartbeat 改 5min, 继续设计 EA 稿', 'total': 0}
→ 子 agent 已冻结，等你拍板（重试/换思路/取消）
[07:28:10] PUSH [error] 🚨 任务升级到 escalate: t-20260612-093433-1ce224
角色: researcher 等级: L
目标: 长期任务: 联网学习 MT4/MT5 EA + 免费EA解析 + 设计/编译/测试
心跳断: 76961秒前 (3×stale=900s)
进度: {'current': 0, 'message': '[3/6 ✓] 写完 REPORT.md. heartbeat 改 5min, 继续设计 EA 稿', 'total': 0}
→ 子 agent 已冻结，等你拍板（重试/换思路/取消）
[07:29:10] PUSH [error] 🚨 任务升级到 escalate: t-20260612-093433-1ce224
角色: researcher 等级: L
目标: 长期任务: 联网学习 MT4/MT5 EA + 免费EA解析 + 设计/编译/测试
心跳断: 77021秒前 (3×stale=900s)
进度: {'current': 0, 'message': '[3/6 ✓] 写完 REPORT.md. heartbeat 改 5min, 继续设计 EA 稿', 'total': 0}
→ 子 agent 已冻结，等你拍板（重试/换思路/取消）
[07:30:10] PUSH [error] 🚨 任务升级到 escalate: t-20260612-093433-1ce224
角色: researcher 等级: L
目标: 长期任务: 联网学习 MT4/MT5 EA + 免费EA解析 + 设计/编译/测试
心跳断: 77081秒前 (3×stale=900s)
进度: {'current': 0, 'message': '[3/6 ✓] 写完 REPORT.md. heartbeat 改 5min, 继续设计 EA 稿', 'total': 0}
→ 子 agent 已冻结，等你拍板（重试/换思路/取消）
[07:31:10] PUSH [error] 🚨 任务升级到 escalate: t-20260612-093433-1ce224
角色: researcher 等级: L
目标: 长期任务: 联网学习 MT4/MT5 EA + 免费EA解析 + 设计/编译/测试
心跳断: 77141秒前 (3×stale=900s)
进度: {'current': 0, 'message': '[3/6 ✓] 写完 REPORT.md. heartbeat 改 5min, 继续设计 EA 稿', 'total': 0}
→ 子 agent 已冻结，等你拍板（重试/换思路/取消）
[07:32:10] PUSH [error] 🚨 任务升级到 escalate: t-20260612-093433-1ce224
角色: researcher 等级: L
目标: 长期任务: 联网学习 MT4/MT5 EA + 免费EA解析 + 设计/编译/测试
心跳断: 77201秒前 (3×stale=900s)
进度: {'current': 0, 'message': '[3/6 ✓] 写完 REPORT.md. heartbeat 改 5min, 继续设计 EA 稿', 'total': 0}
→ 子 agent 已冻结，等你拍板（重试/换思路/取消）
[07:33:10] PUSH [error] 🚨 任务升级到 escalate: t-20260612-093433-1ce224
角色: researcher 等级: L
目标: 长期任务: 联网学习 MT4/MT5 EA + 免费EA解析 + 设计/编译/测试
心跳断: 77261秒前 (3×stale=900s)
进度: {'current': 0, 'message': '[3/6 ✓] 写完 REPORT.md. heartbeat 改 5min, 继续设计 EA 稿', 'total': 0}
→ 子 agent 已冻结，等你拍板（重试/换思路/取消）
[07:34:10] PUSH [error] 🚨 任务升级到 escalate: t-20260612-093433-1ce224
角色: researcher 等级: L
目标: 长期任务: 联网学习 MT4/MT5 EA + 免费EA解析 + 设计/编译/测试
心跳断: 77321秒前 (3×stale=900s)
进度: {'current': 0, 'message': '[3/6 ✓] 写完 REPORT.md. heartbeat 改 5min, 继续设计 EA 稿', 'total': 0}
→ 子 agent 已冻结，等你拍板（重试/换思路/取消）
[07:35:10] PUSH [error] 🚨 任务升级到 escalate: t-20260612-093433-1ce224
角色: researcher 等级: L
目标: 长期任务: 联网学习 MT4/MT5 EA + 免费EA解析 + 设计/编译/测试
心跳断: 77381秒前 (3×stale=900s)
进度: {'current': 0, 'message': '[3/6 ✓] 写完 REPORT.md. heartbeat 改 5min, 继续设计 EA 稿', 'total': 0}
→ 子 agent 已冻结，等你拍板（重试/换思路/取消）
[07:36:10] PUSH [error] 🚨 任务升级到 escalate: t-20260612-093433-1ce224
角色: researcher 等级: L
目标: 长期任务: 联网学习 MT4/MT5 EA + 免费EA解析 + 设计/编译/测试
心跳断: 77441秒前 (3×stale=900s)
进度: {'current': 0, 'message': '[3/6 ✓] 写完 REPORT.md. heartbeat 改 5min, 继续设计 EA 稿', 'total': 0}
→ 子 agent 已冻结，等你拍板（重试/换思路/取消）
[07:37:10] PUSH [error] 🚨 任务升级到 escalate: t-20260612-093433-1ce224
角色: researcher 等级: L
目标: 长期任务: 联网学习 MT4/MT5 EA + 免费EA解析 + 设计/编译/测试
心跳断: 77501秒前 (3×stale=900s)
进度: {'current': 0, 'message': '[3/6 ✓] 写完 REPORT.md. heartbeat 改 5min, 继续设计 EA 稿', 'total': 0}
→ 子 agent 已冻结，等你拍板（重试/换思路/取消）
[07:38:10] PUSH [error] 🚨 任务升级到 escalate: t-20260612-093433-1ce224
角色: researcher 等级: L
目标: 长期任务: 联网学习 MT4/MT5 EA + 免费EA解析 + 设计/编译/测试
心跳断: 77561秒前 (3×stale=900s)
进度: {'current': 0, 'message': '[3/6 ✓] 写完 REPORT.md. heartbeat 改 5min, 继续设计 EA 稿', 'total': 0}
→ 子 agent 已冻结，等你拍板（重试/换思路/取消）
[07:39:10] PUSH [error] 🚨 任务升级到 escalate: t-20260612-093433-1ce224
角色: researcher 等级: L
目标: 长期任务: 联网学习 MT4/MT5 EA + 免费EA解析 + 设计/编译/测试
心跳断: 77621秒前 (3×stale=900s)
进度: {'current': 0, 'message': '[3/6 ✓] 写完 REPORT.md. heartbeat 改 5min, 继续设计 EA 稿', 'total': 0}
→ 子 agent 已冻结，等你拍板（重试/换思路/取消）
[07:40:10] PUSH [error] 🚨 任务升级到 escalate: t-20260612-093433-1ce224
角色: researcher 等级: L
目标: 长期任务: 联网学习 MT4/MT5 EA + 免费EA解析 + 设计/编译/测试
心跳断: 77681秒前 (3×stale=900s)
进度: {'current': 0, 'message': '[3/6 ✓] 写完 REPORT.md. heartbeat 改 5min, 继续设计 EA 稿', 'total': 0}
→ 子 agent 已冻结，等你拍板（重试/换思路/取消）
[07:41:10] PUSH [error] 🚨 任务升级到 escalate: t-20260612-093433-1ce224
角色: researcher 等级: L
目标: 长期任务: 联网学习 MT4/MT5 EA + 免费EA解析 + 设计/编译/测试
心跳断: 77741秒前 (3×stale=900s)
进度: {'current': 0, 'message': '[3/6 ✓] 写完 REPORT.md. heartbeat 改 5min, 继续设计 EA 稿', 'total': 0}
→ 子 agent 已冻结，等你拍板（重试/换思路/取消）
[07:42:10] PUSH [error] 🚨 任务升级到 escalate: t-20260612-093433-1ce224
角色: researcher 等级: L
目标: 长期任务: 联网学习 MT4/MT5 EA + 免费EA解析 + 设计/编译/测试
心跳断: 77801秒前 (3×stale=900s)
进度: {'current': 0, 'message': '[3/6 ✓] 写完 REPORT.md. heartbeat 改 5min, 继续设计 EA 稿', 'total': 0}
→ 子 agent 已冻结，等你拍板（重试/换思路/取消）
[07:43:10] PUSH [error] 🚨 任务升级到 escalate: t-20260612-093433-1ce224
角色: researcher 等级: L
目标: 长期任务: 联网学习 MT4/MT5 EA + 免费EA解析 + 设计/编译/测试
心跳断: 77861秒前 (3×stale=900s)
进度: {'current': 0, 'message': '[3/6 ✓] 写完 REPORT.md. heartbeat 改 5min, 继续设计 EA 稿', 'total': 0}
→ 子 agent 已冻结，等你拍板（重试/换思路/取消）
[07:44:10] PUSH [error] 🚨 任务升级到 escalate: t-20260612-093433-1ce224
角色: researcher 等级: L
目标: 长期任务: 联网学习 MT4/MT5 EA + 免费EA解析 + 设计/编译/测试
心跳断: 77921秒前 (3×stale=900s)
进度: {'current': 0, 'message': '[3/6 ✓] 写完 REPORT.md. heartbeat 改 5min, 继续设计 EA 稿', 'total': 0}
→ 子 agent 已冻结，等你拍板（重试/换思路/取消）
[07:45:10] PUSH [error] 🚨 任务升级到 escalate: t-20260612-093433-1ce224
角色: researcher 等级: L
目标: 长期任务: 联网学习 MT4/MT5 EA + 免费EA解析 + 设计/编译/测试
心跳断: 77981秒前 (3×stale=900s)
进度: {'current': 0, 'message': '[3/6 ✓] 写完 REPORT.md. heartbeat 改 5min, 继续设计 EA 稿', 'total': 0}
→ 子 agent 已冻结，等你拍板（重试/换思路/取消）
[07:46:10] PUSH [error] 🚨 任务升级到 escalate: t-20260612-093433-1ce224
角色: researcher 等级: L
目标: 长期任务: 联网学习 MT4/MT5 EA + 免费EA解析 + 设计/编译/测试
心跳断: 78041秒前 (3×stale=900s)
进度: {'current': 0, 'message': '[3/6 ✓] 写完 REPORT.md. heartbeat 改 5min, 继续设计 EA 稿', 'total': 0}
→ 子 agent 已冻结，等你拍板（重试/换思路/取消）
[07:47:10] PUSH [error] 🚨 任务升级到 escalate: t-20260612-093433-1ce224
角色: researcher 等级: L
目标: 长期任务: 联网学习 MT4/MT5 EA + 免费EA解析 + 设计/编译/测试
心跳断: 78101秒前 (3×stale=900s)
进度: {'current': 0, 'message': '[3/6 ✓] 写完 REPORT.md. heartbeat 改 5min, 继续设计 EA 稿', 'total': 0}
→ 子 agent 已冻结，等你拍板（重试/换思路/取消）
[07:48:10] PUSH [error] 🚨 任务升级到 escalate: t-20260612-093433-1ce224
角色: researcher 等级: L
目标: 长期任务: 联网学习 MT4/MT5 EA + 免费EA解析 + 设计/编译/测试
心跳断: 78161秒前 (3×stale=900s)
进度: {'current': 0, 'message': '[3/6 ✓] 写完 REPORT.md. heartbeat 改 5min, 继续设计 EA 稿', 'total': 0}
→ 子 agent 已冻结，等你拍板（重试/换思路/取消）
[07:49:11] PUSH [error] 🚨 任务升级到 escalate: t-20260612-093433-1ce224
角色: researcher 等级: L
目标: 长期任务: 联网学习 MT4/MT5 EA + 免费EA解析 + 设计/编译/测试
心跳断: 78221秒前 (3×stale=900s)
进度: {'current': 0, 'message': '[3/6 ✓] 写完 REPORT.md. heartbeat 改 5min, 继续设计 EA 稿', 'total': 0}
→ 子 agent 已冻结，等你拍板（重试/换思路/取消）
[07:50:11] PUSH [error] 🚨 任务升级到 escalate: t-20260612-093433-1ce224
角色: researcher 等级: L
目标: 长期任务: 联网学习 MT4/MT5 EA + 免费EA解析 + 设计/编译/测试
心跳断: 78282秒前 (3×stale=900s)
进度: {'current': 0, 'message': '[3/6 ✓] 写完 REPORT.md. heartbeat 改 5min, 继续设计 EA 稿', 'total': 0}
→ 子 agent 已冻结，等你拍板（重试/换思路/取消）
[07:51:11] PUSH [error] 🚨 任务升级到 escalate: t-20260612-093433-1ce224
角色: researcher 等级: L
目标: 长期任务: 联网学习 MT4/MT5 EA + 免费EA解析 + 设计/编译/测试
心跳断: 78342秒前 (3×stale=900s)
进度: {'current': 0, 'message': '[3/6 ✓] 写完 REPORT.md. heartbeat 改 5min, 继续设计 EA 稿', 'total': 0}
→ 子 agent 已冻结，等你拍板（重试/换思路/取消）
[07:52:11] PUSH [error] 🚨 任务升级到 escalate: t-20260612-093433-1ce224
角色: researcher 等级: L
目标: 长期任务: 联网学习 MT4/MT5 EA + 免费EA解析 + 设计/编译/测试
心跳断: 78402秒前 (3×stale=900s)
进度: {'current': 0, 'message': '[3/6 ✓] 写完 REPORT.md. heartbeat 改 5min, 继续设计 EA 稿', 'total': 0}
→ 子 agent 已冻结，等你拍板（重试/换思路/取消）
[07:53:11] PUSH [error] 🚨 任务升级到 escalate: t-20260612-093433-1ce224
角色: researcher 等级: L
目标: 长期任务: 联网学习 MT4/MT5 EA + 免费EA解析 + 设计/编译/测试
心跳断: 78462秒前 (3×stale=900s)
进度: {'current': 0, 'message': '[3/6 ✓] 写完 REPORT.md. heartbeat 改 5min, 继续设计 EA 稿', 'total': 0}
→ 子 agent 已冻结，等你拍板（重试/换思路/取消）
[07:54:11] PUSH [error] 🚨 任务升级到 escalate: t-20260612-093433-1ce224
角色: researcher 等级: L
目标: 长期任务: 联网学习 MT4/MT5 EA + 免费EA解析 + 设计/编译/测试
心跳断: 78522秒前 (3×stale=900s)
进度: {'current': 0, 'message': '[3/6 ✓] 写完 REPORT.md. heartbeat 改 5min, 继续设计 EA 稿', 'total': 0}
→ 子 agent 已冻结，等你拍板（重试/换思路/取消）
[07:55:11] PUSH [error] 🚨 任务升级到 escalate: t-20260612-093433-1ce224
角色: researcher 等级: L
目标: 长期任务: 联网学习 MT4/MT5 EA + 免费EA解析 + 设计/编译/测试
心跳断: 78582秒前 (3×stale=900s)
进度: {'current': 0, 'message': '[3/6 ✓] 写完 REPORT.md. heartbeat 改 5min, 继续设计 EA 稿', 'total': 0}
→ 子 agent 已冻结，等你拍板（重试/换思路/取消）
[07:56:11] PUSH [error] 🚨 任务升级到 escalate: t-20260612-093433-1ce224
角色: researcher 等级: L
目标: 长期任务: 联网学习 MT4/MT5 EA + 免费EA解析 + 设计/编译/测试
心跳断: 78642秒前 (3×stale=900s)
进度: {'current': 0, 'message': '[3/6 ✓] 写完 REPORT.md. heartbeat 改 5min, 继续设计 EA 稿', 'total': 0}
→ 子 agent 已冻结，等你拍板（重试/换思路/取消）
[07:57:11] PUSH [error] 🚨 任务升级到 escalate: t-20260612-093433-1ce224
角色: researcher 等级: L
目标: 长期任务: 联网学习 MT4/MT5 EA + 免费EA解析 + 设计/编译/测试
心跳断: 78702秒前 (3×stale=900s)
进度: {'current': 0, 'message': '[3/6 ✓] 写完 REPORT.md. heartbeat 改 5min, 继续设计 EA 稿', 'total': 0}
→ 子 agent 已冻结，等你拍板（重试/换思路/取消）
[07:58:11] PUSH [error] 🚨 任务升级到 escalate: t-20260612-093433-1ce224
角色: researcher 等级: L
目标: 长期任务: 联网学习 MT4/MT5 EA + 免费EA解析 + 设计/编译/测试
心跳断: 78762秒前 (3×stale=900s)
进度: {'current': 0, 'message': '[3/6 ✓] 写完 REPORT.md. heartbeat 改 5min, 继续设计 EA 稿', 'total': 0}
→ 子 agent 已冻结，等你拍板（重试/换思路/取消）
[07:59:11] PUSH [error] 🚨 任务升级到 escalate: t-20260612-093433-1ce224
角色: researcher 等级: L
目标: 长期任务: 联网学习 MT4/MT5 EA + 免费EA解析 + 设计/编译/测试
心跳断: 78822秒前 (3×stale=900s)
进度: {'current': 0, 'message': '[3/6 ✓] 写完 REPORT.md. heartbeat 改 5min, 继续设计 EA 稿', 'total': 0}
→ 子 agent 已冻结，等你拍板（重试/换思路/取消）
[08:00:11] PUSH [error] 🚨 任务升级到 escalate: t-20260612-093433-1ce224
角色: researcher 等级: L
目标: 长期任务: 联网学习 MT4/MT5 EA + 免费EA解析 + 设计/编译/测试
心跳断: 78882秒前 (3×stale=900s)
进度: {'current': 0, 'message': '[3/6 ✓] 写完 REPORT.md. heartbeat 改 5min, 继续设计 EA 稿', 'total': 0}
→ 子 agent 已冻结，等你拍板（重试/换思路/取消）
[08:01:11] PUSH [error] 🚨 任务升级到 escalate: t-20260612-093433-1ce224
角色: researcher 等级: L
目标: 长期任务: 联网学习 MT4/MT5 EA + 免费EA解析 + 设计/编译/测试
心跳断: 78942秒前 (3×stale=900s)
进度: {'current': 0, 'message': '[3/6 ✓] 写完 REPORT.md. heartbeat 改 5min, 继续设计 EA 稿', 'total': 0}
→ 子 agent 已冻结，等你拍板（重试/换思路/取消）
[08:02:11] PUSH [error] 🚨 任务升级到 escalate: t-20260612-093433-1ce224
角色: researcher 等级: L
目标: 长期任务: 联网学习 MT4/MT5 EA + 免费EA解析 + 设计/编译/测试
心跳断: 79002秒前 (3×stale=900s)
进度: {'current': 0, 'message': '[3/6 ✓] 写完 REPORT.md. heartbeat 改 5min, 继续设计 EA 稿', 'total': 0}
→ 子 agent 已冻结，等你拍板（重试/换思路/取消）
[08:03:11] PUSH [error] 🚨 任务升级到 escalate: t-20260612-093433-1ce224
角色: researcher 等级: L
目标: 长期任务: 联网学习 MT4/MT5 EA + 免费EA解析 + 设计/编译/测试
心跳断: 79062秒前 (3×stale=900s)
进度: {'current': 0, 'message': '[3/6 ✓] 写完 REPORT.md. heartbeat 改 5min, 继续设计 EA 稿', 'total': 0}
→ 子 agent 已冻结，等你拍板（重试/换思路/取消）
[08:04:11] PUSH [error] 🚨 任务升级到 escalate: t-20260612-093433-1ce224
角色: researcher 等级: L
目标: 长期任务: 联网学习 MT4/MT5 EA + 免费EA解析 + 设计/编译/测试
心跳断: 79122秒前 (3×stale=900s)
进度: {'current': 0, 'message': '[3/6 ✓] 写完 REPORT.md. heartbeat 改 5min, 继续设计 EA 稿', 'total': 0}
→ 子 agent 已冻结，等你拍板（重试/换思路/取消）
[08:05:11] PUSH [error] 🚨 任务升级到 escalate: t-20260612-093433-1ce224
角色: researcher 等级: L
目标: 长期任务: 联网学习 MT4/MT5 EA + 免费EA解析 + 设计/编译/测试
心跳断: 79182秒前 (3×stale=900s)
进度: {'current': 0, 'message': '[3/6 ✓] 写完 REPORT.md. heartbeat 改 5min, 继续设计 EA 稿', 'total': 0}
→ 子 agent 已冻结，等你拍板（重试/换思路/取消）
[08:06:11] PUSH [error] 🚨 任务升级到 escalate: t-20260612-093433-1ce224
角色: researcher 等级: L
目标: 长期任务: 联网学习 MT4/MT5 EA + 免费EA解析 + 设计/编译/测试
心跳断: 79242秒前 (3×stale=900s)
进度: {'current': 0, 'message': '[3/6 ✓] 写完 REPORT.md. heartbeat 改 5min, 继续设计 EA 稿', 'total': 0}
→ 子 agent 已冻结，等你拍板（重试/换思路/取消）
[08:07:11] PUSH [error] 🚨 任务升级到 escalate: t-20260612-093433-1ce224
角色: researcher 等级: L
目标: 长期任务: 联网学习 MT4/MT5 EA + 免费EA解析 + 设计/编译/测试
心跳断: 79302秒前 (3×stale=900s)
进度: {'current': 0, 'message': '[3/6 ✓] 写完 REPORT.md. heartbeat 改 5min, 继续设计 EA 稿', 'total': 0}
→ 子 agent 已冻结，等你拍板（重试/换思路/取消）
[08:08:11] PUSH [error] 🚨 任务升级到 escalate: t-20260612-093433-1ce224
角色: researcher 等级: L
目标: 长期任务: 联网学习 MT4/MT5 EA + 免费EA解析 + 设计/编译/测试
心跳断: 79362秒前 (3×stale=900s)
进度: {'current': 0, 'message': '[3/6 ✓] 写完 REPORT.md. heartbeat 改 5min, 继续设计 EA 稿', 'total': 0}
→ 子 agent 已冻结，等你拍板（重试/换思路/取消）
[08:09:11] PUSH [error] 🚨 任务升级到 escalate: t-20260612-093433-1ce224
角色: researcher 等级: L
目标: 长期任务: 联网学习 MT4/MT5 EA + 免费EA解析 + 设计/编译/测试
心跳断: 79422秒前 (3×stale=900s)
进度: {'current': 0, 'message': '[3/6 ✓] 写完 REPORT.md. heartbeat 改 5min, 继续设计 EA 稿', 'total': 0}
→ 子 agent 已冻结，等你拍板（重试/换思路/取消）
[08:10:11] PUSH [error] 🚨 任务升级到 escalate: t-20260612-093433-1ce224
角色: researcher 等级: L
目标: 长期任务: 联网学习 MT4/MT5 EA + 免费EA解析 + 设计/编译/测试
心跳断: 79482秒前 (3×stale=900s)
进度: {'current': 0, 'message': '[3/6 ✓] 写完 REPORT.md. heartbeat 改 5min, 继续设计 EA 稿', 'total': 0}
→ 子 agent 已冻结，等你拍板（重试/换思路/取消）
[08:11:11] PUSH [error] 🚨 任务升级到 escalate: t-20260612-093433-1ce224
角色: researcher 等级: L
目标: 长期任务: 联网学习 MT4/MT5 EA + 免费EA解析 + 设计/编译/测试
心跳断: 79542秒前 (3×stale=900s)
进度: {'current': 0, 'message': '[3/6 ✓] 写完 REPORT.md. heartbeat 改 5min, 继续设计 EA 稿', 'total': 0}
→ 子 agent 已冻结，等你拍板（重试/换思路/取消）
[08:12:11] PUSH [error] 🚨 任务升级到 escalate: t-20260612-093433-1ce224
角色: researcher 等级: L
目标: 长期任务: 联网学习 MT4/MT5 EA + 免费EA解析 + 设计/编译/测试
心跳断: 79602秒前 (3×stale=900s)
进度: {'current': 0, 'message': '[3/6 ✓] 写完 REPORT.md. heartbeat 改 5min, 继续设计 EA 稿', 'total': 0}
→ 子 agent 已冻结，等你拍板（重试/换思路/取消）
[08:13:11] PUSH [error] 🚨 任务升级到 escalate: t-20260612-093433-1ce224
角色: researcher 等级: L
目标: 长期任务: 联网学习 MT4/MT5 EA + 免费EA解析 + 设计/编译/测试
心跳断: 79662秒前 (3×stale=900s)
进度: {'current': 0, 'message': '[3/6 ✓] 写完 REPORT.md. heartbeat 改 5min, 继续设计 EA 稿', 'total': 0}
→ 子 agent 已冻结，等你拍板（重试/换思路/取消）
[08:14:11] PUSH [error] 🚨 任务升级到 escalate: t-20260612-093433-1ce224
角色: researcher 等级: L
目标: 长期任务: 联网学习 MT4/MT5 EA + 免费EA解析 + 设计/编译/测试
心跳断: 79722秒前 (3×stale=900s)
进度: {'current': 0, 'message': '[3/6 ✓] 写完 REPORT.md. heartbeat 改 5min, 继续设计 EA 稿', 'total': 0}
→ 子 agent 已冻结，等你拍板（重试/换思路/取消）
[08:15:11] PUSH [error] 🚨 任务升级到 escalate: t-20260612-093433-1ce224
角色: researcher 等级: L
目标: 长期任务: 联网学习 MT4/MT5 EA + 免费EA解析 + 设计/编译/测试
心跳断: 79782秒前 (3×stale=900s)
进度: {'current': 0, 'message': '[3/6 ✓] 写完 REPORT.md. heartbeat 改 5min, 继续设计 EA 稿', 'total': 0}
→ 子 agent 已冻结，等你拍板（重试/换思路/取消）
[08:16:11] PUSH [error] 🚨 任务升级到 escalate: t-20260612-093433-1ce224
角色: researcher 等级: L
目标: 长期任务: 联网学习 MT4/MT5 EA + 免费EA解析 + 设计/编译/测试
心跳断: 79842秒前 (3×stale=900s)
进度: {'current': 0, 'message': '[3/6 ✓] 写完 REPORT.md. heartbeat 改 5min, 继续设计 EA 稿', 'total': 0}
→ 子 agent 已冻结，等你拍板（重试/换思路/取消）
[08:17:11] PUSH [error] 🚨 任务升级到 escalate: t-20260612-093433-1ce224
角色: researcher 等级: L
目标: 长期任务: 联网学习 MT4/MT5 EA + 免费EA解析 + 设计/编译/测试
心跳断: 79902秒前 (3×stale=900s)
进度: {'current': 0, 'message': '[3/6 ✓] 写完 REPORT.md. heartbeat 改 5min, 继续设计 EA 稿', 'total': 0}
→ 子 agent 已冻结，等你拍板（重试/换思路/取消）
[08:18:11] PUSH [error] 🚨 任务升级到 escalate: t-20260612-093433-1ce224
角色: researcher 等级: L
目标: 长期任务: 联网学习 MT4/MT5 EA + 免费EA解析 + 设计/编译/测试
心跳断: 79962秒前 (3×stale=900s)
进度: {'current': 0, 'message': '[3/6 ✓] 写完 REPORT.md. heartbeat 改 5min, 继续设计 EA 稿', 'total': 0}
→ 子 agent 已冻结，等你拍板（重试/换思路/取消）
[08:19:11] PUSH [error] 🚨 任务升级到 escalate: t-20260612-093433-1ce224
角色: researcher 等级: L
目标: 长期任务: 联网学习 MT4/MT5 EA + 免费EA解析 + 设计/编译/测试
心跳断: 80022秒前 (3×stale=900s)
进度: {'current': 0, 'message': '[3/6 ✓] 写完 REPORT.md. heartbeat 改 5min, 继续设计 EA 稿', 'total': 0}
→ 子 agent 已冻结，等你拍板（重试/换思路/取消）
[08:20:11] PUSH [error] 🚨 任务升级到 escalate: t-20260612-093433-1ce224
角色: researcher 等级: L
目标: 长期任务: 联网学习 MT4/MT5 EA + 免费EA解析 + 设计/编译/测试
心跳断: 80082秒前 (3×stale=900s)
进度: {'current': 0, 'message': '[3/6 ✓] 写完 REPORT.md. heartbeat 改 5min, 继续设计 EA 稿', 'total': 0}
→ 子 agent 已冻结，等你拍板（重试/换思路/取消）
[08:21:11] PUSH [error] 🚨 任务升级到 escalate: t-20260612-093433-1ce224
角色: researcher 等级: L
目标: 长期任务: 联网学习 MT4/MT5 EA + 免费EA解析 + 设计/编译/测试
心跳断: 80142秒前 (3×stale=900s)
进度: {'current': 0, 'message': '[3/6 ✓] 写完 REPORT.md. heartbeat 改 5min, 继续设计 EA 稿', 'total': 0}
→ 子 agent 已冻结，等你拍板（重试/换思路/取消）
[08:22:11] PUSH [error] 🚨 任务升级到 escalate: t-20260612-093433-1ce224
角色: researcher 等级: L
目标: 长期任务: 联网学习 MT4/MT5 EA + 免费EA解析 + 设计/编译/测试
心跳断: 80202秒前 (3×stale=900s)
进度: {'current': 0, 'message': '[3/6 ✓] 写完 REPORT.md. heartbeat 改 5min, 继续设计 EA 稿', 'total': 0}
→ 子 agent 已冻结，等你拍板（重试/换思路/取消）
[08:23:11] PUSH [error] 🚨 任务升级到 escalate: t-20260612-093433-1ce224
角色: researcher 等级: L
目标: 长期任务: 联网学习 MT4/MT5 EA + 免费EA解析 + 设计/编译/测试
心跳断: 80262秒前 (3×stale=900s)
进度: {'current': 0, 'message': '[3/6 ✓] 写完 REPORT.md. heartbeat 改 5min, 继续设计 EA 稿', 'total': 0}
→ 子 agent 已冻结，等你拍板（重试/换思路/取消）
[08:24:11] PUSH [error] 🚨 任务升级到 escalate: t-20260612-093433-1ce224
角色: researcher 等级: L
目标: 长期任务: 联网学习 MT4/MT5 EA + 免费EA解析 + 设计/编译/测试
心跳断: 80322秒前 (3×stale=900s)
进度: {'current': 0, 'message': '[3/6 ✓] 写完 REPORT.md. heartbeat 改 5min, 继续设计 EA 稿', 'total': 0}
→ 子 agent 已冻结，等你拍板（重试/换思路/取消）
[08:25:11] PUSH [error] 🚨 任务升级到 escalate: t-20260612-093433-1ce224
角色: researcher 等级: L
目标: 长期任务: 联网学习 MT4/MT5 EA + 免费EA解析 + 设计/编译/测试
心跳断: 80382秒前 (3×stale=900s)
进度: {'current': 0, 'message': '[3/6 ✓] 写完 REPORT.md. heartbeat 改 5min, 继续设计 EA 稿', 'total': 0}
→ 子 agent 已冻结，等你拍板（重试/换思路/取消）
[08:26:11] PUSH [error] 🚨 任务升级到 escalate: t-20260612-093433-1ce224
角色: researcher 等级: L
目标: 长期任务: 联网学习 MT4/MT5 EA + 免费EA解析 + 设计/编译/测试
心跳断: 80442秒前 (3×stale=900s)
进度: {'current': 0, 'message': '[3/6 ✓] 写完 REPORT.md. heartbeat 改 5min, 继续设计 EA 稿', 'total': 0}
→ 子 agent 已冻结，等你拍板（重试/换思路/取消）
[08:27:11] PUSH [error] 🚨 任务升级到 escalate: t-20260612-093433-1ce224
角色: researcher 等级: L
目标: 长期任务: 联网学习 MT4/MT5 EA + 免费EA解析 + 设计/编译/测试
心跳断: 80502秒前 (3×stale=900s)
进度: {'current': 0, 'message': '[3/6 ✓] 写完 REPORT.md. heartbeat 改 5min, 继续设计 EA 稿', 'total': 0}
→ 子 agent 已冻结，等你拍板（重试/换思路/取消）
[08:28:11] PUSH [error] 🚨 任务升级到 escalate: t-20260612-093433-1ce224
角色: researcher 等级: L
目标: 长期任务: 联网学习 MT4/MT5 EA + 免费EA解析 + 设计/编译/测试
心跳断: 80562秒前 (3×stale=900s)
进度: {'current': 0, 'message': '[3/6 ✓] 写完 REPORT.md. heartbeat 改 5min, 继续设计 EA 稿', 'total': 0}
→ 子 agent 已冻结，等你拍板（重试/换思路/取消）
[08:29:12] PUSH [error] 🚨 任务升级到 escalate: t-20260612-093433-1ce224
角色: researcher 等级: L
目标: 长期任务: 联网学习 MT4/MT5 EA + 免费EA解析 + 设计/编译/测试
心跳断: 80622秒前 (3×stale=900s)
进度: {'current': 0, 'message': '[3/6 ✓] 写完 REPORT.md. heartbeat 改 5min, 继续设计 EA 稿', 'total': 0}
→ 子 agent 已冻结，等你拍板（重试/换思路/取消）
[08:30:12] PUSH [error] 🚨 任务升级到 escalate: t-20260612-093433-1ce224
角色: researcher 等级: L
目标: 长期任务: 联网学习 MT4/MT5 EA + 免费EA解析 + 设计/编译/测试
心跳断: 80683秒前 (3×stale=900s)
进度: {'current': 0, 'message': '[3/6 ✓] 写完 REPORT.md. heartbeat 改 5min, 继续设计 EA 稿', 'total': 0}
→ 子 agent 已冻结，等你拍板（重试/换思路/取消）
[08:31:12] PUSH [error] 🚨 任务升级到 escalate: t-20260612-093433-1ce224
角色: researcher 等级: L
目标: 长期任务: 联网学习 MT4/MT5 EA + 免费EA解析 + 设计/编译/测试
心跳断: 80743秒前 (3×stale=900s)
进度: {'current': 0, 'message': '[3/6 ✓] 写完 REPORT.md. heartbeat 改 5min, 继续设计 EA 稿', 'total': 0}
→ 子 agent 已冻结，等你拍板（重试/换思路/取消）
[08:32:12] PUSH [error] 🚨 任务升级到 escalate: t-20260612-093433-1ce224
角色: researcher 等级: L
目标: 长期任务: 联网学习 MT4/MT5 EA + 免费EA解析 + 设计/编译/测试
心跳断: 80803秒前 (3×stale=900s)
进度: {'current': 0, 'message': '[3/6 ✓] 写完 REPORT.md. heartbeat 改 5min, 继续设计 EA 稿', 'total': 0}
→ 子 agent 已冻结，等你拍板（重试/换思路/取消）
[08:33:12] PUSH [error] 🚨 任务升级到 escalate: t-20260612-093433-1ce224
角色: researcher 等级: L
目标: 长期任务: 联网学习 MT4/MT5 EA + 免费EA解析 + 设计/编译/测试
心跳断: 80863秒前 (3×stale=900s)
进度: {'current': 0, 'message': '[3/6 ✓] 写完 REPORT.md. heartbeat 改 5min, 继续设计 EA 稿', 'total': 0}
→ 子 agent 已冻结，等你拍板（重试/换思路/取消）
[08:34:12] PUSH [error] 🚨 任务升级到 escalate: t-20260612-093433-1ce224
角色: researcher 等级: L
目标: 长期任务: 联网学习 MT4/MT5 EA + 免费EA解析 + 设计/编译/测试
心跳断: 80923秒前 (3×stale=900s)
进度: {'current': 0, 'message': '[3/6 ✓] 写完 REPORT.md. heartbeat 改 5min, 继续设计 EA 稿', 'total': 0}
→ 子 agent 已冻结，等你拍板（重试/换思路/取消）
[08:35:12] PUSH [error] 🚨 任务升级到 escalate: t-20260612-093433-1ce224
角色: researcher 等级: L
目标: 长期任务: 联网学习 MT4/MT5 EA + 免费EA解析 + 设计/编译/测试
心跳断: 80983秒前 (3×stale=900s)
进度: {'current': 0, 'message': '[3/6 ✓] 写完 REPORT.md. heartbeat 改 5min, 继续设计 EA 稿', 'total': 0}
→ 子 agent 已冻结，等你拍板（重试/换思路/取消）
[08:36:12] PUSH [error] 🚨 任务升级到 escalate: t-20260612-093433-1ce224
角色: researcher 等级: L
目标: 长期任务: 联网学习 MT4/MT5 EA + 免费EA解析 + 设计/编译/测试
心跳断: 81043秒前 (3×stale=900s)
进度: {'current': 0, 'message': '[3/6 ✓] 写完 REPORT.md. heartbeat 改 5min, 继续设计 EA 稿', 'total': 0}
→ 子 agent 已冻结，等你拍板（重试/换思路/取消）
[08:37:12] PUSH [error] 🚨 任务升级到 escalate: t-20260612-093433-1ce224
角色: researcher 等级: L
目标: 长期任务: 联网学习 MT4/MT5 EA + 免费EA解析 + 设计/编译/测试
心跳断: 81103秒前 (3×stale=900s)
进度: {'current': 0, 'message': '[3/6 ✓] 写完 REPORT.md. heartbeat 改 5min, 继续设计 EA 稿', 'total': 0}
→ 子 agent 已冻结，等你拍板（重试/换思路/取消）
[08:38:12] PUSH [error] 🚨 任务升级到 escalate: t-20260612-093433-1ce224
角色: researcher 等级: L
目标: 长期任务: 联网学习 MT4/MT5 EA + 免费EA解析 + 设计/编译/测试
心跳断: 81163秒前 (3×stale=900s)
进度: {'current': 0, 'message': '[3/6 ✓] 写完 REPORT.md. heartbeat 改 5min, 继续设计 EA 稿', 'total': 0}
→ 子 agent 已冻结，等你拍板（重试/换思路/取消）
[08:39:12] PUSH [error] 🚨 任务升级到 escalate: t-20260612-093433-1ce224
角色: researcher 等级: L
目标: 长期任务: 联网学习 MT4/MT5 EA + 免费EA解析 + 设计/编译/测试
心跳断: 81223秒前 (3×stale=900s)
进度: {'current': 0, 'message': '[3/6 ✓] 写完 REPORT.md. heartbeat 改 5min, 继续设计 EA 稿', 'total': 0}
→ 子 agent 已冻结，等你拍板（重试/换思路/取消）
[08:40:12] PUSH [error] 🚨 任务升级到 escalate: t-20260612-093433-1ce224
角色: researcher 等级: L
目标: 长期任务: 联网学习 MT4/MT5 EA + 免费EA解析 + 设计/编译/测试
心跳断: 81283秒前 (3×stale=900s)
进度: {'current': 0, 'message': '[3/6 ✓] 写完 REPORT.md. heartbeat 改 5min, 继续设计 EA 稿', 'total': 0}
→ 子 agent 已冻结，等你拍板（重试/换思路/取消）
[08:41:12] PUSH [error] 🚨 任务升级到 escalate: t-20260612-093433-1ce224
角色: researcher 等级: L
目标: 长期任务: 联网学习 MT4/MT5 EA + 免费EA解析 + 设计/编译/测试
心跳断: 81343秒前 (3×stale=900s)
进度: {'current': 0, 'message': '[3/6 ✓] 写完 REPORT.md. heartbeat 改 5min, 继续设计 EA 稿', 'total': 0}
→ 子 agent 已冻结，等你拍板（重试/换思路/取消）
[08:42:12] PUSH [error] 🚨 任务升级到 escalate: t-20260612-093433-1ce224
角色: researcher 等级: L
目标: 长期任务: 联网学习 MT4/MT5 EA + 免费EA解析 + 设计/编译/测试
心跳断: 81403秒前 (3×stale=900s)
进度: {'current': 0, 'message': '[3/6 ✓] 写完 REPORT.md. heartbeat 改 5min, 继续设计 EA 稿', 'total': 0}
→ 子 agent 已冻结，等你拍板（重试/换思路/取消）
[08:43:12] PUSH [error] 🚨 任务升级到 escalate: t-20260612-093433-1ce224
角色: researcher 等级: L
目标: 长期任务: 联网学习 MT4/MT5 EA + 免费EA解析 + 设计/编译/测试
心跳断: 81463秒前 (3×stale=900s)
进度: {'current': 0, 'message': '[3/6 ✓] 写完 REPORT.md. heartbeat 改 5min, 继续设计 EA 稿', 'total': 0}
→ 子 agent 已冻结，等你拍板（重试/换思路/取消）
[08:44:12] PUSH [error] 🚨 任务升级到 escalate: t-20260612-093433-1ce224
角色: researcher 等级: L
目标: 长期任务: 联网学习 MT4/MT5 EA + 免费EA解析 + 设计/编译/测试
心跳断: 81523秒前 (3×stale=900s)
进度: {'current': 0, 'message': '[3/6 ✓] 写完 REPORT.md. heartbeat 改 5min, 继续设计 EA 稿', 'total': 0}
→ 子 agent 已冻结，等你拍板（重试/换思路/取消）
[08:45:12] PUSH [error] 🚨 任务升级到 escalate: t-20260612-093433-1ce224
角色: researcher 等级: L
目标: 长期任务: 联网学习 MT4/MT5 EA + 免费EA解析 + 设计/编译/测试
心跳断: 81583秒前 (3×stale=900s)
进度: {'current': 0, 'message': '[3/6 ✓] 写完 REPORT.md. heartbeat 改 5min, 继续设计 EA 稿', 'total': 0}
→ 子 agent 已冻结，等你拍板（重试/换思路/取消）
[08:46:12] PUSH [error] 🚨 任务升级到 escalate: t-20260612-093433-1ce224
角色: researcher 等级: L
目标: 长期任务: 联网学习 MT4/MT5 EA + 免费EA解析 + 设计/编译/测试
心跳断: 81643秒前 (3×stale=900s)
进度: {'current': 0, 'message': '[3/6 ✓] 写完 REPORT.md. heartbeat 改 5min, 继续设计 EA 稿', 'total': 0}
→ 子 agent 已冻结，等你拍板（重试/换思路/取消）
[08:47:12] PUSH [error] 🚨 任务升级到 escalate: t-20260612-093433-1ce224
角色: researcher 等级: L
目标: 长期任务: 联网学习 MT4/MT5 EA + 免费EA解析 + 设计/编译/测试
心跳断: 81703秒前 (3×stale=900s)
进度: {'current': 0, 'message': '[3/6 ✓] 写完 REPORT.md. heartbeat 改 5min, 继续设计 EA 稿', 'total': 0}
→ 子 agent 已冻结，等你拍板（重试/换思路/取消）
[08:48:12] PUSH [error] 🚨 任务升级到 escalate: t-20260612-093433-1ce224
角色: researcher 等级: L
目标: 长期任务: 联网学习 MT4/MT5 EA + 免费EA解析 + 设计/编译/测试
心跳断: 81763秒前 (3×stale=900s)
进度: {'current': 0, 'message': '[3/6 ✓] 写完 REPORT.md. heartbeat 改 5min, 继续设计 EA 稿', 'total': 0}
→ 子 agent 已冻结，等你拍板（重试/换思路/取消）
[08:49:12] PUSH [error] 🚨 任务升级到 escalate: t-20260612-093433-1ce224
角色: researcher 等级: L
目标: 长期任务: 联网学习 MT4/MT5 EA + 免费EA解析 + 设计/编译/测试
心跳断: 81823秒前 (3×stale=900s)
进度: {'current': 0, 'message': '[3/6 ✓] 写完 REPORT.md. heartbeat 改 5min, 继续设计 EA 稿', 'total': 0}
→ 子 agent 已冻结，等你拍板（重试/换思路/取消）
[08:50:12] PUSH [error] 🚨 任务升级到 escalate: t-20260612-093433-1ce224
角色: researcher 等级: L
目标: 长期任务: 联网学习 MT4/MT5 EA + 免费EA解析 + 设计/编译/测试
心跳断: 81883秒前 (3×stale=900s)
进度: {'current': 0, 'message': '[3/6 ✓] 写完 REPORT.md. heartbeat 改 5min, 继续设计 EA 稿', 'total': 0}
→ 子 agent 已冻结，等你拍板（重试/换思路/取消）
[08:51:12] PUSH [error] 🚨 任务升级到 escalate: t-20260612-093433-1ce224
角色: researcher 等级: L
目标: 长期任务: 联网学习 MT4/MT5 EA + 免费EA解析 + 设计/编译/测试
心跳断: 81943秒前 (3×stale=900s)
进度: {'current': 0, 'message': '[3/6 ✓] 写完 REPORT.md. heartbeat 改 5min, 继续设计 EA 稿', 'total': 0}
→ 子 agent 已冻结，等你拍板（重试/换思路/取消）
[08:52:12] PUSH [error] 🚨 任务升级到 escalate: t-20260612-093433-1ce224
角色: researcher 等级: L
目标: 长期任务: 联网学习 MT4/MT5 EA + 免费EA解析 + 设计/编译/测试
心跳断: 82003秒前 (3×stale=900s)
进度: {'current': 0, 'message': '[3/6 ✓] 写完 REPORT.md. heartbeat 改 5min, 继续设计 EA 稿', 'total': 0}
→ 子 agent 已冻结，等你拍板（重试/换思路/取消）
[08:53:12] PUSH [error] 🚨 任务升级到 escalate: t-20260612-093433-1ce224
角色: researcher 等级: L
目标: 长期任务: 联网学习 MT4/MT5 EA + 免费EA解析 + 设计/编译/测试
心跳断: 82063秒前 (3×stale=900s)
进度: {'current': 0, 'message': '[3/6 ✓] 写完 REPORT.md. heartbeat 改 5min, 继续设计 EA 稿', 'total': 0}
→ 子 agent 已冻结，等你拍板（重试/换思路/取消）
[08:54:12] PUSH [error] 🚨 任务升级到 escalate: t-20260612-093433-1ce224
角色: researcher 等级: L
目标: 长期任务: 联网学习 MT4/MT5 EA + 免费EA解析 + 设计/编译/测试
心跳断: 82123秒前 (3×stale=900s)
进度: {'current': 0, 'message': '[3/6 ✓] 写完 REPORT.md. heartbeat 改 5min, 继续设计 EA 稿', 'total': 0}
→ 子 agent 已冻结，等你拍板（重试/换思路/取消）
[08:55:12] PUSH [error] 🚨 任务升级到 escalate: t-20260612-093433-1ce224
角色: researcher 等级: L
目标: 长期任务: 联网学习 MT4/MT5 EA + 免费EA解析 + 设计/编译/测试
心跳断: 82183秒前 (3×stale=900s)
进度: {'current': 0, 'message': '[3/6 ✓] 写完 REPORT.md. heartbeat 改 5min, 继续设计 EA 稿', 'total': 0}
→ 子 agent 已冻结，等你拍板（重试/换思路/取消）
[08:56:12] PUSH [error] 🚨 任务升级到 escalate: t-20260612-093433-1ce224
角色: researcher 等级: L
目标: 长期任务: 联网学习 MT4/MT5 EA + 免费EA解析 + 设计/编译/测试
心跳断: 82243秒前 (3×stale=900s)
进度: {'current': 0, 'message': '[3/6 ✓] 写完 REPORT.md. heartbeat 改 5min, 继续设计 EA 稿', 'total': 0}
→ 子 agent 已冻结，等你拍板（重试/换思路/取消）
[08:57:12] PUSH [error] 🚨 任务升级到 escalate: t-20260612-093433-1ce224
角色: researcher 等级: L
目标: 长期任务: 联网学习 MT4/MT5 EA + 免费EA解析 + 设计/编译/测试
心跳断: 82303秒前 (3×stale=900s)
进度: {'current': 0, 'message': '[3/6 ✓] 写完 REPORT.md. heartbeat 改 5min, 继续设计 EA 稿', 'total': 0}
→ 子 agent 已冻结，等你拍板（重试/换思路/取消）
[08:58:12] PUSH [error] 🚨 任务升级到 escalate: t-20260612-093433-1ce224
角色: researcher 等级: L
目标: 长期任务: 联网学习 MT4/MT5 EA + 免费EA解析 + 设计/编译/测试
心跳断: 82363秒前 (3×stale=900s)
进度: {'current': 0, 'message': '[3/6 ✓] 写完 REPORT.md. heartbeat 改 5min, 继续设计 EA 稿', 'total': 0}
→ 子 agent 已冻结，等你拍板（重试/换思路/取消）
[08:59:12] PUSH [error] 🚨 任务升级到 escalate: t-20260612-093433-1ce224
角色: researcher 等级: L
目标: 长期任务: 联网学习 MT4/MT5 EA + 免费EA解析 + 设计/编译/测试
心跳断: 82423秒前 (3×stale=900s)
进度: {'current': 0, 'message': '[3/6 ✓] 写完 REPORT.md. heartbeat 改 5min, 继续设计 EA 稿', 'total': 0}
→ 子 agent 已冻结，等你拍板（重试/换思路/取消）
[09:00:12] PUSH [error] 🚨 任务升级到 escalate: t-20260612-093433-1ce224
角色: researcher 等级: L
目标: 长期任务: 联网学习 MT4/MT5 EA + 免费EA解析 + 设计/编译/测试
心跳断: 82483秒前 (3×stale=900s)
进度: {'current': 0, 'message': '[3/6 ✓] 写完 REPORT.md. heartbeat 改 5min, 继续设计 EA 稿', 'total': 0}
→ 子 agent 已冻结，等你拍板（重试/换思路/取消）
[09:01:12] PUSH [error] 🚨 任务升级到 escalate: t-20260612-093433-1ce224
角色: researcher 等级: L
目标: 长期任务: 联网学习 MT4/MT5 EA + 免费EA解析 + 设计/编译/测试
心跳断: 82543秒前 (3×stale=900s)
进度: {'current': 0, 'message': '[3/6 ✓] 写完 REPORT.md. heartbeat 改 5min, 继续设计 EA 稿', 'total': 0}
→ 子 agent 已冻结，等你拍板（重试/换思路/取消）
[09:02:12] PUSH [error] 🚨 任务升级到 escalate: t-20260612-093433-1ce224
角色: researcher 等级: L
目标: 长期任务: 联网学习 MT4/MT5 EA + 免费EA解析 + 设计/编译/测试
心跳断: 82603秒前 (3×stale=900s)
进度: {'current': 0, 'message': '[3/6 ✓] 写完 REPORT.md. heartbeat 改 5min, 继续设计 EA 稿', 'total': 0}
→ 子 agent 已冻结，等你拍板（重试/换思路/取消）
[09:03:12] PUSH [error] 🚨 任务升级到 escalate: t-20260612-093433-1ce224
角色: researcher 等级: L
目标: 长期任务: 联网学习 MT4/MT5 EA + 免费EA解析 + 设计/编译/测试
心跳断: 82663秒前 (3×stale=900s)
进度: {'current': 0, 'message': '[3/6 ✓] 写完 REPORT.md. heartbeat 改 5min, 继续设计 EA 稿', 'total': 0}
→ 子 agent 已冻结，等你拍板（重试/换思路/取消）
[09:04:12] PUSH [error] 🚨 任务升级到 escalate: t-20260612-093433-1ce224
角色: researcher 等级: L
目标: 长期任务: 联网学习 MT4/MT5 EA + 免费EA解析 + 设计/编译/测试
心跳断: 82723秒前 (3×stale=900s)
进度: {'current': 0, 'message': '[3/6 ✓] 写完 REPORT.md. heartbeat 改 5min, 继续设计 EA 稿', 'total': 0}
→ 子 agent 已冻结，等你拍板（重试/换思路/取消）
[09:05:12] PUSH [error] 🚨 任务升级到 escalate: t-20260612-093433-1ce224
角色: researcher 等级: L
目标: 长期任务: 联网学习 MT4/MT5 EA + 免费EA解析 + 设计/编译/测试
心跳断: 82783秒前 (3×stale=900s)
进度: {'current': 0, 'message': '[3/6 ✓] 写完 REPORT.md. heartbeat 改 5min, 继续设计 EA 稿', 'total': 0}
→ 子 agent 已冻结，等你拍板（重试/换思路/取消）
[09:06:12] PUSH [error] 🚨 任务升级到 escalate: t-20260612-093433-1ce224
角色: researcher 等级: L
目标: 长期任务: 联网学习 MT4/MT5 EA + 免费EA解析 + 设计/编译/测试
心跳断: 82843秒前 (3×stale=900s)
进度: {'current': 0, 'message': '[3/6 ✓] 写完 REPORT.md. heartbeat 改 5min, 继续设计 EA 稿', 'total': 0}
→ 子 agent 已冻结，等你拍板（重试/换思路/取消）
[09:07:12] PUSH [error] 🚨 任务升级到 escalate: t-20260612-093433-1ce224
角色: researcher 等级: L
目标: 长期任务: 联网学习 MT4/MT5 EA + 免费EA解析 + 设计/编译/测试
心跳断: 82903秒前 (3×stale=900s)
进度: {'current': 0, 'message': '[3/6 ✓] 写完 REPORT.md. heartbeat 改 5min, 继续设计 EA 稿', 'total': 0}
→ 子 agent 已冻结，等你拍板（重试/换思路/取消）
[09:08:12] PUSH [error] 🚨 任务升级到 escalate: t-20260612-093433-1ce224
角色: researcher 等级: L
目标: 长期任务: 联网学习 MT4/MT5 EA + 免费EA解析 + 设计/编译/测试
心跳断: 82963秒前 (3×stale=900s)
进度: {'current': 0, 'message': '[3/6 ✓] 写完 REPORT.md. heartbeat 改 5min, 继续设计 EA 稿', 'total': 0}
→ 子 agent 已冻结，等你拍板（重试/换思路/取消）
[09:09:12] PUSH [error] 🚨 任务升级到 escalate: t-20260612-093433-1ce224
角色: researcher 等级: L
目标: 长期任务: 联网学习 MT4/MT5 EA + 免费EA解析 + 设计/编译/测试
心跳断: 83023秒前 (3×stale=900s)
进度: {'current': 0, 'message': '[3/6 ✓] 写完 REPORT.md. heartbeat 改 5min, 继续设计 EA 稿', 'total': 0}
→ 子 agent 已冻结，等你拍板（重试/换思路/取消）
[09:10:12] PUSH [error] 🚨 任务升级到 escalate: t-20260612-093433-1ce224
角色: researcher 等级: L
目标: 长期任务: 联网学习 MT4/MT5 EA + 免费EA解析 + 设计/编译/测试
心跳断: 83083秒前 (3×stale=900s)
进度: {'current': 0, 'message': '[3/6 ✓] 写完 REPORT.md. heartbeat 改 5min, 继续设计 EA 稿', 'total': 0}
→ 子 agent 已冻结，等你拍板（重试/换思路/取消）
[09:11:13] PUSH [error] 🚨 任务升级到 escalate: t-20260612-093433-1ce224
角色: researcher 等级: L
目标: 长期任务: 联网学习 MT4/MT5 EA + 免费EA解析 + 设计/编译/测试
心跳断: 83143秒前 (3×stale=900s)
进度: {'current': 0, 'message': '[3/6 ✓] 写完 REPORT.md. heartbeat 改 5min, 继续设计 EA 稿', 'total': 0}
→ 子 agent 已冻结，等你拍板（重试/换思路/取消）
[09:12:13] PUSH [error] 🚨 任务升级到 escalate: t-20260612-093433-1ce224
角色: researcher 等级: L
目标: 长期任务: 联网学习 MT4/MT5 EA + 免费EA解析 + 设计/编译/测试
心跳断: 83204秒前 (3×stale=900s)
进度: {'current': 0, 'message': '[3/6 ✓] 写完 REPORT.md. heartbeat 改 5min, 继续设计 EA 稿', 'total': 0}
→ 子 agent 已冻结，等你拍板（重试/换思路/取消）
[09:13:13] PUSH [error] 🚨 任务升级到 escalate: t-20260612-093433-1ce224
角色: researcher 等级: L
目标: 长期任务: 联网学习 MT4/MT5 EA + 免费EA解析 + 设计/编译/测试
心跳断: 83264秒前 (3×stale=900s)
进度: {'current': 0, 'message': '[3/6 ✓] 写完 REPORT.md. heartbeat 改 5min, 继续设计 EA 稿', 'total': 0}
→ 子 agent 已冻结，等你拍板（重试/换思路/取消）
[09:14:13] PUSH [error] 🚨 任务升级到 escalate: t-20260612-093433-1ce224
角色: researcher 等级: L
目标: 长期任务: 联网学习 MT4/MT5 EA + 免费EA解析 + 设计/编译/测试
心跳断: 83324秒前 (3×stale=900s)
进度: {'current': 0, 'message': '[3/6 ✓] 写完 REPORT.md. heartbeat 改 5min, 继续设计 EA 稿', 'total': 0}
→ 子 agent 已冻结，等你拍板（重试/换思路/取消）
[09:15:13] PUSH [error] 🚨 任务升级到 escalate: t-20260612-093433-1ce224
角色: researcher 等级: L
目标: 长期任务: 联网学习 MT4/MT5 EA + 免费EA解析 + 设计/编译/测试
心跳断: 83384秒前 (3×stale=900s)
进度: {'current': 0, 'message': '[3/6 ✓] 写完 REPORT.md. heartbeat 改 5min, 继续设计 EA 稿', 'total': 0}
→ 子 agent 已冻结，等你拍板（重试/换思路/取消）
[09:16:13] PUSH [error] 🚨 任务升级到 escalate: t-20260612-093433-1ce224
角色: researcher 等级: L
目标: 长期任务: 联网学习 MT4/MT5 EA + 免费EA解析 + 设计/编译/测试
心跳断: 83444秒前 (3×stale=900s)
进度: {'current': 0, 'message': '[3/6 ✓] 写完 REPORT.md. heartbeat 改 5min, 继续设计 EA 稿', 'total': 0}
→ 子 agent 已冻结，等你拍板（重试/换思路/取消）
[09:17:13] PUSH [error] 🚨 任务升级到 escalate: t-20260612-093433-1ce224
角色: researcher 等级: L
目标: 长期任务: 联网学习 MT4/MT5 EA + 免费EA解析 + 设计/编译/测试
心跳断: 83504秒前 (3×stale=900s)
进度: {'current': 0, 'message': '[3/6 ✓] 写完 REPORT.md. heartbeat 改 5min, 继续设计 EA 稿', 'total': 0}
→ 子 agent 已冻结，等你拍板（重试/换思路/取消）
[09:18:13] PUSH [error] 🚨 任务升级到 escalate: t-20260612-093433-1ce224
角色: researcher 等级: L
目标: 长期任务: 联网学习 MT4/MT5 EA + 免费EA解析 + 设计/编译/测试
心跳断: 83564秒前 (3×stale=900s)
进度: {'current': 0, 'message': '[3/6 ✓] 写完 REPORT.md. heartbeat 改 5min, 继续设计 EA 稿', 'total': 0}
→ 子 agent 已冻结，等你拍板（重试/换思路/取消）
[09:19:13] PUSH [error] 🚨 任务升级到 escalate: t-20260612-093433-1ce224
角色: researcher 等级: L
目标: 长期任务: 联网学习 MT4/MT5 EA + 免费EA解析 + 设计/编译/测试
心跳断: 83624秒前 (3×stale=900s)
进度: {'current': 0, 'message': '[3/6 ✓] 写完 REPORT.md. heartbeat 改 5min, 继续设计 EA 稿', 'total': 0}
→ 子 agent 已冻结，等你拍板（重试/换思路/取消）
[09:20:13] PUSH [error] 🚨 任务升级到 escalate: t-20260612-093433-1ce224
角色: researcher 等级: L
目标: 长期任务: 联网学习 MT4/MT5 EA + 免费EA解析 + 设计/编译/测试
心跳断: 83684秒前 (3×stale=900s)
进度: {'current': 0, 'message': '[3/6 ✓] 写完 REPORT.md. heartbeat 改 5min, 继续设计 EA 稿', 'total': 0}
→ 子 agent 已冻结，等你拍板（重试/换思路/取消）
[09:21:13] PUSH [error] 🚨 任务升级到 escalate: t-20260612-093433-1ce224
角色: researcher 等级: L
目标: 长期任务: 联网学习 MT4/MT5 EA + 免费EA解析 + 设计/编译/测试
心跳断: 83744秒前 (3×stale=900s)
进度: {'current': 0, 'message': '[3/6 ✓] 写完 REPORT.md. heartbeat 改 5min, 继续设计 EA 稿', 'total': 0}
→ 子 agent 已冻结，等你拍板（重试/换思路/取消）
[09:22:13] PUSH [error] 🚨 任务升级到 escalate: t-20260612-093433-1ce224
角色: researcher 等级: L
目标: 长期任务: 联网学习 MT4/MT5 EA + 免费EA解析 + 设计/编译/测试
心跳断: 83804秒前 (3×stale=900s)
进度: {'current': 0, 'message': '[3/6 ✓] 写完 REPORT.md. heartbeat 改 5min, 继续设计 EA 稿', 'total': 0}
→ 子 agent 已冻结，等你拍板（重试/换思路/取消）
[09:23:13] PUSH [error] 🚨 任务升级到 escalate: t-20260612-093433-1ce224
角色: researcher 等级: L
目标: 长期任务: 联网学习 MT4/MT5 EA + 免费EA解析 + 设计/编译/测试
心跳断: 83864秒前 (3×stale=900s)
进度: {'current': 0, 'message': '[3/6 ✓] 写完 REPORT.md. heartbeat 改 5min, 继续设计 EA 稿', 'total': 0}
→ 子 agent 已冻结，等你拍板（重试/换思路/取消）
[09:24:13] PUSH [error] 🚨 任务升级到 escalate: t-20260612-093433-1ce224
角色: researcher 等级: L
目标: 长期任务: 联网学习 MT4/MT5 EA + 免费EA解析 + 设计/编译/测试
心跳断: 83924秒前 (3×stale=900s)
进度: {'current': 0, 'message': '[3/6 ✓] 写完 REPORT.md. heartbeat 改 5min, 继续设计 EA 稿', 'total': 0}
→ 子 agent 已冻结，等你拍板（重试/换思路/取消）
[09:25:13] PUSH [error] 🚨 任务升级到 escalate: t-20260612-093433-1ce224
角色: researcher 等级: L
目标: 长期任务: 联网学习 MT4/MT5 EA + 免费EA解析 + 设计/编译/测试
心跳断: 83984秒前 (3×stale=900s)
进度: {'current': 0, 'message': '[3/6 ✓] 写完 REPORT.md. heartbeat 改 5min, 继续设计 EA 稿', 'total': 0}
→ 子 agent 已冻结，等你拍板（重试/换思路/取消）
[09:26:13] PUSH [error] 🚨 任务升级到 escalate: t-20260612-093433-1ce224
角色: researcher 等级: L
目标: 长期任务: 联网学习 MT4/MT5 EA + 免费EA解析 + 设计/编译/测试
心跳断: 84044秒前 (3×stale=900s)
进度: {'current': 0, 'message': '[3/6 ✓] 写完 REPORT.md. heartbeat 改 5min, 继续设计 EA 稿', 'total': 0}
→ 子 agent 已冻结，等你拍板（重试/换思路/取消）
[09:27:13] PUSH [error] 🚨 任务升级到 escalate: t-20260612-093433-1ce224
角色: researcher 等级: L
目标: 长期任务: 联网学习 MT4/MT5 EA + 免费EA解析 + 设计/编译/测试
心跳断: 84104秒前 (3×stale=900s)
进度: {'current': 0, 'message': '[3/6 ✓] 写完 REPORT.md. heartbeat 改 5min, 继续设计 EA 稿', 'total': 0}
→ 子 agent 已冻结，等你拍板（重试/换思路/取消）
[09:28:13] PUSH [error] 🚨 任务升级到 escalate: t-20260612-093433-1ce224
角色: researcher 等级: L
目标: 长期任务: 联网学习 MT4/MT5 EA + 免费EA解析 + 设计/编译/测试
心跳断: 84164秒前 (3×stale=900s)
进度: {'current': 0, 'message': '[3/6 ✓] 写完 REPORT.md. heartbeat 改 5min, 继续设计 EA 稿', 'total': 0}
→ 子 agent 已冻结，等你拍板（重试/换思路/取消）
[09:29:13] PUSH [error] 🚨 任务升级到 escalate: t-20260612-093433-1ce224
角色: researcher 等级: L
目标: 长期任务: 联网学习 MT4/MT5 EA + 免费EA解析 + 设计/编译/测试
心跳断: 84224秒前 (3×stale=900s)
进度: {'current': 0, 'message': '[3/6 ✓] 写完 REPORT.md. heartbeat 改 5min, 继续设计 EA 稿', 'total': 0}
→ 子 agent 已冻结，等你拍板（重试/换思路/取消）
[09:30:13] PUSH [error] 🚨 任务升级到 escalate: t-20260612-093433-1ce224
角色: researcher 等级: L
目标: 长期任务: 联网学习 MT4/MT5 EA + 免费EA解析 + 设计/编译/测试
心跳断: 84284秒前 (3×stale=900s)
进度: {'current': 0, 'message': '[3/6 ✓] 写完 REPORT.md. heartbeat 改 5min, 继续设计 EA 稿', 'total': 0}
→ 子 agent 已冻结，等你拍板（重试/换思路/取消）
[09:31:13] PUSH [error] 🚨 任务升级到 escalate: t-20260612-093433-1ce224
角色: researcher 等级: L
目标: 长期任务: 联网学习 MT4/MT5 EA + 免费EA解析 + 设计/编译/测试
心跳断: 84344秒前 (3×stale=900s)
进度: {'current': 0, 'message': '[3/6 ✓] 写完 REPORT.md. heartbeat 改 5min, 继续设计 EA 稿', 'total': 0}
→ 子 agent 已冻结，等你拍板（重试/换思路/取消）
[09:32:13] PUSH [error] 🚨 任务升级到 escalate: t-20260612-093433-1ce224
角色: researcher 等级: L
目标: 长期任务: 联网学习 MT4/MT5 EA + 免费EA解析 + 设计/编译/测试
心跳断: 84404秒前 (3×stale=900s)
进度: {'current': 0, 'message': '[3/6 ✓] 写完 REPORT.md. heartbeat 改 5min, 继续设计 EA 稿', 'total': 0}
→ 子 agent 已冻结，等你拍板（重试/换思路/取消）
[09:33:13] PUSH [error] 🚨 任务升级到 escalate: t-20260612-093433-1ce224
角色: researcher 等级: L
目标: 长期任务: 联网学习 MT4/MT5 EA + 免费EA解析 + 设计/编译/测试
心跳断: 84464秒前 (3×stale=900s)
进度: {'current': 0, 'message': '[3/6 ✓] 写完 REPORT.md. heartbeat 改 5min, 继续设计 EA 稿', 'total': 0}
→ 子 agent 已冻结，等你拍板（重试/换思路/取消）
[09:34:13] PUSH [error] 🚨 任务升级到 escalate: t-20260612-093433-1ce224
角色: researcher 等级: L
目标: 长期任务: 联网学习 MT4/MT5 EA + 免费EA解析 + 设计/编译/测试
心跳断: 84524秒前 (3×stale=900s)
进度: {'current': 0, 'message': '[3/6 ✓] 写完 REPORT.md. heartbeat 改 5min, 继续设计 EA 稿', 'total': 0}
→ 子 agent 已冻结，等你拍板（重试/换思路/取消）
[09:35:13] PUSH [error] 🚨 任务升级到 escalate: t-20260612-093433-1ce224
角色: researcher 等级: L
目标: 长期任务: 联网学习 MT4/MT5 EA + 免费EA解析 + 设计/编译/测试
心跳断: 84584秒前 (3×stale=900s)
进度: {'current': 0, 'message': '[3/6 ✓] 写完 REPORT.md. heartbeat 改 5min, 继续设计 EA 稿', 'total': 0}
→ 子 agent 已冻结，等你拍板（重试/换思路/取消）
[09:36:13] PUSH [error] 🚨 任务升级到 escalate: t-20260612-093433-1ce224
角色: researcher 等级: L
目标: 长期任务: 联网学习 MT4/MT5 EA + 免费EA解析 + 设计/编译/测试
心跳断: 84644秒前 (3×stale=900s)
进度: {'current': 0, 'message': '[3/6 ✓] 写完 REPORT.md. heartbeat 改 5min, 继续设计 EA 稿', 'total': 0}
→ 子 agent 已冻结，等你拍板（重试/换思路/取消）
[09:37:13] PUSH [error] 🚨 任务升级到 escalate: t-20260612-093433-1ce224
角色: researcher 等级: L
目标: 长期任务: 联网学习 MT4/MT5 EA + 免费EA解析 + 设计/编译/测试
心跳断: 84704秒前 (3×stale=900s)
进度: {'current': 0, 'message': '[3/6 ✓] 写完 REPORT.md. heartbeat 改 5min, 继续设计 EA 稿', 'total': 0}
→ 子 agent 已冻结，等你拍板（重试/换思路/取消）
[09:38:13] PUSH [error] 🚨 任务升级到 escalate: t-20260612-093433-1ce224
角色: researcher 等级: L
目标: 长期任务: 联网学习 MT4/MT5 EA + 免费EA解析 + 设计/编译/测试
心跳断: 84764秒前 (3×stale=900s)
进度: {'current': 0, 'message': '[3/6 ✓] 写完 REPORT.md. heartbeat 改 5min, 继续设计 EA 稿', 'total': 0}
→ 子 agent 已冻结，等你拍板（重试/换思路/取消）
[09:39:13] PUSH [error] 🚨 任务升级到 escalate: t-20260612-093433-1ce224
角色: researcher 等级: L
目标: 长期任务: 联网学习 MT4/MT5 EA + 免费EA解析 + 设计/编译/测试
心跳断: 84824秒前 (3×stale=900s)
进度: {'current': 0, 'message': '[3/6 ✓] 写完 REPORT.md. heartbeat 改 5min, 继续设计 EA 稿', 'total': 0}
→ 子 agent 已冻结，等你拍板（重试/换思路/取消）
[09:40:13] PUSH [error] 🚨 任务升级到 escalate: t-20260612-093433-1ce224
角色: researcher 等级: L
目标: 长期任务: 联网学习 MT4/MT5 EA + 免费EA解析 + 设计/编译/测试
心跳断: 84884秒前 (3×stale=900s)
进度: {'current': 0, 'message': '[3/6 ✓] 写完 REPORT.md. heartbeat 改 5min, 继续设计 EA 稿', 'total': 0}
→ 子 agent 已冻结，等你拍板（重试/换思路/取消）
[09:41:13] PUSH [error] 🚨 任务升级到 escalate: t-20260612-093433-1ce224
角色: researcher 等级: L
目标: 长期任务: 联网学习 MT4/MT5 EA + 免费EA解析 + 设计/编译/测试
心跳断: 84944秒前 (3×stale=900s)
进度: {'current': 0, 'message': '[3/6 ✓] 写完 REPORT.md. heartbeat 改 5min, 继续设计 EA 稿', 'total': 0}
→ 子 agent 已冻结，等你拍板（重试/换思路/取消）
[09:42:13] PUSH [error] 🚨 任务升级到 escalate: t-20260612-093433-1ce224
角色: researcher 等级: L
目标: 长期任务: 联网学习 MT4/MT5 EA + 免费EA解析 + 设计/编译/测试
心跳断: 85004秒前 (3×stale=900s)
进度: {'current': 0, 'message': '[3/6 ✓] 写完 REPORT.md. heartbeat 改 5min, 继续设计 EA 稿', 'total': 0}
→ 子 agent 已冻结，等你拍板（重试/换思路/取消）
[09:43:13] PUSH [error] 🚨 任务升级到 escalate: t-20260612-093433-1ce224
角色: researcher 等级: L
目标: 长期任务: 联网学习 MT4/MT5 EA + 免费EA解析 + 设计/编译/测试
心跳断: 85064秒前 (3×stale=900s)
进度: {'current': 0, 'message': '[3/6 ✓] 写完 REPORT.md. heartbeat 改 5min, 继续设计 EA 稿', 'total': 0}
→ 子 agent 已冻结，等你拍板（重试/换思路/取消）
[09:44:13] PUSH [error] 🚨 任务升级到 escalate: t-20260612-093433-1ce224
角色: researcher 等级: L
目标: 长期任务: 联网学习 MT4/MT5 EA + 免费EA解析 + 设计/编译/测试
心跳断: 85124秒前 (3×stale=900s)
进度: {'current': 0, 'message': '[3/6 ✓] 写完 REPORT.md. heartbeat 改 5min, 继续设计 EA 稿', 'total': 0}
→ 子 agent 已冻结，等你拍板（重试/换思路/取消）
[09:45:13] PUSH [error] 🚨 任务升级到 escalate: t-20260612-093433-1ce224
角色: researcher 等级: L
目标: 长期任务: 联网学习 MT4/MT5 EA + 免费EA解析 + 设计/编译/测试
心跳断: 85184秒前 (3×stale=900s)
进度: {'current': 0, 'message': '[3/6 ✓] 写完 REPORT.md. heartbeat 改 5min, 继续设计 EA 稿', 'total': 0}
→ 子 agent 已冻结，等你拍板（重试/换思路/取消）
[09:46:13] PUSH [error] 🚨 任务升级到 escalate: t-20260612-093433-1ce224
角色: researcher 等级: L
目标: 长期任务: 联网学习 MT4/MT5 EA + 免费EA解析 + 设计/编译/测试
心跳断: 85244秒前 (3×stale=900s)
进度: {'current': 0, 'message': '[3/6 ✓] 写完 REPORT.md. heartbeat 改 5min, 继续设计 EA 稿', 'total': 0}
→ 子 agent 已冻结，等你拍板（重试/换思路/取消）
[09:47:13] PUSH [error] 🚨 任务升级到 escalate: t-20260612-093433-1ce224
角色: researcher 等级: L
目标: 长期任务: 联网学习 MT4/MT5 EA + 免费EA解析 + 设计/编译/测试
心跳断: 85304秒前 (3×stale=900s)
进度: {'current': 0, 'message': '[3/6 ✓] 写完 REPORT.md. heartbeat 改 5min, 继续设计 EA 稿', 'total': 0}
→ 子 agent 已冻结，等你拍板（重试/换思路/取消）
[09:48:13] PUSH [error] 🚨 任务升级到 escalate: t-20260612-093433-1ce224
角色: researcher 等级: L
目标: 长期任务: 联网学习 MT4/MT5 EA + 免费EA解析 + 设计/编译/测试
心跳断: 85364秒前 (3×stale=900s)
进度: {'current': 0, 'message': '[3/6 ✓] 写完 REPORT.md. heartbeat 改 5min, 继续设计 EA 稿', 'total': 0}
→ 子 agent 已冻结，等你拍板（重试/换思路/取消）
[09:49:13] PUSH [error] 🚨 任务升级到 escalate: t-20260612-093433-1ce224
角色: researcher 等级: L
目标: 长期任务: 联网学习 MT4/MT5 EA + 免费EA解析 + 设计/编译/测试
心跳断: 85424秒前 (3×stale=900s)
进度: {'current': 0, 'message': '[3/6 ✓] 写完 REPORT.md. heartbeat 改 5min, 继续设计 EA 稿', 'total': 0}
→ 子 agent 已冻结，等你拍板（重试/换思路/取消）
[09:50:13] PUSH [error] 🚨 任务升级到 escalate: t-20260612-093433-1ce224
角色: researcher 等级: L
目标: 长期任务: 联网学习 MT4/MT5 EA + 免费EA解析 + 设计/编译/测试
心跳断: 85484秒前 (3×stale=900s)
进度: {'current': 0, 'message': '[3/6 ✓] 写完 REPORT.md. heartbeat 改 5min, 继续设计 EA 稿', 'total': 0}
→ 子 agent 已冻结，等你拍板（重试/换思路/取消）
[09:51:13] PUSH [error] 🚨 任务升级到 escalate: t-20260612-093433-1ce224
角色: researcher 等级: L
目标: 长期任务: 联网学习 MT4/MT5 EA + 免费EA解析 + 设计/编译/测试
心跳断: 85544秒前 (3×stale=900s)
进度: {'current': 0, 'message': '[3/6 ✓] 写完 REPORT.md. heartbeat 改 5min, 继续设计 EA 稿', 'total': 0}
→ 子 agent 已冻结，等你拍板（重试/换思路/取消）
[09:52:14] PUSH [error] 🚨 任务升级到 escalate: t-20260612-093433-1ce224
角色: researcher 等级: L
目标: 长期任务: 联网学习 MT4/MT5 EA + 免费EA解析 + 设计/编译/测试
心跳断: 85604秒前 (3×stale=900s)
进度: {'current': 0, 'message': '[3/6 ✓] 写完 REPORT.md. heartbeat 改 5min, 继续设计 EA 稿', 'total': 0}
→ 子 agent 已冻结，等你拍板（重试/换思路/取消）
[09:53:14] PUSH [error] 🚨 任务升级到 escalate: t-20260612-093433-1ce224
角色: researcher 等级: L
目标: 长期任务: 联网学习 MT4/MT5 EA + 免费EA解析 + 设计/编译/测试
心跳断: 85665秒前 (3×stale=900s)
进度: {'current': 0, 'message': '[3/6 ✓] 写完 REPORT.md. heartbeat 改 5min, 继续设计 EA 稿', 'total': 0}
→ 子 agent 已冻结，等你拍板（重试/换思路/取消）
[09:54:14] PUSH [error] 🚨 任务升级到 escalate: t-20260612-093433-1ce224
角色: researcher 等级: L
目标: 长期任务: 联网学习 MT4/MT5 EA + 免费EA解析 + 设计/编译/测试
心跳断: 85725秒前 (3×stale=900s)
进度: {'current': 0, 'message': '[3/6 ✓] 写完 REPORT.md. heartbeat 改 5min, 继续设计 EA 稿', 'total': 0}
→ 子 agent 已冻结，等你拍板（重试/换思路/取消）
[09:55:14] PUSH [error] 🚨 任务升级到 escalate: t-20260612-093433-1ce224
角色: researcher 等级: L
目标: 长期任务: 联网学习 MT4/MT5 EA + 免费EA解析 + 设计/编译/测试
心跳断: 85785秒前 (3×stale=900s)
进度: {'current': 0, 'message': '[3/6 ✓] 写完 REPORT.md. heartbeat 改 5min, 继续设计 EA 稿', 'total': 0}
→ 子 agent 已冻结，等你拍板（重试/换思路/取消）
[09:56:14] PUSH [error] 🚨 任务升级到 escalate: t-20260612-093433-1ce224
角色: researcher 等级: L
目标: 长期任务: 联网学习 MT4/MT5 EA + 免费EA解析 + 设计/编译/测试
心跳断: 85845秒前 (3×stale=900s)
进度: {'current': 0, 'message': '[3/6 ✓] 写完 REPORT.md. heartbeat 改 5min, 继续设计 EA 稿', 'total': 0}
→ 子 agent 已冻结，等你拍板（重试/换思路/取消）
[09:57:14] PUSH [error] 🚨 任务升级到 escalate: t-20260612-093433-1ce224
角色: researcher 等级: L
目标: 长期任务: 联网学习 MT4/MT5 EA + 免费EA解析 + 设计/编译/测试
心跳断: 85905秒前 (3×stale=900s)
进度: {'current': 0, 'message': '[3/6 ✓] 写完 REPORT.md. heartbeat 改 5min, 继续设计 EA 稿', 'total': 0}
→ 子 agent 已冻结，等你拍板（重试/换思路/取消）
[09:58:14] PUSH [error] 🚨 任务升级到 escalate: t-20260612-093433-1ce224
角色: researcher 等级: L
目标: 长期任务: 联网学习 MT4/MT5 EA + 免费EA解析 + 设计/编译/测试
心跳断: 85965秒前 (3×stale=900s)
进度: {'current': 0, 'message': '[3/6 ✓] 写完 REPORT.md. heartbeat 改 5min, 继续设计 EA 稿', 'total': 0}
→ 子 agent 已冻结，等你拍板（重试/换思路/取消）
[09:59:14] PUSH [error] 🚨 任务升级到 escalate: t-20260612-093433-1ce224
角色: researcher 等级: L
目标: 长期任务: 联网学习 MT4/MT5 EA + 免费EA解析 + 设计/编译/测试
心跳断: 86025秒前 (3×stale=900s)
进度: {'current': 0, 'message': '[3/6 ✓] 写完 REPORT.md. heartbeat 改 5min, 继续设计 EA 稿', 'total': 0}
→ 子 agent 已冻结，等你拍板（重试/换思路/取消）
[10:00:14] PUSH [error] 🚨 任务升级到 escalate: t-20260612-093433-1ce224
角色: researcher 等级: L
目标: 长期任务: 联网学习 MT4/MT5 EA + 免费EA解析 + 设计/编译/测试
心跳断: 86085秒前 (3×stale=900s)
进度: {'current': 0, 'message': '[3/6 ✓] 写完 REPORT.md. heartbeat 改 5min, 继续设计 EA 稿', 'total': 0}
→ 子 agent 已冻结，等你拍板（重试/换思路/取消）
[10:01:14] PUSH [error] 🚨 任务升级到 escalate: t-20260612-093433-1ce224
角色: researcher 等级: L
目标: 长期任务: 联网学习 MT4/MT5 EA + 免费EA解析 + 设计/编译/测试
心跳断: 86145秒前 (3×stale=900s)
进度: {'current': 0, 'message': '[3/6 ✓] 写完 REPORT.md. heartbeat 改 5min, 继续设计 EA 稿', 'total': 0}
→ 子 agent 已冻结，等你拍板（重试/换思路/取消）
[10:02:14] PUSH [error] 🚨 任务升级到 escalate: t-20260612-093433-1ce224
角色: researcher 等级: L
目标: 长期任务: 联网学习 MT4/MT5 EA + 免费EA解析 + 设计/编译/测试
心跳断: 86205秒前 (3×stale=900s)
进度: {'current': 0, 'message': '[3/6 ✓] 写完 REPORT.md. heartbeat 改 5min, 继续设计 EA 稿', 'total': 0}
→ 子 agent 已冻结，等你拍板（重试/换思路/取消）
[10:03:14] PUSH [error] 🚨 任务升级到 escalate: t-20260612-093433-1ce224
角色: researcher 等级: L
目标: 长期任务: 联网学习 MT4/MT5 EA + 免费EA解析 + 设计/编译/测试
心跳断: 86265秒前 (3×stale=900s)
进度: {'current': 0, 'message': '[3/6 ✓] 写完 REPORT.md. heartbeat 改 5min, 继续设计 EA 稿', 'total': 0}
→ 子 agent 已冻结，等你拍板（重试/换思路/取消）
[10:04:14] PUSH [error] 🚨 任务升级到 escalate: t-20260612-093433-1ce224
角色: researcher 等级: L
目标: 长期任务: 联网学习 MT4/MT5 EA + 免费EA解析 + 设计/编译/测试
心跳断: 86325秒前 (3×stale=900s)
进度: {'current': 0, 'message': '[3/6 ✓] 写完 REPORT.md. heartbeat 改 5min, 继续设计 EA 稿', 'total': 0}
→ 子 agent 已冻结，等你拍板（重试/换思路/取消）
[10:05:14] PUSH [error] 🚨 任务升级到 escalate: t-20260612-093433-1ce224
角色: researcher 等级: L
目标: 长期任务: 联网学习 MT4/MT5 EA + 免费EA解析 + 设计/编译/测试
心跳断: 86385秒前 (3×stale=900s)
进度: {'current': 0, 'message': '[3/6 ✓] 写完 REPORT.md. heartbeat 改 5min, 继续设计 EA 稿', 'total': 0}
→ 子 agent 已冻结，等你拍板（重试/换思路/取消）
[10:06:14] PUSH [error] ⏰ 任务假死: t-20260612-093433-1ce224
角色: researcher
目标: 长期任务: 联网学习 MT4/MT5 EA + 免费EA解析 + 设计/编译/测试
心跳断: 86445秒前 (阈值 86400s)
进度: {'current': 0, 'message': '[3/6 ✓] 写完 REPORT.md. heartbeat 改 5min, 继续设计 EA 稿', 'total': 0}
