[10:20:39] PUSH [error] 🚨 任务升级到 escalate: t-20260612-093433-1ce224
角色: researcher 等级: L
目标: 长期任务: 联网学习 MT4/MT5 EA + 免费EA解析 + 设计/编译/测试
心跳断: 910秒前 (3×stale=900s)
进度: {'current': 0, 'message': '[3/6 ✓] 写完 REPORT.md. heartbeat 改 5min, 继续设计 EA 稿', 'total': 0}
→ 子 agent 已冻结，等你拍板（重试/换思路/取消）
[10:21:39] PUSH [error] 🚨 任务升级到 escalate: t-20260612-093433-1ce224
角色: researcher 等级: L
目标: 长期任务: 联网学习 MT4/MT5 EA + 免费EA解析 + 设计/编译/测试
心跳断: 970秒前 (3×stale=900s)
进度: {'current': 0, 'message': '[3/6 ✓] 写完 REPORT.md. heartbeat 改 5min, 继续设计 EA 稿', 'total': 0}
→ 子 agent 已冻结，等你拍板（重试/换思路/取消）
[10:22:39] PUSH [error] 🚨 任务升级到 escalate: t-20260612-093433-1ce224
角色: researcher 等级: L
目标: 长期任务: 联网学习 MT4/MT5 EA + 免费EA解析 + 设计/编译/测试
心跳断: 1030秒前 (3×stale=900s)
进度: {'current': 0, 'message': '[3/6 ✓] 写完 REPORT.md. heartbeat 改 5min, 继续设计 EA 稿', 'total': 0}
→ 子 agent 已冻结，等你拍板（重试/换思路/取消）
[10:23:39] PUSH [error] 🚨 任务升级到 escalate: t-20260612-093433-1ce224
角色: researcher 等级: L
目标: 长期任务: 联网学习 MT4/MT5 EA + 免费EA解析 + 设计/编译/测试
心跳断: 1090秒前 (3×stale=900s)
进度: {'current': 0, 'message': '[3/6 ✓] 写完 REPORT.md. heartbeat 改 5min, 继续设计 EA 稿', 'total': 0}
→ 子 agent 已冻结，等你拍板（重试/换思路/取消）
[10:24:39] PUSH [error] 🚨 任务升级到 escalate: t-20260612-093433-1ce224
角色: researcher 等级: L
目标: 长期任务: 联网学习 MT4/MT5 EA + 免费EA解析 + 设计/编译/测试
心跳断: 1150秒前 (3×stale=900s)
进度: {'current': 0, 'message': '[3/6 ✓] 写完 REPORT.md. heartbeat 改 5min, 继续设计 EA 稿', 'total': 0}
→ 子 agent 已冻结，等你拍板（重试/换思路/取消）
[10:25:39] PUSH [error] 🚨 任务升级到 escalate: t-20260612-093433-1ce224
角色: researcher 等级: L
目标: 长期任务: 联网学习 MT4/MT5 EA + 免费EA解析 + 设计/编译/测试
心跳断: 1210秒前 (3×stale=900s)
进度: {'current': 0, 'message': '[3/6 ✓] 写完 REPORT.md. heartbeat 改 5min, 继续设计 EA 稿', 'total': 0}
→ 子 agent 已冻结，等你拍板（重试/换思路/取消）
[10:26:39] PUSH [error] 🚨 任务升级到 escalate: t-20260612-093433-1ce224
角色: researcher 等级: L
目标: 长期任务: 联网学习 MT4/MT5 EA + 免费EA解析 + 设计/编译/测试
心跳断: 1270秒前 (3×stale=900s)
进度: {'current': 0, 'message': '[3/6 ✓] 写完 REPORT.md. heartbeat 改 5min, 继续设计 EA 稿', 'total': 0}
→ 子 agent 已冻结，等你拍板（重试/换思路/取消）
[10:27:39] PUSH [error] 🚨 任务升级到 escalate: t-20260612-093433-1ce224
角色: researcher 等级: L
目标: 长期任务: 联网学习 MT4/MT5 EA + 免费EA解析 + 设计/编译/测试
心跳断: 1330秒前 (3×stale=900s)
进度: {'current': 0, 'message': '[3/6 ✓] 写完 REPORT.md. heartbeat 改 5min, 继续设计 EA 稿', 'total': 0}
→ 子 agent 已冻结，等你拍板（重试/换思路/取消）
[10:28:39] PUSH [error] 🚨 任务升级到 escalate: t-20260612-093433-1ce224
角色: researcher 等级: L
目标: 长期任务: 联网学习 MT4/MT5 EA + 免费EA解析 + 设计/编译/测试
心跳断: 1390秒前 (3×stale=900s)
进度: {'current': 0, 'message': '[3/6 ✓] 写完 REPORT.md. heartbeat 改 5min, 继续设计 EA 稿', 'total': 0}
→ 子 agent 已冻结，等你拍板（重试/换思路/取消）
[10:29:39] PUSH [error] 🚨 任务升级到 escalate: t-20260612-093433-1ce224
角色: researcher 等级: L
目标: 长期任务: 联网学习 MT4/MT5 EA + 免费EA解析 + 设计/编译/测试
心跳断: 1450秒前 (3×stale=900s)
进度: {'current': 0, 'message': '[3/6 ✓] 写完 REPORT.md. heartbeat 改 5min, 继续设计 EA 稿', 'total': 0}
→ 子 agent 已冻结，等你拍板（重试/换思路/取消）
[10:30:39] PUSH [error] 🚨 任务升级到 escalate: t-20260612-093433-1ce224
角色: researcher 等级: L
目标: 长期任务: 联网学习 MT4/MT5 EA + 免费EA解析 + 设计/编译/测试
心跳断: 1510秒前 (3×stale=900s)
进度: {'current': 0, 'message': '[3/6 ✓] 写完 REPORT.md. heartbeat 改 5min, 继续设计 EA 稿', 'total': 0}
→ 子 agent 已冻结，等你拍板（重试/换思路/取消）
[10:31:40] PUSH [error] 🚨 任务升级到 escalate: t-20260612-093433-1ce224
角色: researcher 等级: L
目标: 长期任务: 联网学习 MT4/MT5 EA + 免费EA解析 + 设计/编译/测试
心跳断: 1570秒前 (3×stale=900s)
进度: {'current': 0, 'message': '[3/6 ✓] 写完 REPORT.md. heartbeat 改 5min, 继续设计 EA 稿', 'total': 0}
→ 子 agent 已冻结，等你拍板（重试/换思路/取消）
[10:32:40] PUSH [error] 🚨 任务升级到 escalate: t-20260612-093433-1ce224
角色: researcher 等级: L
目标: 长期任务: 联网学习 MT4/MT5 EA + 免费EA解析 + 设计/编译/测试
心跳断: 1631秒前 (3×stale=900s)
进度: {'current': 0, 'message': '[3/6 ✓] 写完 REPORT.md. heartbeat 改 5min, 继续设计 EA 稿', 'total': 0}
→ 子 agent 已冻结，等你拍板（重试/换思路/取消）
[10:33:40] PUSH [error] 🚨 任务升级到 escalate: t-20260612-093433-1ce224
角色: researcher 等级: L
目标: 长期任务: 联网学习 MT4/MT5 EA + 免费EA解析 + 设计/编译/测试
心跳断: 1691秒前 (3×stale=900s)
进度: {'current': 0, 'message': '[3/6 ✓] 写完 REPORT.md. heartbeat 改 5min, 继续设计 EA 稿', 'total': 0}
→ 子 agent 已冻结，等你拍板（重试/换思路/取消）
[10:34:40] PUSH [error] 🚨 任务升级到 escalate: t-20260612-093433-1ce224
角色: researcher 等级: L
目标: 长期任务: 联网学习 MT4/MT5 EA + 免费EA解析 + 设计/编译/测试
心跳断: 1751秒前 (3×stale=900s)
进度: {'current': 0, 'message': '[3/6 ✓] 写完 REPORT.md. heartbeat 改 5min, 继续设计 EA 稿', 'total': 0}
→ 子 agent 已冻结，等你拍板（重试/换思路/取消）
[10:35:40] PUSH [error] 🚨 任务升级到 escalate: t-20260612-093433-1ce224
角色: researcher 等级: L
目标: 长期任务: 联网学习 MT4/MT5 EA + 免费EA解析 + 设计/编译/测试
心跳断: 1811秒前 (3×stale=900s)
进度: {'current': 0, 'message': '[3/6 ✓] 写完 REPORT.md. heartbeat 改 5min, 继续设计 EA 稿', 'total': 0}
→ 子 agent 已冻结，等你拍板（重试/换思路/取消）
[10:36:40] PUSH [error] 🚨 任务升级到 escalate: t-20260612-093433-1ce224
角色: researcher 等级: L
目标: 长期任务: 联网学习 MT4/MT5 EA + 免费EA解析 + 设计/编译/测试
心跳断: 1871秒前 (3×stale=900s)
进度: {'current': 0, 'message': '[3/6 ✓] 写完 REPORT.md. heartbeat 改 5min, 继续设计 EA 稿', 'total': 0}
→ 子 agent 已冻结，等你拍板（重试/换思路/取消）
[10:37:40] PUSH [error] 🚨 任务升级到 escalate: t-20260612-093433-1ce224
角色: researcher 等级: L
目标: 长期任务: 联网学习 MT4/MT5 EA + 免费EA解析 + 设计/编译/测试
心跳断: 1931秒前 (3×stale=900s)
进度: {'current': 0, 'message': '[3/6 ✓] 写完 REPORT.md. heartbeat 改 5min, 继续设计 EA 稿', 'total': 0}
→ 子 agent 已冻结，等你拍板（重试/换思路/取消）
[10:38:40] PUSH [error] 🚨 任务升级到 escalate: t-20260612-093433-1ce224
角色: researcher 等级: L
目标: 长期任务: 联网学习 MT4/MT5 EA + 免费EA解析 + 设计/编译/测试
心跳断: 1991秒前 (3×stale=900s)
进度: {'current': 0, 'message': '[3/6 ✓] 写完 REPORT.md. heartbeat 改 5min, 继续设计 EA 稿', 'total': 0}
→ 子 agent 已冻结，等你拍板（重试/换思路/取消）
[10:39:40] PUSH [error] 🚨 任务升级到 escalate: t-20260612-093433-1ce224
角色: researcher 等级: L
目标: 长期任务: 联网学习 MT4/MT5 EA + 免费EA解析 + 设计/编译/测试
心跳断: 2051秒前 (3×stale=900s)
进度: {'current': 0, 'message': '[3/6 ✓] 写完 REPORT.md. heartbeat 改 5min, 继续设计 EA 稿', 'total': 0}
→ 子 agent 已冻结，等你拍板（重试/换思路/取消）
[10:40:40] PUSH [error] 🚨 任务升级到 escalate: t-20260612-093433-1ce224
角色: researcher 等级: L
目标: 长期任务: 联网学习 MT4/MT5 EA + 免费EA解析 + 设计/编译/测试
心跳断: 2111秒前 (3×stale=900s)
进度: {'current': 0, 'message': '[3/6 ✓] 写完 REPORT.md. heartbeat 改 5min, 继续设计 EA 稿', 'total': 0}
→ 子 agent 已冻结，等你拍板（重试/换思路/取消）
[10:41:40] PUSH [error] 🚨 任务升级到 escalate: t-20260612-093433-1ce224
角色: researcher 等级: L
目标: 长期任务: 联网学习 MT4/MT5 EA + 免费EA解析 + 设计/编译/测试
心跳断: 2171秒前 (3×stale=900s)
进度: {'current': 0, 'message': '[3/6 ✓] 写完 REPORT.md. heartbeat 改 5min, 继续设计 EA 稿', 'total': 0}
→ 子 agent 已冻结，等你拍板（重试/换思路/取消）
[10:42:40] PUSH [error] 🚨 任务升级到 escalate: t-20260612-093433-1ce224
角色: researcher 等级: L
目标: 长期任务: 联网学习 MT4/MT5 EA + 免费EA解析 + 设计/编译/测试
心跳断: 2231秒前 (3×stale=900s)
进度: {'current': 0, 'message': '[3/6 ✓] 写完 REPORT.md. heartbeat 改 5min, 继续设计 EA 稿', 'total': 0}
→ 子 agent 已冻结，等你拍板（重试/换思路/取消）
[10:43:40] PUSH [error] 🚨 任务升级到 escalate: t-20260612-093433-1ce224
角色: researcher 等级: L
目标: 长期任务: 联网学习 MT4/MT5 EA + 免费EA解析 + 设计/编译/测试
心跳断: 2291秒前 (3×stale=900s)
进度: {'current': 0, 'message': '[3/6 ✓] 写完 REPORT.md. heartbeat 改 5min, 继续设计 EA 稿', 'total': 0}
→ 子 agent 已冻结，等你拍板（重试/换思路/取消）
[10:44:40] PUSH [error] 🚨 任务升级到 escalate: t-20260612-093433-1ce224
角色: researcher 等级: L
目标: 长期任务: 联网学习 MT4/MT5 EA + 免费EA解析 + 设计/编译/测试
心跳断: 2351秒前 (3×stale=900s)
进度: {'current': 0, 'message': '[3/6 ✓] 写完 REPORT.md. heartbeat 改 5min, 继续设计 EA 稿', 'total': 0}
→ 子 agent 已冻结，等你拍板（重试/换思路/取消）
[10:45:40] PUSH [error] 🚨 任务升级到 escalate: t-20260612-093433-1ce224
角色: researcher 等级: L
目标: 长期任务: 联网学习 MT4/MT5 EA + 免费EA解析 + 设计/编译/测试
心跳断: 2411秒前 (3×stale=900s)
进度: {'current': 0, 'message': '[3/6 ✓] 写完 REPORT.md. heartbeat 改 5min, 继续设计 EA 稿', 'total': 0}
→ 子 agent 已冻结，等你拍板（重试/换思路/取消）
[10:46:40] PUSH [error] 🚨 任务升级到 escalate: t-20260612-093433-1ce224
角色: researcher 等级: L
目标: 长期任务: 联网学习 MT4/MT5 EA + 免费EA解析 + 设计/编译/测试
心跳断: 2471秒前 (3×stale=900s)
进度: {'current': 0, 'message': '[3/6 ✓] 写完 REPORT.md. heartbeat 改 5min, 继续设计 EA 稿', 'total': 0}
→ 子 agent 已冻结，等你拍板（重试/换思路/取消）
[10:47:40] PUSH [error] 🚨 任务升级到 escalate: t-20260612-093433-1ce224
角色: researcher 等级: L
目标: 长期任务: 联网学习 MT4/MT5 EA + 免费EA解析 + 设计/编译/测试
心跳断: 2531秒前 (3×stale=900s)
进度: {'current': 0, 'message': '[3/6 ✓] 写完 REPORT.md. heartbeat 改 5min, 继续设计 EA 稿', 'total': 0}
→ 子 agent 已冻结，等你拍板（重试/换思路/取消）
[10:48:40] PUSH [error] 🚨 任务升级到 escalate: t-20260612-093433-1ce224
角色: researcher 等级: L
目标: 长期任务: 联网学习 MT4/MT5 EA + 免费EA解析 + 设计/编译/测试
心跳断: 2591秒前 (3×stale=900s)
进度: {'current': 0, 'message': '[3/6 ✓] 写完 REPORT.md. heartbeat 改 5min, 继续设计 EA 稿', 'total': 0}
→ 子 agent 已冻结，等你拍板（重试/换思路/取消）
[10:49:40] PUSH [error] 🚨 任务升级到 escalate: t-20260612-093433-1ce224
角色: researcher 等级: L
目标: 长期任务: 联网学习 MT4/MT5 EA + 免费EA解析 + 设计/编译/测试
心跳断: 2651秒前 (3×stale=900s)
进度: {'current': 0, 'message': '[3/6 ✓] 写完 REPORT.md. heartbeat 改 5min, 继续设计 EA 稿', 'total': 0}
→ 子 agent 已冻结，等你拍板（重试/换思路/取消）
[10:50:40] PUSH [error] 🚨 任务升级到 escalate: t-20260612-093433-1ce224
角色: researcher 等级: L
目标: 长期任务: 联网学习 MT4/MT5 EA + 免费EA解析 + 设计/编译/测试
心跳断: 2711秒前 (3×stale=900s)
进度: {'current': 0, 'message': '[3/6 ✓] 写完 REPORT.md. heartbeat 改 5min, 继续设计 EA 稿', 'total': 0}
→ 子 agent 已冻结，等你拍板（重试/换思路/取消）
[10:51:40] PUSH [error] 🚨 任务升级到 escalate: t-20260612-093433-1ce224
角色: researcher 等级: L
目标: 长期任务: 联网学习 MT4/MT5 EA + 免费EA解析 + 设计/编译/测试
心跳断: 2771秒前 (3×stale=900s)
进度: {'current': 0, 'message': '[3/6 ✓] 写完 REPORT.md. heartbeat 改 5min, 继续设计 EA 稿', 'total': 0}
→ 子 agent 已冻结，等你拍板（重试/换思路/取消）
[10:52:40] PUSH [error] 🚨 任务升级到 escalate: t-20260612-093433-1ce224
角色: researcher 等级: L
目标: 长期任务: 联网学习 MT4/MT5 EA + 免费EA解析 + 设计/编译/测试
心跳断: 2831秒前 (3×stale=900s)
进度: {'current': 0, 'message': '[3/6 ✓] 写完 REPORT.md. heartbeat 改 5min, 继续设计 EA 稿', 'total': 0}
→ 子 agent 已冻结，等你拍板（重试/换思路/取消）
[10:53:40] PUSH [error] 🚨 任务升级到 escalate: t-20260612-093433-1ce224
角色: researcher 等级: L
目标: 长期任务: 联网学习 MT4/MT5 EA + 免费EA解析 + 设计/编译/测试
心跳断: 2891秒前 (3×stale=900s)
进度: {'current': 0, 'message': '[3/6 ✓] 写完 REPORT.md. heartbeat 改 5min, 继续设计 EA 稿', 'total': 0}
→ 子 agent 已冻结，等你拍板（重试/换思路/取消）
[10:54:40] PUSH [error] 🚨 任务升级到 escalate: t-20260612-093433-1ce224
角色: researcher 等级: L
目标: 长期任务: 联网学习 MT4/MT5 EA + 免费EA解析 + 设计/编译/测试
心跳断: 2951秒前 (3×stale=900s)
进度: {'current': 0, 'message': '[3/6 ✓] 写完 REPORT.md. heartbeat 改 5min, 继续设计 EA 稿', 'total': 0}
→ 子 agent 已冻结，等你拍板（重试/换思路/取消）
[10:55:40] PUSH [error] 🚨 任务升级到 escalate: t-20260612-093433-1ce224
角色: researcher 等级: L
目标: 长期任务: 联网学习 MT4/MT5 EA + 免费EA解析 + 设计/编译/测试
心跳断: 3011秒前 (3×stale=900s)
进度: {'current': 0, 'message': '[3/6 ✓] 写完 REPORT.md. heartbeat 改 5min, 继续设计 EA 稿', 'total': 0}
→ 子 agent 已冻结，等你拍板（重试/换思路/取消）
[10:56:40] PUSH [error] 🚨 任务升级到 escalate: t-20260612-093433-1ce224
角色: researcher 等级: L
目标: 长期任务: 联网学习 MT4/MT5 EA + 免费EA解析 + 设计/编译/测试
心跳断: 3071秒前 (3×stale=900s)
进度: {'current': 0, 'message': '[3/6 ✓] 写完 REPORT.md. heartbeat 改 5min, 继续设计 EA 稿', 'total': 0}
→ 子 agent 已冻结，等你拍板（重试/换思路/取消）
[10:57:40] PUSH [error] 🚨 任务升级到 escalate: t-20260612-093433-1ce224
角色: researcher 等级: L
目标: 长期任务: 联网学习 MT4/MT5 EA + 免费EA解析 + 设计/编译/测试
心跳断: 3131秒前 (3×stale=900s)
进度: {'current': 0, 'message': '[3/6 ✓] 写完 REPORT.md. heartbeat 改 5min, 继续设计 EA 稿', 'total': 0}
→ 子 agent 已冻结，等你拍板（重试/换思路/取消）
[10:58:40] PUSH [error] 🚨 任务升级到 escalate: t-20260612-093433-1ce224
角色: researcher 等级: L
目标: 长期任务: 联网学习 MT4/MT5 EA + 免费EA解析 + 设计/编译/测试
心跳断: 3191秒前 (3×stale=900s)
进度: {'current': 0, 'message': '[3/6 ✓] 写完 REPORT.md. heartbeat 改 5min, 继续设计 EA 稿', 'total': 0}
→ 子 agent 已冻结，等你拍板（重试/换思路/取消）
[10:59:40] PUSH [error] 🚨 任务升级到 escalate: t-20260612-093433-1ce224
角色: researcher 等级: L
目标: 长期任务: 联网学习 MT4/MT5 EA + 免费EA解析 + 设计/编译/测试
心跳断: 3251秒前 (3×stale=900s)
进度: {'current': 0, 'message': '[3/6 ✓] 写完 REPORT.md. heartbeat 改 5min, 继续设计 EA 稿', 'total': 0}
→ 子 agent 已冻结，等你拍板（重试/换思路/取消）
[11:00:40] PUSH [error] 🚨 任务升级到 escalate: t-20260612-093433-1ce224
角色: researcher 等级: L
目标: 长期任务: 联网学习 MT4/MT5 EA + 免费EA解析 + 设计/编译/测试
心跳断: 3311秒前 (3×stale=900s)
进度: {'current': 0, 'message': '[3/6 ✓] 写完 REPORT.md. heartbeat 改 5min, 继续设计 EA 稿', 'total': 0}
→ 子 agent 已冻结，等你拍板（重试/换思路/取消）
[11:01:40] PUSH [error] 🚨 任务升级到 escalate: t-20260612-093433-1ce224
角色: researcher 等级: L
目标: 长期任务: 联网学习 MT4/MT5 EA + 免费EA解析 + 设计/编译/测试
心跳断: 3371秒前 (3×stale=900s)
进度: {'current': 0, 'message': '[3/6 ✓] 写完 REPORT.md. heartbeat 改 5min, 继续设计 EA 稿', 'total': 0}
→ 子 agent 已冻结，等你拍板（重试/换思路/取消）
[11:02:40] PUSH [error] 🚨 任务升级到 escalate: t-20260612-093433-1ce224
角色: researcher 等级: L
目标: 长期任务: 联网学习 MT4/MT5 EA + 免费EA解析 + 设计/编译/测试
心跳断: 3431秒前 (3×stale=900s)
进度: {'current': 0, 'message': '[3/6 ✓] 写完 REPORT.md. heartbeat 改 5min, 继续设计 EA 稿', 'total': 0}
→ 子 agent 已冻结，等你拍板（重试/换思路/取消）
[11:03:40] PUSH [error] 🚨 任务升级到 escalate: t-20260612-093433-1ce224
角色: researcher 等级: L
目标: 长期任务: 联网学习 MT4/MT5 EA + 免费EA解析 + 设计/编译/测试
心跳断: 3491秒前 (3×stale=900s)
进度: {'current': 0, 'message': '[3/6 ✓] 写完 REPORT.md. heartbeat 改 5min, 继续设计 EA 稿', 'total': 0}
→ 子 agent 已冻结，等你拍板（重试/换思路/取消）
[11:04:40] PUSH [error] 🚨 任务升级到 escalate: t-20260612-093433-1ce224
角色: researcher 等级: L
目标: 长期任务: 联网学习 MT4/MT5 EA + 免费EA解析 + 设计/编译/测试
心跳断: 3551秒前 (3×stale=900s)
进度: {'current': 0, 'message': '[3/6 ✓] 写完 REPORT.md. heartbeat 改 5min, 继续设计 EA 稿', 'total': 0}
→ 子 agent 已冻结，等你拍板（重试/换思路/取消）
[11:05:40] PUSH [error] 🚨 任务升级到 escalate: t-20260612-093433-1ce224
角色: researcher 等级: L
目标: 长期任务: 联网学习 MT4/MT5 EA + 免费EA解析 + 设计/编译/测试
心跳断: 3611秒前 (3×stale=900s)
进度: {'current': 0, 'message': '[3/6 ✓] 写完 REPORT.md. heartbeat 改 5min, 继续设计 EA 稿', 'total': 0}
→ 子 agent 已冻结，等你拍板（重试/换思路/取消）
[11:06:40] PUSH [error] 🚨 任务升级到 escalate: t-20260612-093433-1ce224
角色: researcher 等级: L
目标: 长期任务: 联网学习 MT4/MT5 EA + 免费EA解析 + 设计/编译/测试
心跳断: 3671秒前 (3×stale=900s)
进度: {'current': 0, 'message': '[3/6 ✓] 写完 REPORT.md. heartbeat 改 5min, 继续设计 EA 稿', 'total': 0}
→ 子 agent 已冻结，等你拍板（重试/换思路/取消）
[11:07:40] PUSH [error] 🚨 任务升级到 escalate: t-20260612-093433-1ce224
角色: researcher 等级: L
目标: 长期任务: 联网学习 MT4/MT5 EA + 免费EA解析 + 设计/编译/测试
心跳断: 3731秒前 (3×stale=900s)
进度: {'current': 0, 'message': '[3/6 ✓] 写完 REPORT.md. heartbeat 改 5min, 继续设计 EA 稿', 'total': 0}
→ 子 agent 已冻结，等你拍板（重试/换思路/取消）
[11:08:40] PUSH [error] 🚨 任务升级到 escalate: t-20260612-093433-1ce224
角色: researcher 等级: L
目标: 长期任务: 联网学习 MT4/MT5 EA + 免费EA解析 + 设计/编译/测试
心跳断: 3791秒前 (3×stale=900s)
进度: {'current': 0, 'message': '[3/6 ✓] 写完 REPORT.md. heartbeat 改 5min, 继续设计 EA 稿', 'total': 0}
→ 子 agent 已冻结，等你拍板（重试/换思路/取消）
[11:09:40] PUSH [error] 🚨 任务升级到 escalate: t-20260612-093433-1ce224
角色: researcher 等级: L
目标: 长期任务: 联网学习 MT4/MT5 EA + 免费EA解析 + 设计/编译/测试
心跳断: 3851秒前 (3×stale=900s)
进度: {'current': 0, 'message': '[3/6 ✓] 写完 REPORT.md. heartbeat 改 5min, 继续设计 EA 稿', 'total': 0}
→ 子 agent 已冻结，等你拍板（重试/换思路/取消）
[11:10:40] PUSH [error] 🚨 任务升级到 escalate: t-20260612-093433-1ce224
角色: researcher 等级: L
目标: 长期任务: 联网学习 MT4/MT5 EA + 免费EA解析 + 设计/编译/测试
心跳断: 3911秒前 (3×stale=900s)
进度: {'current': 0, 'message': '[3/6 ✓] 写完 REPORT.md. heartbeat 改 5min, 继续设计 EA 稿', 'total': 0}
→ 子 agent 已冻结，等你拍板（重试/换思路/取消）
[11:11:40] PUSH [error] 🚨 任务升级到 escalate: t-20260612-093433-1ce224
角色: researcher 等级: L
目标: 长期任务: 联网学习 MT4/MT5 EA + 免费EA解析 + 设计/编译/测试
心跳断: 3971秒前 (3×stale=900s)
进度: {'current': 0, 'message': '[3/6 ✓] 写完 REPORT.md. heartbeat 改 5min, 继续设计 EA 稿', 'total': 0}
→ 子 agent 已冻结，等你拍板（重试/换思路/取消）
[11:12:40] PUSH [error] 🚨 任务升级到 escalate: t-20260612-093433-1ce224
角色: researcher 等级: L
目标: 长期任务: 联网学习 MT4/MT5 EA + 免费EA解析 + 设计/编译/测试
心跳断: 4031秒前 (3×stale=900s)
进度: {'current': 0, 'message': '[3/6 ✓] 写完 REPORT.md. heartbeat 改 5min, 继续设计 EA 稿', 'total': 0}
→ 子 agent 已冻结，等你拍板（重试/换思路/取消）
[11:13:40] PUSH [error] 🚨 任务升级到 escalate: t-20260612-093433-1ce224
角色: researcher 等级: L
目标: 长期任务: 联网学习 MT4/MT5 EA + 免费EA解析 + 设计/编译/测试
心跳断: 4091秒前 (3×stale=900s)
进度: {'current': 0, 'message': '[3/6 ✓] 写完 REPORT.md. heartbeat 改 5min, 继续设计 EA 稿', 'total': 0}
→ 子 agent 已冻结，等你拍板（重试/换思路/取消）
[11:14:40] PUSH [error] 🚨 任务升级到 escalate: t-20260612-093433-1ce224
角色: researcher 等级: L
目标: 长期任务: 联网学习 MT4/MT5 EA + 免费EA解析 + 设计/编译/测试
心跳断: 4151秒前 (3×stale=900s)
进度: {'current': 0, 'message': '[3/6 ✓] 写完 REPORT.md. heartbeat 改 5min, 继续设计 EA 稿', 'total': 0}
→ 子 agent 已冻结，等你拍板（重试/换思路/取消）
[11:15:40] PUSH [error] 🚨 任务升级到 escalate: t-20260612-093433-1ce224
角色: researcher 等级: L
目标: 长期任务: 联网学习 MT4/MT5 EA + 免费EA解析 + 设计/编译/测试
心跳断: 4211秒前 (3×stale=900s)
进度: {'current': 0, 'message': '[3/6 ✓] 写完 REPORT.md. heartbeat 改 5min, 继续设计 EA 稿', 'total': 0}
→ 子 agent 已冻结，等你拍板（重试/换思路/取消）
[11:16:40] PUSH [error] 🚨 任务升级到 escalate: t-20260612-093433-1ce224
角色: researcher 等级: L
目标: 长期任务: 联网学习 MT4/MT5 EA + 免费EA解析 + 设计/编译/测试
心跳断: 4271秒前 (3×stale=900s)
进度: {'current': 0, 'message': '[3/6 ✓] 写完 REPORT.md. heartbeat 改 5min, 继续设计 EA 稿', 'total': 0}
→ 子 agent 已冻结，等你拍板（重试/换思路/取消）
[11:17:40] PUSH [error] 🚨 任务升级到 escalate: t-20260612-093433-1ce224
角色: researcher 等级: L
目标: 长期任务: 联网学习 MT4/MT5 EA + 免费EA解析 + 设计/编译/测试
心跳断: 4331秒前 (3×stale=900s)
进度: {'current': 0, 'message': '[3/6 ✓] 写完 REPORT.md. heartbeat 改 5min, 继续设计 EA 稿', 'total': 0}
→ 子 agent 已冻结，等你拍板（重试/换思路/取消）
[11:18:40] PUSH [error] 🚨 任务升级到 escalate: t-20260612-093433-1ce224
角色: researcher 等级: L
目标: 长期任务: 联网学习 MT4/MT5 EA + 免费EA解析 + 设计/编译/测试
心跳断: 4391秒前 (3×stale=900s)
进度: {'current': 0, 'message': '[3/6 ✓] 写完 REPORT.md. heartbeat 改 5min, 继续设计 EA 稿', 'total': 0}
→ 子 agent 已冻结，等你拍板（重试/换思路/取消）
[11:19:40] PUSH [error] 🚨 任务升级到 escalate: t-20260612-093433-1ce224
角色: researcher 等级: L
目标: 长期任务: 联网学习 MT4/MT5 EA + 免费EA解析 + 设计/编译/测试
心跳断: 4451秒前 (3×stale=900s)
进度: {'current': 0, 'message': '[3/6 ✓] 写完 REPORT.md. heartbeat 改 5min, 继续设计 EA 稿', 'total': 0}
→ 子 agent 已冻结，等你拍板（重试/换思路/取消）
[11:20:40] PUSH [error] 🚨 任务升级到 escalate: t-20260612-093433-1ce224
角色: researcher 等级: L
目标: 长期任务: 联网学习 MT4/MT5 EA + 免费EA解析 + 设计/编译/测试
心跳断: 4511秒前 (3×stale=900s)
进度: {'current': 0, 'message': '[3/6 ✓] 写完 REPORT.md. heartbeat 改 5min, 继续设计 EA 稿', 'total': 0}
→ 子 agent 已冻结，等你拍板（重试/换思路/取消）
[11:21:40] PUSH [error] 🚨 任务升级到 escalate: t-20260612-093433-1ce224
角色: researcher 等级: L
目标: 长期任务: 联网学习 MT4/MT5 EA + 免费EA解析 + 设计/编译/测试
心跳断: 4571秒前 (3×stale=900s)
进度: {'current': 0, 'message': '[3/6 ✓] 写完 REPORT.md. heartbeat 改 5min, 继续设计 EA 稿', 'total': 0}
→ 子 agent 已冻结，等你拍板（重试/换思路/取消）
[11:22:40] PUSH [error] 🚨 任务升级到 escalate: t-20260612-093433-1ce224
角色: researcher 等级: L
目标: 长期任务: 联网学习 MT4/MT5 EA + 免费EA解析 + 设计/编译/测试
心跳断: 4631秒前 (3×stale=900s)
进度: {'current': 0, 'message': '[3/6 ✓] 写完 REPORT.md. heartbeat 改 5min, 继续设计 EA 稿', 'total': 0}
→ 子 agent 已冻结，等你拍板（重试/换思路/取消）
[11:23:40] PUSH [error] 🚨 任务升级到 escalate: t-20260612-093433-1ce224
角色: researcher 等级: L
目标: 长期任务: 联网学习 MT4/MT5 EA + 免费EA解析 + 设计/编译/测试
心跳断: 4691秒前 (3×stale=900s)
进度: {'current': 0, 'message': '[3/6 ✓] 写完 REPORT.md. heartbeat 改 5min, 继续设计 EA 稿', 'total': 0}
→ 子 agent 已冻结，等你拍板（重试/换思路/取消）
[11:24:40] PUSH [error] 🚨 任务升级到 escalate: t-20260612-093433-1ce224
角色: researcher 等级: L
目标: 长期任务: 联网学习 MT4/MT5 EA + 免费EA解析 + 设计/编译/测试
心跳断: 4751秒前 (3×stale=900s)
进度: {'current': 0, 'message': '[3/6 ✓] 写完 REPORT.md. heartbeat 改 5min, 继续设计 EA 稿', 'total': 0}
→ 子 agent 已冻结，等你拍板（重试/换思路/取消）
[11:25:40] PUSH [error] 🚨 任务升级到 escalate: t-20260612-093433-1ce224
角色: researcher 等级: L
目标: 长期任务: 联网学习 MT4/MT5 EA + 免费EA解析 + 设计/编译/测试
心跳断: 4811秒前 (3×stale=900s)
进度: {'current': 0, 'message': '[3/6 ✓] 写完 REPORT.md. heartbeat 改 5min, 继续设计 EA 稿', 'total': 0}
→ 子 agent 已冻结，等你拍板（重试/换思路/取消）
[11:26:40] PUSH [error] 🚨 任务升级到 escalate: t-20260612-093433-1ce224
角色: researcher 等级: L
目标: 长期任务: 联网学习 MT4/MT5 EA + 免费EA解析 + 设计/编译/测试
心跳断: 4871秒前 (3×stale=900s)
进度: {'current': 0, 'message': '[3/6 ✓] 写完 REPORT.md. heartbeat 改 5min, 继续设计 EA 稿', 'total': 0}
→ 子 agent 已冻结，等你拍板（重试/换思路/取消）
[11:27:40] PUSH [error] 🚨 任务升级到 escalate: t-20260612-093433-1ce224
角色: researcher 等级: L
目标: 长期任务: 联网学习 MT4/MT5 EA + 免费EA解析 + 设计/编译/测试
心跳断: 4931秒前 (3×stale=900s)
进度: {'current': 0, 'message': '[3/6 ✓] 写完 REPORT.md. heartbeat 改 5min, 继续设计 EA 稿', 'total': 0}
→ 子 agent 已冻结，等你拍板（重试/换思路/取消）
[11:28:40] PUSH [error] 🚨 任务升级到 escalate: t-20260612-093433-1ce224
角色: researcher 等级: L
目标: 长期任务: 联网学习 MT4/MT5 EA + 免费EA解析 + 设计/编译/测试
心跳断: 4991秒前 (3×stale=900s)
进度: {'current': 0, 'message': '[3/6 ✓] 写完 REPORT.md. heartbeat 改 5min, 继续设计 EA 稿', 'total': 0}
→ 子 agent 已冻结，等你拍板（重试/换思路/取消）
[11:29:40] PUSH [error] 🚨 任务升级到 escalate: t-20260612-093433-1ce224
角色: researcher 等级: L
目标: 长期任务: 联网学习 MT4/MT5 EA + 免费EA解析 + 设计/编译/测试
心跳断: 5051秒前 (3×stale=900s)
进度: {'current': 0, 'message': '[3/6 ✓] 写完 REPORT.md. heartbeat 改 5min, 继续设计 EA 稿', 'total': 0}
→ 子 agent 已冻结，等你拍板（重试/换思路/取消）
[11:30:41] PUSH [error] 🚨 任务升级到 escalate: t-20260612-093433-1ce224
角色: researcher 等级: L
目标: 长期任务: 联网学习 MT4/MT5 EA + 免费EA解析 + 设计/编译/测试
心跳断: 5112秒前 (3×stale=900s)
进度: {'current': 0, 'message': '[3/6 ✓] 写完 REPORT.md. heartbeat 改 5min, 继续设计 EA 稿', 'total': 0}
→ 子 agent 已冻结，等你拍板（重试/换思路/取消）
[11:31:41] PUSH [error] 🚨 任务升级到 escalate: t-20260612-093433-1ce224
角色: researcher 等级: L
目标: 长期任务: 联网学习 MT4/MT5 EA + 免费EA解析 + 设计/编译/测试
心跳断: 5172秒前 (3×stale=900s)
进度: {'current': 0, 'message': '[3/6 ✓] 写完 REPORT.md. heartbeat 改 5min, 继续设计 EA 稿', 'total': 0}
→ 子 agent 已冻结，等你拍板（重试/换思路/取消）
[11:32:41] PUSH [error] 🚨 任务升级到 escalate: t-20260612-093433-1ce224
角色: researcher 等级: L
目标: 长期任务: 联网学习 MT4/MT5 EA + 免费EA解析 + 设计/编译/测试
心跳断: 5232秒前 (3×stale=900s)
进度: {'current': 0, 'message': '[3/6 ✓] 写完 REPORT.md. heartbeat 改 5min, 继续设计 EA 稿', 'total': 0}
→ 子 agent 已冻结，等你拍板（重试/换思路/取消）
[11:33:41] PUSH [error] 🚨 任务升级到 escalate: t-20260612-093433-1ce224
角色: researcher 等级: L
目标: 长期任务: 联网学习 MT4/MT5 EA + 免费EA解析 + 设计/编译/测试
心跳断: 5292秒前 (3×stale=900s)
进度: {'current': 0, 'message': '[3/6 ✓] 写完 REPORT.md. heartbeat 改 5min, 继续设计 EA 稿', 'total': 0}
→ 子 agent 已冻结，等你拍板（重试/换思路/取消）
[11:34:41] PUSH [error] 🚨 任务升级到 escalate: t-20260612-093433-1ce224
角色: researcher 等级: L
目标: 长期任务: 联网学习 MT4/MT5 EA + 免费EA解析 + 设计/编译/测试
心跳断: 5352秒前 (3×stale=900s)
进度: {'current': 0, 'message': '[3/6 ✓] 写完 REPORT.md. heartbeat 改 5min, 继续设计 EA 稿', 'total': 0}
→ 子 agent 已冻结，等你拍板（重试/换思路/取消）
[11:35:41] PUSH [error] 🚨 任务升级到 escalate: t-20260612-093433-1ce224
角色: researcher 等级: L
目标: 长期任务: 联网学习 MT4/MT5 EA + 免费EA解析 + 设计/编译/测试
心跳断: 5412秒前 (3×stale=900s)
进度: {'current': 0, 'message': '[3/6 ✓] 写完 REPORT.md. heartbeat 改 5min, 继续设计 EA 稿', 'total': 0}
→ 子 agent 已冻结，等你拍板（重试/换思路/取消）
[11:36:41] PUSH [error] 🚨 任务升级到 escalate: t-20260612-093433-1ce224
角色: researcher 等级: L
目标: 长期任务: 联网学习 MT4/MT5 EA + 免费EA解析 + 设计/编译/测试
心跳断: 5472秒前 (3×stale=900s)
进度: {'current': 0, 'message': '[3/6 ✓] 写完 REPORT.md. heartbeat 改 5min, 继续设计 EA 稿', 'total': 0}
→ 子 agent 已冻结，等你拍板（重试/换思路/取消）
[11:37:41] PUSH [error] 🚨 任务升级到 escalate: t-20260612-093433-1ce224
角色: researcher 等级: L
目标: 长期任务: 联网学习 MT4/MT5 EA + 免费EA解析 + 设计/编译/测试
心跳断: 5532秒前 (3×stale=900s)
进度: {'current': 0, 'message': '[3/6 ✓] 写完 REPORT.md. heartbeat 改 5min, 继续设计 EA 稿', 'total': 0}
→ 子 agent 已冻结，等你拍板（重试/换思路/取消）
[11:38:41] PUSH [error] 🚨 任务升级到 escalate: t-20260612-093433-1ce224
角色: researcher 等级: L
目标: 长期任务: 联网学习 MT4/MT5 EA + 免费EA解析 + 设计/编译/测试
心跳断: 5592秒前 (3×stale=900s)
进度: {'current': 0, 'message': '[3/6 ✓] 写完 REPORT.md. heartbeat 改 5min, 继续设计 EA 稿', 'total': 0}
→ 子 agent 已冻结，等你拍板（重试/换思路/取消）
[11:39:41] PUSH [error] 🚨 任务升级到 escalate: t-20260612-093433-1ce224
角色: researcher 等级: L
目标: 长期任务: 联网学习 MT4/MT5 EA + 免费EA解析 + 设计/编译/测试
心跳断: 5652秒前 (3×stale=900s)
进度: {'current': 0, 'message': '[3/6 ✓] 写完 REPORT.md. heartbeat 改 5min, 继续设计 EA 稿', 'total': 0}
→ 子 agent 已冻结，等你拍板（重试/换思路/取消）
[11:40:41] PUSH [error] 🚨 任务升级到 escalate: t-20260612-093433-1ce224
角色: researcher 等级: L
目标: 长期任务: 联网学习 MT4/MT5 EA + 免费EA解析 + 设计/编译/测试
心跳断: 5712秒前 (3×stale=900s)
进度: {'current': 0, 'message': '[3/6 ✓] 写完 REPORT.md. heartbeat 改 5min, 继续设计 EA 稿', 'total': 0}
→ 子 agent 已冻结，等你拍板（重试/换思路/取消）
[11:41:41] PUSH [error] 🚨 任务升级到 escalate: t-20260612-093433-1ce224
角色: researcher 等级: L
目标: 长期任务: 联网学习 MT4/MT5 EA + 免费EA解析 + 设计/编译/测试
心跳断: 5772秒前 (3×stale=900s)
进度: {'current': 0, 'message': '[3/6 ✓] 写完 REPORT.md. heartbeat 改 5min, 继续设计 EA 稿', 'total': 0}
→ 子 agent 已冻结，等你拍板（重试/换思路/取消）
[11:42:41] PUSH [error] 🚨 任务升级到 escalate: t-20260612-093433-1ce224
角色: researcher 等级: L
目标: 长期任务: 联网学习 MT4/MT5 EA + 免费EA解析 + 设计/编译/测试
心跳断: 5832秒前 (3×stale=900s)
进度: {'current': 0, 'message': '[3/6 ✓] 写完 REPORT.md. heartbeat 改 5min, 继续设计 EA 稿', 'total': 0}
→ 子 agent 已冻结，等你拍板（重试/换思路/取消）
[11:43:41] PUSH [error] 🚨 任务升级到 escalate: t-20260612-093433-1ce224
角色: researcher 等级: L
目标: 长期任务: 联网学习 MT4/MT5 EA + 免费EA解析 + 设计/编译/测试
心跳断: 5892秒前 (3×stale=900s)
进度: {'current': 0, 'message': '[3/6 ✓] 写完 REPORT.md. heartbeat 改 5min, 继续设计 EA 稿', 'total': 0}
→ 子 agent 已冻结，等你拍板（重试/换思路/取消）
[11:44:41] PUSH [error] 🚨 任务升级到 escalate: t-20260612-093433-1ce224
角色: researcher 等级: L
目标: 长期任务: 联网学习 MT4/MT5 EA + 免费EA解析 + 设计/编译/测试
心跳断: 5952秒前 (3×stale=900s)
进度: {'current': 0, 'message': '[3/6 ✓] 写完 REPORT.md. heartbeat 改 5min, 继续设计 EA 稿', 'total': 0}
→ 子 agent 已冻结，等你拍板（重试/换思路/取消）
[11:45:41] PUSH [error] 🚨 任务升级到 escalate: t-20260612-093433-1ce224
角色: researcher 等级: L
目标: 长期任务: 联网学习 MT4/MT5 EA + 免费EA解析 + 设计/编译/测试
心跳断: 6012秒前 (3×stale=900s)
进度: {'current': 0, 'message': '[3/6 ✓] 写完 REPORT.md. heartbeat 改 5min, 继续设计 EA 稿', 'total': 0}
→ 子 agent 已冻结，等你拍板（重试/换思路/取消）
[11:46:41] PUSH [error] 🚨 任务升级到 escalate: t-20260612-093433-1ce224
角色: researcher 等级: L
目标: 长期任务: 联网学习 MT4/MT5 EA + 免费EA解析 + 设计/编译/测试
心跳断: 6072秒前 (3×stale=900s)
进度: {'current': 0, 'message': '[3/6 ✓] 写完 REPORT.md. heartbeat 改 5min, 继续设计 EA 稿', 'total': 0}
→ 子 agent 已冻结，等你拍板（重试/换思路/取消）
[11:47:41] PUSH [error] 🚨 任务升级到 escalate: t-20260612-093433-1ce224
角色: researcher 等级: L
目标: 长期任务: 联网学习 MT4/MT5 EA + 免费EA解析 + 设计/编译/测试
心跳断: 6132秒前 (3×stale=900s)
进度: {'current': 0, 'message': '[3/6 ✓] 写完 REPORT.md. heartbeat 改 5min, 继续设计 EA 稿', 'total': 0}
→ 子 agent 已冻结，等你拍板（重试/换思路/取消）
[11:48:41] PUSH [error] 🚨 任务升级到 escalate: t-20260612-093433-1ce224
角色: researcher 等级: L
目标: 长期任务: 联网学习 MT4/MT5 EA + 免费EA解析 + 设计/编译/测试
心跳断: 6192秒前 (3×stale=900s)
进度: {'current': 0, 'message': '[3/6 ✓] 写完 REPORT.md. heartbeat 改 5min, 继续设计 EA 稿', 'total': 0}
→ 子 agent 已冻结，等你拍板（重试/换思路/取消）
[11:49:41] PUSH [error] 🚨 任务升级到 escalate: t-20260612-093433-1ce224
角色: researcher 等级: L
目标: 长期任务: 联网学习 MT4/MT5 EA + 免费EA解析 + 设计/编译/测试
心跳断: 6252秒前 (3×stale=900s)
进度: {'current': 0, 'message': '[3/6 ✓] 写完 REPORT.md. heartbeat 改 5min, 继续设计 EA 稿', 'total': 0}
→ 子 agent 已冻结，等你拍板（重试/换思路/取消）
[11:50:41] PUSH [error] 🚨 任务升级到 escalate: t-20260612-093433-1ce224
角色: researcher 等级: L
目标: 长期任务: 联网学习 MT4/MT5 EA + 免费EA解析 + 设计/编译/测试
心跳断: 6312秒前 (3×stale=900s)
进度: {'current': 0, 'message': '[3/6 ✓] 写完 REPORT.md. heartbeat 改 5min, 继续设计 EA 稿', 'total': 0}
→ 子 agent 已冻结，等你拍板（重试/换思路/取消）
[11:51:41] PUSH [error] 🚨 任务升级到 escalate: t-20260612-093433-1ce224
角色: researcher 等级: L
目标: 长期任务: 联网学习 MT4/MT5 EA + 免费EA解析 + 设计/编译/测试
心跳断: 6372秒前 (3×stale=900s)
进度: {'current': 0, 'message': '[3/6 ✓] 写完 REPORT.md. heartbeat 改 5min, 继续设计 EA 稿', 'total': 0}
→ 子 agent 已冻结，等你拍板（重试/换思路/取消）
[11:52:41] PUSH [error] 🚨 任务升级到 escalate: t-20260612-093433-1ce224
角色: researcher 等级: L
目标: 长期任务: 联网学习 MT4/MT5 EA + 免费EA解析 + 设计/编译/测试
心跳断: 6432秒前 (3×stale=900s)
进度: {'current': 0, 'message': '[3/6 ✓] 写完 REPORT.md. heartbeat 改 5min, 继续设计 EA 稿', 'total': 0}
→ 子 agent 已冻结，等你拍板（重试/换思路/取消）
[11:53:41] PUSH [error] 🚨 任务升级到 escalate: t-20260612-093433-1ce224
角色: researcher 等级: L
目标: 长期任务: 联网学习 MT4/MT5 EA + 免费EA解析 + 设计/编译/测试
心跳断: 6492秒前 (3×stale=900s)
进度: {'current': 0, 'message': '[3/6 ✓] 写完 REPORT.md. heartbeat 改 5min, 继续设计 EA 稿', 'total': 0}
→ 子 agent 已冻结，等你拍板（重试/换思路/取消）
[11:54:41] PUSH [error] 🚨 任务升级到 escalate: t-20260612-093433-1ce224
角色: researcher 等级: L
目标: 长期任务: 联网学习 MT4/MT5 EA + 免费EA解析 + 设计/编译/测试
心跳断: 6552秒前 (3×stale=900s)
进度: {'current': 0, 'message': '[3/6 ✓] 写完 REPORT.md. heartbeat 改 5min, 继续设计 EA 稿', 'total': 0}
→ 子 agent 已冻结，等你拍板（重试/换思路/取消）
[11:55:41] PUSH [error] 🚨 任务升级到 escalate: t-20260612-093433-1ce224
角色: researcher 等级: L
目标: 长期任务: 联网学习 MT4/MT5 EA + 免费EA解析 + 设计/编译/测试
心跳断: 6612秒前 (3×stale=900s)
进度: {'current': 0, 'message': '[3/6 ✓] 写完 REPORT.md. heartbeat 改 5min, 继续设计 EA 稿', 'total': 0}
→ 子 agent 已冻结，等你拍板（重试/换思路/取消）
[11:56:41] PUSH [error] 🚨 任务升级到 escalate: t-20260612-093433-1ce224
角色: researcher 等级: L
目标: 长期任务: 联网学习 MT4/MT5 EA + 免费EA解析 + 设计/编译/测试
心跳断: 6672秒前 (3×stale=900s)
进度: {'current': 0, 'message': '[3/6 ✓] 写完 REPORT.md. heartbeat 改 5min, 继续设计 EA 稿', 'total': 0}
→ 子 agent 已冻结，等你拍板（重试/换思路/取消）
[11:57:41] PUSH [error] 🚨 任务升级到 escalate: t-20260612-093433-1ce224
角色: researcher 等级: L
目标: 长期任务: 联网学习 MT4/MT5 EA + 免费EA解析 + 设计/编译/测试
心跳断: 6732秒前 (3×stale=900s)
进度: {'current': 0, 'message': '[3/6 ✓] 写完 REPORT.md. heartbeat 改 5min, 继续设计 EA 稿', 'total': 0}
→ 子 agent 已冻结，等你拍板（重试/换思路/取消）
[11:58:41] PUSH [error] 🚨 任务升级到 escalate: t-20260612-093433-1ce224
角色: researcher 等级: L
目标: 长期任务: 联网学习 MT4/MT5 EA + 免费EA解析 + 设计/编译/测试
心跳断: 6792秒前 (3×stale=900s)
进度: {'current': 0, 'message': '[3/6 ✓] 写完 REPORT.md. heartbeat 改 5min, 继续设计 EA 稿', 'total': 0}
→ 子 agent 已冻结，等你拍板（重试/换思路/取消）
[11:59:41] PUSH [error] 🚨 任务升级到 escalate: t-20260612-093433-1ce224
角色: researcher 等级: L
目标: 长期任务: 联网学习 MT4/MT5 EA + 免费EA解析 + 设计/编译/测试
心跳断: 6852秒前 (3×stale=900s)
进度: {'current': 0, 'message': '[3/6 ✓] 写完 REPORT.md. heartbeat 改 5min, 继续设计 EA 稿', 'total': 0}
→ 子 agent 已冻结，等你拍板（重试/换思路/取消）
[12:00:41] PUSH [error] 🚨 任务升级到 escalate: t-20260612-093433-1ce224
角色: researcher 等级: L
目标: 长期任务: 联网学习 MT4/MT5 EA + 免费EA解析 + 设计/编译/测试
心跳断: 6912秒前 (3×stale=900s)
进度: {'current': 0, 'message': '[3/6 ✓] 写完 REPORT.md. heartbeat 改 5min, 继续设计 EA 稿', 'total': 0}
→ 子 agent 已冻结，等你拍板（重试/换思路/取消）
[12:01:41] PUSH [error] 🚨 任务升级到 escalate: t-20260612-093433-1ce224
角色: researcher 等级: L
目标: 长期任务: 联网学习 MT4/MT5 EA + 免费EA解析 + 设计/编译/测试
心跳断: 6972秒前 (3×stale=900s)
进度: {'current': 0, 'message': '[3/6 ✓] 写完 REPORT.md. heartbeat 改 5min, 继续设计 EA 稿', 'total': 0}
→ 子 agent 已冻结，等你拍板（重试/换思路/取消）
[12:02:41] PUSH [error] 🚨 任务升级到 escalate: t-20260612-093433-1ce224
角色: researcher 等级: L
目标: 长期任务: 联网学习 MT4/MT5 EA + 免费EA解析 + 设计/编译/测试
心跳断: 7032秒前 (3×stale=900s)
进度: {'current': 0, 'message': '[3/6 ✓] 写完 REPORT.md. heartbeat 改 5min, 继续设计 EA 稿', 'total': 0}
→ 子 agent 已冻结，等你拍板（重试/换思路/取消）
[12:03:41] PUSH [error] 🚨 任务升级到 escalate: t-20260612-093433-1ce224
角色: researcher 等级: L
目标: 长期任务: 联网学习 MT4/MT5 EA + 免费EA解析 + 设计/编译/测试
心跳断: 7092秒前 (3×stale=900s)
进度: {'current': 0, 'message': '[3/6 ✓] 写完 REPORT.md. heartbeat 改 5min, 继续设计 EA 稿', 'total': 0}
→ 子 agent 已冻结，等你拍板（重试/换思路/取消）
[12:04:41] PUSH [error] 🚨 任务升级到 escalate: t-20260612-093433-1ce224
角色: researcher 等级: L
目标: 长期任务: 联网学习 MT4/MT5 EA + 免费EA解析 + 设计/编译/测试
心跳断: 7152秒前 (3×stale=900s)
进度: {'current': 0, 'message': '[3/6 ✓] 写完 REPORT.md. heartbeat 改 5min, 继续设计 EA 稿', 'total': 0}
→ 子 agent 已冻结，等你拍板（重试/换思路/取消）
[12:05:41] PUSH [error] 🚨 任务升级到 escalate: t-20260612-093433-1ce224
角色: researcher 等级: L
目标: 长期任务: 联网学习 MT4/MT5 EA + 免费EA解析 + 设计/编译/测试
心跳断: 7212秒前 (3×stale=900s)
进度: {'current': 0, 'message': '[3/6 ✓] 写完 REPORT.md. heartbeat 改 5min, 继续设计 EA 稿', 'total': 0}
→ 子 agent 已冻结，等你拍板（重试/换思路/取消）
[12:06:41] PUSH [error] 🚨 任务升级到 escalate: t-20260612-093433-1ce224
角色: researcher 等级: L
目标: 长期任务: 联网学习 MT4/MT5 EA + 免费EA解析 + 设计/编译/测试
心跳断: 7272秒前 (3×stale=900s)
进度: {'current': 0, 'message': '[3/6 ✓] 写完 REPORT.md. heartbeat 改 5min, 继续设计 EA 稿', 'total': 0}
→ 子 agent 已冻结，等你拍板（重试/换思路/取消）
[12:07:41] PUSH [error] 🚨 任务升级到 escalate: t-20260612-093433-1ce224
角色: researcher 等级: L
目标: 长期任务: 联网学习 MT4/MT5 EA + 免费EA解析 + 设计/编译/测试
心跳断: 7332秒前 (3×stale=900s)
进度: {'current': 0, 'message': '[3/6 ✓] 写完 REPORT.md. heartbeat 改 5min, 继续设计 EA 稿', 'total': 0}
→ 子 agent 已冻结，等你拍板（重试/换思路/取消）
[12:08:41] PUSH [error] 🚨 任务升级到 escalate: t-20260612-093433-1ce224
角色: researcher 等级: L
目标: 长期任务: 联网学习 MT4/MT5 EA + 免费EA解析 + 设计/编译/测试
心跳断: 7392秒前 (3×stale=900s)
进度: {'current': 0, 'message': '[3/6 ✓] 写完 REPORT.md. heartbeat 改 5min, 继续设计 EA 稿', 'total': 0}
→ 子 agent 已冻结，等你拍板（重试/换思路/取消）
[12:09:41] PUSH [error] 🚨 任务升级到 escalate: t-20260612-093433-1ce224
角色: researcher 等级: L
目标: 长期任务: 联网学习 MT4/MT5 EA + 免费EA解析 + 设计/编译/测试
心跳断: 7452秒前 (3×stale=900s)
进度: {'current': 0, 'message': '[3/6 ✓] 写完 REPORT.md. heartbeat 改 5min, 继续设计 EA 稿', 'total': 0}
→ 子 agent 已冻结，等你拍板（重试/换思路/取消）
[12:10:41] PUSH [error] 🚨 任务升级到 escalate: t-20260612-093433-1ce224
角色: researcher 等级: L
目标: 长期任务: 联网学习 MT4/MT5 EA + 免费EA解析 + 设计/编译/测试
心跳断: 7512秒前 (3×stale=900s)
进度: {'current': 0, 'message': '[3/6 ✓] 写完 REPORT.md. heartbeat 改 5min, 继续设计 EA 稿', 'total': 0}
→ 子 agent 已冻结，等你拍板（重试/换思路/取消）
[12:11:41] PUSH [error] 🚨 任务升级到 escalate: t-20260612-093433-1ce224
角色: researcher 等级: L
目标: 长期任务: 联网学习 MT4/MT5 EA + 免费EA解析 + 设计/编译/测试
心跳断: 7572秒前 (3×stale=900s)
进度: {'current': 0, 'message': '[3/6 ✓] 写完 REPORT.md. heartbeat 改 5min, 继续设计 EA 稿', 'total': 0}
→ 子 agent 已冻结，等你拍板（重试/换思路/取消）
[12:12:41] PUSH [error] 🚨 任务升级到 escalate: t-20260612-093433-1ce224
角色: researcher 等级: L
目标: 长期任务: 联网学习 MT4/MT5 EA + 免费EA解析 + 设计/编译/测试
心跳断: 7632秒前 (3×stale=900s)
进度: {'current': 0, 'message': '[3/6 ✓] 写完 REPORT.md. heartbeat 改 5min, 继续设计 EA 稿', 'total': 0}
→ 子 agent 已冻结，等你拍板（重试/换思路/取消）
[12:13:42] PUSH [error] 🚨 任务升级到 escalate: t-20260612-093433-1ce224
角色: researcher 等级: L
目标: 长期任务: 联网学习 MT4/MT5 EA + 免费EA解析 + 设计/编译/测试
心跳断: 7692秒前 (3×stale=900s)
进度: {'current': 0, 'message': '[3/6 ✓] 写完 REPORT.md. heartbeat 改 5min, 继续设计 EA 稿', 'total': 0}
→ 子 agent 已冻结，等你拍板（重试/换思路/取消）
[12:14:42] PUSH [error] 🚨 任务升级到 escalate: t-20260612-093433-1ce224
角色: researcher 等级: L
目标: 长期任务: 联网学习 MT4/MT5 EA + 免费EA解析 + 设计/编译/测试
心跳断: 7753秒前 (3×stale=900s)
进度: {'current': 0, 'message': '[3/6 ✓] 写完 REPORT.md. heartbeat 改 5min, 继续设计 EA 稿', 'total': 0}
→ 子 agent 已冻结，等你拍板（重试/换思路/取消）
[12:15:42] PUSH [error] 🚨 任务升级到 escalate: t-20260612-093433-1ce224
角色: researcher 等级: L
目标: 长期任务: 联网学习 MT4/MT5 EA + 免费EA解析 + 设计/编译/测试
心跳断: 7813秒前 (3×stale=900s)
进度: {'current': 0, 'message': '[3/6 ✓] 写完 REPORT.md. heartbeat 改 5min, 继续设计 EA 稿', 'total': 0}
→ 子 agent 已冻结，等你拍板（重试/换思路/取消）
[12:16:42] PUSH [error] 🚨 任务升级到 escalate: t-20260612-093433-1ce224
角色: researcher 等级: L
目标: 长期任务: 联网学习 MT4/MT5 EA + 免费EA解析 + 设计/编译/测试
心跳断: 7873秒前 (3×stale=900s)
进度: {'current': 0, 'message': '[3/6 ✓] 写完 REPORT.md. heartbeat 改 5min, 继续设计 EA 稿', 'total': 0}
→ 子 agent 已冻结，等你拍板（重试/换思路/取消）
[12:17:42] PUSH [error] 🚨 任务升级到 escalate: t-20260612-093433-1ce224
角色: researcher 等级: L
目标: 长期任务: 联网学习 MT4/MT5 EA + 免费EA解析 + 设计/编译/测试
心跳断: 7933秒前 (3×stale=900s)
进度: {'current': 0, 'message': '[3/6 ✓] 写完 REPORT.md. heartbeat 改 5min, 继续设计 EA 稿', 'total': 0}
→ 子 agent 已冻结，等你拍板（重试/换思路/取消）
[12:18:42] PUSH [error] 🚨 任务升级到 escalate: t-20260612-093433-1ce224
角色: researcher 等级: L
目标: 长期任务: 联网学习 MT4/MT5 EA + 免费EA解析 + 设计/编译/测试
心跳断: 7993秒前 (3×stale=900s)
进度: {'current': 0, 'message': '[3/6 ✓] 写完 REPORT.md. heartbeat 改 5min, 继续设计 EA 稿', 'total': 0}
→ 子 agent 已冻结，等你拍板（重试/换思路/取消）
[12:19:42] PUSH [error] 🚨 任务升级到 escalate: t-20260612-093433-1ce224
角色: researcher 等级: L
目标: 长期任务: 联网学习 MT4/MT5 EA + 免费EA解析 + 设计/编译/测试
心跳断: 8053秒前 (3×stale=900s)
进度: {'current': 0, 'message': '[3/6 ✓] 写完 REPORT.md. heartbeat 改 5min, 继续设计 EA 稿', 'total': 0}
→ 子 agent 已冻结，等你拍板（重试/换思路/取消）
[12:20:42] PUSH [error] 🚨 任务升级到 escalate: t-20260612-093433-1ce224
角色: researcher 等级: L
目标: 长期任务: 联网学习 MT4/MT5 EA + 免费EA解析 + 设计/编译/测试
心跳断: 8113秒前 (3×stale=900s)
进度: {'current': 0, 'message': '[3/6 ✓] 写完 REPORT.md. heartbeat 改 5min, 继续设计 EA 稿', 'total': 0}
→ 子 agent 已冻结，等你拍板（重试/换思路/取消）
[12:21:42] PUSH [error] 🚨 任务升级到 escalate: t-20260612-093433-1ce224
角色: researcher 等级: L
目标: 长期任务: 联网学习 MT4/MT5 EA + 免费EA解析 + 设计/编译/测试
心跳断: 8173秒前 (3×stale=900s)
进度: {'current': 0, 'message': '[3/6 ✓] 写完 REPORT.md. heartbeat 改 5min, 继续设计 EA 稿', 'total': 0}
→ 子 agent 已冻结，等你拍板（重试/换思路/取消）
[12:22:42] PUSH [error] 🚨 任务升级到 escalate: t-20260612-093433-1ce224
角色: researcher 等级: L
目标: 长期任务: 联网学习 MT4/MT5 EA + 免费EA解析 + 设计/编译/测试
心跳断: 8233秒前 (3×stale=900s)
进度: {'current': 0, 'message': '[3/6 ✓] 写完 REPORT.md. heartbeat 改 5min, 继续设计 EA 稿', 'total': 0}
→ 子 agent 已冻结，等你拍板（重试/换思路/取消）
[12:23:42] PUSH [error] 🚨 任务升级到 escalate: t-20260612-093433-1ce224
角色: researcher 等级: L
目标: 长期任务: 联网学习 MT4/MT5 EA + 免费EA解析 + 设计/编译/测试
心跳断: 8293秒前 (3×stale=900s)
进度: {'current': 0, 'message': '[3/6 ✓] 写完 REPORT.md. heartbeat 改 5min, 继续设计 EA 稿', 'total': 0}
→ 子 agent 已冻结，等你拍板（重试/换思路/取消）
[12:24:42] PUSH [error] 🚨 任务升级到 escalate: t-20260612-093433-1ce224
角色: researcher 等级: L
目标: 长期任务: 联网学习 MT4/MT5 EA + 免费EA解析 + 设计/编译/测试
心跳断: 8353秒前 (3×stale=900s)
进度: {'current': 0, 'message': '[3/6 ✓] 写完 REPORT.md. heartbeat 改 5min, 继续设计 EA 稿', 'total': 0}
→ 子 agent 已冻结，等你拍板（重试/换思路/取消）
[12:25:42] PUSH [error] 🚨 任务升级到 escalate: t-20260612-093433-1ce224
角色: researcher 等级: L
目标: 长期任务: 联网学习 MT4/MT5 EA + 免费EA解析 + 设计/编译/测试
心跳断: 8413秒前 (3×stale=900s)
进度: {'current': 0, 'message': '[3/6 ✓] 写完 REPORT.md. heartbeat 改 5min, 继续设计 EA 稿', 'total': 0}
→ 子 agent 已冻结，等你拍板（重试/换思路/取消）
[12:26:42] PUSH [error] 🚨 任务升级到 escalate: t-20260612-093433-1ce224
角色: researcher 等级: L
目标: 长期任务: 联网学习 MT4/MT5 EA + 免费EA解析 + 设计/编译/测试
心跳断: 8473秒前 (3×stale=900s)
进度: {'current': 0, 'message': '[3/6 ✓] 写完 REPORT.md. heartbeat 改 5min, 继续设计 EA 稿', 'total': 0}
→ 子 agent 已冻结，等你拍板（重试/换思路/取消）
[12:27:42] PUSH [error] 🚨 任务升级到 escalate: t-20260612-093433-1ce224
角色: researcher 等级: L
目标: 长期任务: 联网学习 MT4/MT5 EA + 免费EA解析 + 设计/编译/测试
心跳断: 8533秒前 (3×stale=900s)
进度: {'current': 0, 'message': '[3/6 ✓] 写完 REPORT.md. heartbeat 改 5min, 继续设计 EA 稿', 'total': 0}
→ 子 agent 已冻结，等你拍板（重试/换思路/取消）
[12:28:42] PUSH [error] 🚨 任务升级到 escalate: t-20260612-093433-1ce224
角色: researcher 等级: L
目标: 长期任务: 联网学习 MT4/MT5 EA + 免费EA解析 + 设计/编译/测试
心跳断: 8593秒前 (3×stale=900s)
进度: {'current': 0, 'message': '[3/6 ✓] 写完 REPORT.md. heartbeat 改 5min, 继续设计 EA 稿', 'total': 0}
→ 子 agent 已冻结，等你拍板（重试/换思路/取消）
[12:29:42] PUSH [error] 🚨 任务升级到 escalate: t-20260612-093433-1ce224
角色: researcher 等级: L
目标: 长期任务: 联网学习 MT4/MT5 EA + 免费EA解析 + 设计/编译/测试
心跳断: 8653秒前 (3×stale=900s)
进度: {'current': 0, 'message': '[3/6 ✓] 写完 REPORT.md. heartbeat 改 5min, 继续设计 EA 稿', 'total': 0}
→ 子 agent 已冻结，等你拍板（重试/换思路/取消）
[12:30:42] PUSH [error] 🚨 任务升级到 escalate: t-20260612-093433-1ce224
角色: researcher 等级: L
目标: 长期任务: 联网学习 MT4/MT5 EA + 免费EA解析 + 设计/编译/测试
心跳断: 8713秒前 (3×stale=900s)
进度: {'current': 0, 'message': '[3/6 ✓] 写完 REPORT.md. heartbeat 改 5min, 继续设计 EA 稿', 'total': 0}
→ 子 agent 已冻结，等你拍板（重试/换思路/取消）
[12:31:42] PUSH [error] 🚨 任务升级到 escalate: t-20260612-093433-1ce224
角色: researcher 等级: L
目标: 长期任务: 联网学习 MT4/MT5 EA + 免费EA解析 + 设计/编译/测试
心跳断: 8773秒前 (3×stale=900s)
进度: {'current': 0, 'message': '[3/6 ✓] 写完 REPORT.md. heartbeat 改 5min, 继续设计 EA 稿', 'total': 0}
→ 子 agent 已冻结，等你拍板（重试/换思路/取消）
[12:32:42] PUSH [error] 🚨 任务升级到 escalate: t-20260612-093433-1ce224
角色: researcher 等级: L
目标: 长期任务: 联网学习 MT4/MT5 EA + 免费EA解析 + 设计/编译/测试
心跳断: 8833秒前 (3×stale=900s)
进度: {'current': 0, 'message': '[3/6 ✓] 写完 REPORT.md. heartbeat 改 5min, 继续设计 EA 稿', 'total': 0}
→ 子 agent 已冻结，等你拍板（重试/换思路/取消）
[12:33:42] PUSH [error] 🚨 任务升级到 escalate: t-20260612-093433-1ce224
角色: researcher 等级: L
目标: 长期任务: 联网学习 MT4/MT5 EA + 免费EA解析 + 设计/编译/测试
心跳断: 8893秒前 (3×stale=900s)
进度: {'current': 0, 'message': '[3/6 ✓] 写完 REPORT.md. heartbeat 改 5min, 继续设计 EA 稿', 'total': 0}
→ 子 agent 已冻结，等你拍板（重试/换思路/取消）
[12:34:42] PUSH [error] 🚨 任务升级到 escalate: t-20260612-093433-1ce224
角色: researcher 等级: L
目标: 长期任务: 联网学习 MT4/MT5 EA + 免费EA解析 + 设计/编译/测试
心跳断: 8953秒前 (3×stale=900s)
进度: {'current': 0, 'message': '[3/6 ✓] 写完 REPORT.md. heartbeat 改 5min, 继续设计 EA 稿', 'total': 0}
→ 子 agent 已冻结，等你拍板（重试/换思路/取消）
[12:35:42] PUSH [error] 🚨 任务升级到 escalate: t-20260612-093433-1ce224
角色: researcher 等级: L
目标: 长期任务: 联网学习 MT4/MT5 EA + 免费EA解析 + 设计/编译/测试
心跳断: 9013秒前 (3×stale=900s)
进度: {'current': 0, 'message': '[3/6 ✓] 写完 REPORT.md. heartbeat 改 5min, 继续设计 EA 稿', 'total': 0}
→ 子 agent 已冻结，等你拍板（重试/换思路/取消）
[12:36:42] PUSH [error] 🚨 任务升级到 escalate: t-20260612-093433-1ce224
角色: researcher 等级: L
目标: 长期任务: 联网学习 MT4/MT5 EA + 免费EA解析 + 设计/编译/测试
心跳断: 9073秒前 (3×stale=900s)
进度: {'current': 0, 'message': '[3/6 ✓] 写完 REPORT.md. heartbeat 改 5min, 继续设计 EA 稿', 'total': 0}
→ 子 agent 已冻结，等你拍板（重试/换思路/取消）
[12:37:42] PUSH [error] 🚨 任务升级到 escalate: t-20260612-093433-1ce224
角色: researcher 等级: L
目标: 长期任务: 联网学习 MT4/MT5 EA + 免费EA解析 + 设计/编译/测试
心跳断: 9133秒前 (3×stale=900s)
进度: {'current': 0, 'message': '[3/6 ✓] 写完 REPORT.md. heartbeat 改 5min, 继续设计 EA 稿', 'total': 0}
→ 子 agent 已冻结，等你拍板（重试/换思路/取消）
[12:38:42] PUSH [error] 🚨 任务升级到 escalate: t-20260612-093433-1ce224
角色: researcher 等级: L
目标: 长期任务: 联网学习 MT4/MT5 EA + 免费EA解析 + 设计/编译/测试
心跳断: 9193秒前 (3×stale=900s)
进度: {'current': 0, 'message': '[3/6 ✓] 写完 REPORT.md. heartbeat 改 5min, 继续设计 EA 稿', 'total': 0}
→ 子 agent 已冻结，等你拍板（重试/换思路/取消）
[12:39:42] PUSH [error] 🚨 任务升级到 escalate: t-20260612-093433-1ce224
角色: researcher 等级: L
目标: 长期任务: 联网学习 MT4/MT5 EA + 免费EA解析 + 设计/编译/测试
心跳断: 9253秒前 (3×stale=900s)
进度: {'current': 0, 'message': '[3/6 ✓] 写完 REPORT.md. heartbeat 改 5min, 继续设计 EA 稿', 'total': 0}
→ 子 agent 已冻结，等你拍板（重试/换思路/取消）
[12:40:42] PUSH [error] 🚨 任务升级到 escalate: t-20260612-093433-1ce224
角色: researcher 等级: L
目标: 长期任务: 联网学习 MT4/MT5 EA + 免费EA解析 + 设计/编译/测试
心跳断: 9313秒前 (3×stale=900s)
进度: {'current': 0, 'message': '[3/6 ✓] 写完 REPORT.md. heartbeat 改 5min, 继续设计 EA 稿', 'total': 0}
→ 子 agent 已冻结，等你拍板（重试/换思路/取消）
[12:41:42] PUSH [error] 🚨 任务升级到 escalate: t-20260612-093433-1ce224
角色: researcher 等级: L
目标: 长期任务: 联网学习 MT4/MT5 EA + 免费EA解析 + 设计/编译/测试
心跳断: 9373秒前 (3×stale=900s)
进度: {'current': 0, 'message': '[3/6 ✓] 写完 REPORT.md. heartbeat 改 5min, 继续设计 EA 稿', 'total': 0}
→ 子 agent 已冻结，等你拍板（重试/换思路/取消）
[12:42:42] PUSH [error] 🚨 任务升级到 escalate: t-20260612-093433-1ce224
角色: researcher 等级: L
目标: 长期任务: 联网学习 MT4/MT5 EA + 免费EA解析 + 设计/编译/测试
心跳断: 9433秒前 (3×stale=900s)
进度: {'current': 0, 'message': '[3/6 ✓] 写完 REPORT.md. heartbeat 改 5min, 继续设计 EA 稿', 'total': 0}
→ 子 agent 已冻结，等你拍板（重试/换思路/取消）
[12:43:42] PUSH [error] 🚨 任务升级到 escalate: t-20260612-093433-1ce224
角色: researcher 等级: L
目标: 长期任务: 联网学习 MT4/MT5 EA + 免费EA解析 + 设计/编译/测试
心跳断: 9493秒前 (3×stale=900s)
进度: {'current': 0, 'message': '[3/6 ✓] 写完 REPORT.md. heartbeat 改 5min, 继续设计 EA 稿', 'total': 0}
→ 子 agent 已冻结，等你拍板（重试/换思路/取消）
[12:44:42] PUSH [error] 🚨 任务升级到 escalate: t-20260612-093433-1ce224
角色: researcher 等级: L
目标: 长期任务: 联网学习 MT4/MT5 EA + 免费EA解析 + 设计/编译/测试
心跳断: 9553秒前 (3×stale=900s)
进度: {'current': 0, 'message': '[3/6 ✓] 写完 REPORT.md. heartbeat 改 5min, 继续设计 EA 稿', 'total': 0}
→ 子 agent 已冻结，等你拍板（重试/换思路/取消）
[12:45:42] PUSH [error] 🚨 任务升级到 escalate: t-20260612-093433-1ce224
角色: researcher 等级: L
目标: 长期任务: 联网学习 MT4/MT5 EA + 免费EA解析 + 设计/编译/测试
心跳断: 9613秒前 (3×stale=900s)
进度: {'current': 0, 'message': '[3/6 ✓] 写完 REPORT.md. heartbeat 改 5min, 继续设计 EA 稿', 'total': 0}
→ 子 agent 已冻结，等你拍板（重试/换思路/取消）
[12:46:42] PUSH [error] 🚨 任务升级到 escalate: t-20260612-093433-1ce224
角色: researcher 等级: L
目标: 长期任务: 联网学习 MT4/MT5 EA + 免费EA解析 + 设计/编译/测试
心跳断: 9673秒前 (3×stale=900s)
进度: {'current': 0, 'message': '[3/6 ✓] 写完 REPORT.md. heartbeat 改 5min, 继续设计 EA 稿', 'total': 0}
→ 子 agent 已冻结，等你拍板（重试/换思路/取消）
[12:47:42] PUSH [error] 🚨 任务升级到 escalate: t-20260612-093433-1ce224
角色: researcher 等级: L
目标: 长期任务: 联网学习 MT4/MT5 EA + 免费EA解析 + 设计/编译/测试
心跳断: 9733秒前 (3×stale=900s)
进度: {'current': 0, 'message': '[3/6 ✓] 写完 REPORT.md. heartbeat 改 5min, 继续设计 EA 稿', 'total': 0}
→ 子 agent 已冻结，等你拍板（重试/换思路/取消）
[12:48:42] PUSH [error] 🚨 任务升级到 escalate: t-20260612-093433-1ce224
角色: researcher 等级: L
目标: 长期任务: 联网学习 MT4/MT5 EA + 免费EA解析 + 设计/编译/测试
心跳断: 9793秒前 (3×stale=900s)
进度: {'current': 0, 'message': '[3/6 ✓] 写完 REPORT.md. heartbeat 改 5min, 继续设计 EA 稿', 'total': 0}
→ 子 agent 已冻结，等你拍板（重试/换思路/取消）
[12:49:42] PUSH [error] 🚨 任务升级到 escalate: t-20260612-093433-1ce224
角色: researcher 等级: L
目标: 长期任务: 联网学习 MT4/MT5 EA + 免费EA解析 + 设计/编译/测试
心跳断: 9853秒前 (3×stale=900s)
进度: {'current': 0, 'message': '[3/6 ✓] 写完 REPORT.md. heartbeat 改 5min, 继续设计 EA 稿', 'total': 0}
→ 子 agent 已冻结，等你拍板（重试/换思路/取消）
[12:50:42] PUSH [error] 🚨 任务升级到 escalate: t-20260612-093433-1ce224
角色: researcher 等级: L
目标: 长期任务: 联网学习 MT4/MT5 EA + 免费EA解析 + 设计/编译/测试
心跳断: 9913秒前 (3×stale=900s)
进度: {'current': 0, 'message': '[3/6 ✓] 写完 REPORT.md. heartbeat 改 5min, 继续设计 EA 稿', 'total': 0}
→ 子 agent 已冻结，等你拍板（重试/换思路/取消）
[12:51:42] PUSH [error] 🚨 任务升级到 escalate: t-20260612-093433-1ce224
角色: researcher 等级: L
目标: 长期任务: 联网学习 MT4/MT5 EA + 免费EA解析 + 设计/编译/测试
心跳断: 9973秒前 (3×stale=900s)
进度: {'current': 0, 'message': '[3/6 ✓] 写完 REPORT.md. heartbeat 改 5min, 继续设计 EA 稿', 'total': 0}
→ 子 agent 已冻结，等你拍板（重试/换思路/取消）
[12:52:43] PUSH [error] 🚨 任务升级到 escalate: t-20260612-093433-1ce224
角色: researcher 等级: L
目标: 长期任务: 联网学习 MT4/MT5 EA + 免费EA解析 + 设计/编译/测试
心跳断: 10033秒前 (3×stale=900s)
进度: {'current': 0, 'message': '[3/6 ✓] 写完 REPORT.md. heartbeat 改 5min, 继续设计 EA 稿', 'total': 0}
→ 子 agent 已冻结，等你拍板（重试/换思路/取消）
[12:53:43] PUSH [error] 🚨 任务升级到 escalate: t-20260612-093433-1ce224
角色: researcher 等级: L
目标: 长期任务: 联网学习 MT4/MT5 EA + 免费EA解析 + 设计/编译/测试
心跳断: 10094秒前 (3×stale=900s)
进度: {'current': 0, 'message': '[3/6 ✓] 写完 REPORT.md. heartbeat 改 5min, 继续设计 EA 稿', 'total': 0}
→ 子 agent 已冻结，等你拍板（重试/换思路/取消）
[12:54:43] PUSH [error] 🚨 任务升级到 escalate: t-20260612-093433-1ce224
角色: researcher 等级: L
目标: 长期任务: 联网学习 MT4/MT5 EA + 免费EA解析 + 设计/编译/测试
心跳断: 10154秒前 (3×stale=900s)
进度: {'current': 0, 'message': '[3/6 ✓] 写完 REPORT.md. heartbeat 改 5min, 继续设计 EA 稿', 'total': 0}
→ 子 agent 已冻结，等你拍板（重试/换思路/取消）
[12:55:43] PUSH [error] 🚨 任务升级到 escalate: t-20260612-093433-1ce224
角色: researcher 等级: L
目标: 长期任务: 联网学习 MT4/MT5 EA + 免费EA解析 + 设计/编译/测试
心跳断: 10214秒前 (3×stale=900s)
进度: {'current': 0, 'message': '[3/6 ✓] 写完 REPORT.md. heartbeat 改 5min, 继续设计 EA 稿', 'total': 0}
→ 子 agent 已冻结，等你拍板（重试/换思路/取消）
[12:56:43] PUSH [error] 🚨 任务升级到 escalate: t-20260612-093433-1ce224
角色: researcher 等级: L
目标: 长期任务: 联网学习 MT4/MT5 EA + 免费EA解析 + 设计/编译/测试
心跳断: 10274秒前 (3×stale=900s)
进度: {'current': 0, 'message': '[3/6 ✓] 写完 REPORT.md. heartbeat 改 5min, 继续设计 EA 稿', 'total': 0}
→ 子 agent 已冻结，等你拍板（重试/换思路/取消）
[12:57:43] PUSH [error] 🚨 任务升级到 escalate: t-20260612-093433-1ce224
角色: researcher 等级: L
目标: 长期任务: 联网学习 MT4/MT5 EA + 免费EA解析 + 设计/编译/测试
心跳断: 10334秒前 (3×stale=900s)
进度: {'current': 0, 'message': '[3/6 ✓] 写完 REPORT.md. heartbeat 改 5min, 继续设计 EA 稿', 'total': 0}
→ 子 agent 已冻结，等你拍板（重试/换思路/取消）
[12:58:43] PUSH [error] 🚨 任务升级到 escalate: t-20260612-093433-1ce224
角色: researcher 等级: L
目标: 长期任务: 联网学习 MT4/MT5 EA + 免费EA解析 + 设计/编译/测试
心跳断: 10394秒前 (3×stale=900s)
进度: {'current': 0, 'message': '[3/6 ✓] 写完 REPORT.md. heartbeat 改 5min, 继续设计 EA 稿', 'total': 0}
→ 子 agent 已冻结，等你拍板（重试/换思路/取消）
[12:59:43] PUSH [error] 🚨 任务升级到 escalate: t-20260612-093433-1ce224
角色: researcher 等级: L
目标: 长期任务: 联网学习 MT4/MT5 EA + 免费EA解析 + 设计/编译/测试
心跳断: 10454秒前 (3×stale=900s)
进度: {'current': 0, 'message': '[3/6 ✓] 写完 REPORT.md. heartbeat 改 5min, 继续设计 EA 稿', 'total': 0}
→ 子 agent 已冻结，等你拍板（重试/换思路/取消）
[13:00:43] PUSH [error] 🚨 任务升级到 escalate: t-20260612-093433-1ce224
角色: researcher 等级: L
目标: 长期任务: 联网学习 MT4/MT5 EA + 免费EA解析 + 设计/编译/测试
心跳断: 10514秒前 (3×stale=900s)
进度: {'current': 0, 'message': '[3/6 ✓] 写完 REPORT.md. heartbeat 改 5min, 继续设计 EA 稿', 'total': 0}
→ 子 agent 已冻结，等你拍板（重试/换思路/取消）
[13:01:43] PUSH [error] 🚨 任务升级到 escalate: t-20260612-093433-1ce224
角色: researcher 等级: L
目标: 长期任务: 联网学习 MT4/MT5 EA + 免费EA解析 + 设计/编译/测试
心跳断: 10574秒前 (3×stale=900s)
进度: {'current': 0, 'message': '[3/6 ✓] 写完 REPORT.md. heartbeat 改 5min, 继续设计 EA 稿', 'total': 0}
→ 子 agent 已冻结，等你拍板（重试/换思路/取消）
[13:02:43] PUSH [error] 🚨 任务升级到 escalate: t-20260612-093433-1ce224
角色: researcher 等级: L
目标: 长期任务: 联网学习 MT4/MT5 EA + 免费EA解析 + 设计/编译/测试
心跳断: 10634秒前 (3×stale=900s)
进度: {'current': 0, 'message': '[3/6 ✓] 写完 REPORT.md. heartbeat 改 5min, 继续设计 EA 稿', 'total': 0}
→ 子 agent 已冻结，等你拍板（重试/换思路/取消）
[13:03:43] PUSH [error] 🚨 任务升级到 escalate: t-20260612-093433-1ce224
角色: researcher 等级: L
目标: 长期任务: 联网学习 MT4/MT5 EA + 免费EA解析 + 设计/编译/测试
心跳断: 10694秒前 (3×stale=900s)
进度: {'current': 0, 'message': '[3/6 ✓] 写完 REPORT.md. heartbeat 改 5min, 继续设计 EA 稿', 'total': 0}
→ 子 agent 已冻结，等你拍板（重试/换思路/取消）
[13:04:43] PUSH [error] 🚨 任务升级到 escalate: t-20260612-093433-1ce224
角色: researcher 等级: L
目标: 长期任务: 联网学习 MT4/MT5 EA + 免费EA解析 + 设计/编译/测试
心跳断: 10754秒前 (3×stale=900s)
进度: {'current': 0, 'message': '[3/6 ✓] 写完 REPORT.md. heartbeat 改 5min, 继续设计 EA 稿', 'total': 0}
→ 子 agent 已冻结，等你拍板（重试/换思路/取消）
[13:05:43] PUSH [error] 🚨 任务升级到 escalate: t-20260612-093433-1ce224
角色: researcher 等级: L
目标: 长期任务: 联网学习 MT4/MT5 EA + 免费EA解析 + 设计/编译/测试
心跳断: 10814秒前 (3×stale=900s)
进度: {'current': 0, 'message': '[3/6 ✓] 写完 REPORT.md. heartbeat 改 5min, 继续设计 EA 稿', 'total': 0}
→ 子 agent 已冻结，等你拍板（重试/换思路/取消）
[13:06:43] PUSH [error] 🚨 任务升级到 escalate: t-20260612-093433-1ce224
角色: researcher 等级: L
目标: 长期任务: 联网学习 MT4/MT5 EA + 免费EA解析 + 设计/编译/测试
心跳断: 10874秒前 (3×stale=900s)
进度: {'current': 0, 'message': '[3/6 ✓] 写完 REPORT.md. heartbeat 改 5min, 继续设计 EA 稿', 'total': 0}
→ 子 agent 已冻结，等你拍板（重试/换思路/取消）
[13:07:43] PUSH [error] 🚨 任务升级到 escalate: t-20260612-093433-1ce224
角色: researcher 等级: L
目标: 长期任务: 联网学习 MT4/MT5 EA + 免费EA解析 + 设计/编译/测试
心跳断: 10934秒前 (3×stale=900s)
进度: {'current': 0, 'message': '[3/6 ✓] 写完 REPORT.md. heartbeat 改 5min, 继续设计 EA 稿', 'total': 0}
→ 子 agent 已冻结，等你拍板（重试/换思路/取消）
[13:08:43] PUSH [error] 🚨 任务升级到 escalate: t-20260612-093433-1ce224
角色: researcher 等级: L
目标: 长期任务: 联网学习 MT4/MT5 EA + 免费EA解析 + 设计/编译/测试
心跳断: 10994秒前 (3×stale=900s)
进度: {'current': 0, 'message': '[3/6 ✓] 写完 REPORT.md. heartbeat 改 5min, 继续设计 EA 稿', 'total': 0}
→ 子 agent 已冻结，等你拍板（重试/换思路/取消）
[13:09:43] PUSH [error] 🚨 任务升级到 escalate: t-20260612-093433-1ce224
角色: researcher 等级: L
目标: 长期任务: 联网学习 MT4/MT5 EA + 免费EA解析 + 设计/编译/测试
心跳断: 11054秒前 (3×stale=900s)
进度: {'current': 0, 'message': '[3/6 ✓] 写完 REPORT.md. heartbeat 改 5min, 继续设计 EA 稿', 'total': 0}
→ 子 agent 已冻结，等你拍板（重试/换思路/取消）
[13:10:43] PUSH [error] 🚨 任务升级到 escalate: t-20260612-093433-1ce224
角色: researcher 等级: L
目标: 长期任务: 联网学习 MT4/MT5 EA + 免费EA解析 + 设计/编译/测试
心跳断: 11114秒前 (3×stale=900s)
进度: {'current': 0, 'message': '[3/6 ✓] 写完 REPORT.md. heartbeat 改 5min, 继续设计 EA 稿', 'total': 0}
→ 子 agent 已冻结，等你拍板（重试/换思路/取消）
[13:11:43] PUSH [error] 🚨 任务升级到 escalate: t-20260612-093433-1ce224
角色: researcher 等级: L
目标: 长期任务: 联网学习 MT4/MT5 EA + 免费EA解析 + 设计/编译/测试
心跳断: 11174秒前 (3×stale=900s)
进度: {'current': 0, 'message': '[3/6 ✓] 写完 REPORT.md. heartbeat 改 5min, 继续设计 EA 稿', 'total': 0}
→ 子 agent 已冻结，等你拍板（重试/换思路/取消）
[13:12:43] PUSH [error] 🚨 任务升级到 escalate: t-20260612-093433-1ce224
角色: researcher 等级: L
目标: 长期任务: 联网学习 MT4/MT5 EA + 免费EA解析 + 设计/编译/测试
心跳断: 11234秒前 (3×stale=900s)
进度: {'current': 0, 'message': '[3/6 ✓] 写完 REPORT.md. heartbeat 改 5min, 继续设计 EA 稿', 'total': 0}
→ 子 agent 已冻结，等你拍板（重试/换思路/取消）
[13:13:43] PUSH [error] 🚨 任务升级到 escalate: t-20260612-093433-1ce224
角色: researcher 等级: L
目标: 长期任务: 联网学习 MT4/MT5 EA + 免费EA解析 + 设计/编译/测试
心跳断: 11294秒前 (3×stale=900s)
进度: {'current': 0, 'message': '[3/6 ✓] 写完 REPORT.md. heartbeat 改 5min, 继续设计 EA 稿', 'total': 0}
→ 子 agent 已冻结，等你拍板（重试/换思路/取消）
[13:14:43] PUSH [error] 🚨 任务升级到 escalate: t-20260612-093433-1ce224
角色: researcher 等级: L
目标: 长期任务: 联网学习 MT4/MT5 EA + 免费EA解析 + 设计/编译/测试
心跳断: 11354秒前 (3×stale=900s)
进度: {'current': 0, 'message': '[3/6 ✓] 写完 REPORT.md. heartbeat 改 5min, 继续设计 EA 稿', 'total': 0}
→ 子 agent 已冻结，等你拍板（重试/换思路/取消）
[13:15:43] PUSH [error] 🚨 任务升级到 escalate: t-20260612-093433-1ce224
角色: researcher 等级: L
目标: 长期任务: 联网学习 MT4/MT5 EA + 免费EA解析 + 设计/编译/测试
心跳断: 11414秒前 (3×stale=900s)
进度: {'current': 0, 'message': '[3/6 ✓] 写完 REPORT.md. heartbeat 改 5min, 继续设计 EA 稿', 'total': 0}
→ 子 agent 已冻结，等你拍板（重试/换思路/取消）
[13:16:43] PUSH [error] 🚨 任务升级到 escalate: t-20260612-093433-1ce224
角色: researcher 等级: L
目标: 长期任务: 联网学习 MT4/MT5 EA + 免费EA解析 + 设计/编译/测试
心跳断: 11474秒前 (3×stale=900s)
进度: {'current': 0, 'message': '[3/6 ✓] 写完 REPORT.md. heartbeat 改 5min, 继续设计 EA 稿', 'total': 0}
→ 子 agent 已冻结，等你拍板（重试/换思路/取消）
[13:17:43] PUSH [error] 🚨 任务升级到 escalate: t-20260612-093433-1ce224
角色: researcher 等级: L
目标: 长期任务: 联网学习 MT4/MT5 EA + 免费EA解析 + 设计/编译/测试
心跳断: 11534秒前 (3×stale=900s)
进度: {'current': 0, 'message': '[3/6 ✓] 写完 REPORT.md. heartbeat 改 5min, 继续设计 EA 稿', 'total': 0}
→ 子 agent 已冻结，等你拍板（重试/换思路/取消）
[13:18:43] PUSH [error] 🚨 任务升级到 escalate: t-20260612-093433-1ce224
角色: researcher 等级: L
目标: 长期任务: 联网学习 MT4/MT5 EA + 免费EA解析 + 设计/编译/测试
心跳断: 11594秒前 (3×stale=900s)
进度: {'current': 0, 'message': '[3/6 ✓] 写完 REPORT.md. heartbeat 改 5min, 继续设计 EA 稿', 'total': 0}
→ 子 agent 已冻结，等你拍板（重试/换思路/取消）
[13:19:43] PUSH [error] 🚨 任务升级到 escalate: t-20260612-093433-1ce224
角色: researcher 等级: L
目标: 长期任务: 联网学习 MT4/MT5 EA + 免费EA解析 + 设计/编译/测试
心跳断: 11654秒前 (3×stale=900s)
进度: {'current': 0, 'message': '[3/6 ✓] 写完 REPORT.md. heartbeat 改 5min, 继续设计 EA 稿', 'total': 0}
→ 子 agent 已冻结，等你拍板（重试/换思路/取消）
[13:20:43] PUSH [error] 🚨 任务升级到 escalate: t-20260612-093433-1ce224
角色: researcher 等级: L
目标: 长期任务: 联网学习 MT4/MT5 EA + 免费EA解析 + 设计/编译/测试
心跳断: 11714秒前 (3×stale=900s)
进度: {'current': 0, 'message': '[3/6 ✓] 写完 REPORT.md. heartbeat 改 5min, 继续设计 EA 稿', 'total': 0}
→ 子 agent 已冻结，等你拍板（重试/换思路/取消）
[13:21:43] PUSH [error] 🚨 任务升级到 escalate: t-20260612-093433-1ce224
角色: researcher 等级: L
目标: 长期任务: 联网学习 MT4/MT5 EA + 免费EA解析 + 设计/编译/测试
心跳断: 11774秒前 (3×stale=900s)
进度: {'current': 0, 'message': '[3/6 ✓] 写完 REPORT.md. heartbeat 改 5min, 继续设计 EA 稿', 'total': 0}
→ 子 agent 已冻结，等你拍板（重试/换思路/取消）
[13:22:43] PUSH [error] 🚨 任务升级到 escalate: t-20260612-093433-1ce224
角色: researcher 等级: L
目标: 长期任务: 联网学习 MT4/MT5 EA + 免费EA解析 + 设计/编译/测试
心跳断: 11834秒前 (3×stale=900s)
进度: {'current': 0, 'message': '[3/6 ✓] 写完 REPORT.md. heartbeat 改 5min, 继续设计 EA 稿', 'total': 0}
→ 子 agent 已冻结，等你拍板（重试/换思路/取消）
[13:23:43] PUSH [error] 🚨 任务升级到 escalate: t-20260612-093433-1ce224
角色: researcher 等级: L
目标: 长期任务: 联网学习 MT4/MT5 EA + 免费EA解析 + 设计/编译/测试
心跳断: 11894秒前 (3×stale=900s)
进度: {'current': 0, 'message': '[3/6 ✓] 写完 REPORT.md. heartbeat 改 5min, 继续设计 EA 稿', 'total': 0}
→ 子 agent 已冻结，等你拍板（重试/换思路/取消）
[13:24:43] PUSH [error] 🚨 任务升级到 escalate: t-20260612-093433-1ce224
角色: researcher 等级: L
目标: 长期任务: 联网学习 MT4/MT5 EA + 免费EA解析 + 设计/编译/测试
心跳断: 11954秒前 (3×stale=900s)
进度: {'current': 0, 'message': '[3/6 ✓] 写完 REPORT.md. heartbeat 改 5min, 继续设计 EA 稿', 'total': 0}
→ 子 agent 已冻结，等你拍板（重试/换思路/取消）
[13:25:43] PUSH [error] 🚨 任务升级到 escalate: t-20260612-093433-1ce224
角色: researcher 等级: L
目标: 长期任务: 联网学习 MT4/MT5 EA + 免费EA解析 + 设计/编译/测试
心跳断: 12014秒前 (3×stale=900s)
进度: {'current': 0, 'message': '[3/6 ✓] 写完 REPORT.md. heartbeat 改 5min, 继续设计 EA 稿', 'total': 0}
→ 子 agent 已冻结，等你拍板（重试/换思路/取消）
[13:26:43] PUSH [error] 🚨 任务升级到 escalate: t-20260612-093433-1ce224
角色: researcher 等级: L
目标: 长期任务: 联网学习 MT4/MT5 EA + 免费EA解析 + 设计/编译/测试
心跳断: 12074秒前 (3×stale=900s)
进度: {'current': 0, 'message': '[3/6 ✓] 写完 REPORT.md. heartbeat 改 5min, 继续设计 EA 稿', 'total': 0}
→ 子 agent 已冻结，等你拍板（重试/换思路/取消）
[13:27:43] PUSH [error] 🚨 任务升级到 escalate: t-20260612-093433-1ce224
角色: researcher 等级: L
目标: 长期任务: 联网学习 MT4/MT5 EA + 免费EA解析 + 设计/编译/测试
心跳断: 12134秒前 (3×stale=900s)
进度: {'current': 0, 'message': '[3/6 ✓] 写完 REPORT.md. heartbeat 改 5min, 继续设计 EA 稿', 'total': 0}
→ 子 agent 已冻结，等你拍板（重试/换思路/取消）
[13:28:43] PUSH [error] 🚨 任务升级到 escalate: t-20260612-093433-1ce224
角色: researcher 等级: L
目标: 长期任务: 联网学习 MT4/MT5 EA + 免费EA解析 + 设计/编译/测试
心跳断: 12194秒前 (3×stale=900s)
进度: {'current': 0, 'message': '[3/6 ✓] 写完 REPORT.md. heartbeat 改 5min, 继续设计 EA 稿', 'total': 0}
→ 子 agent 已冻结，等你拍板（重试/换思路/取消）
[13:29:43] PUSH [error] 🚨 任务升级到 escalate: t-20260612-093433-1ce224
角色: researcher 等级: L
目标: 长期任务: 联网学习 MT4/MT5 EA + 免费EA解析 + 设计/编译/测试
心跳断: 12254秒前 (3×stale=900s)
进度: {'current': 0, 'message': '[3/6 ✓] 写完 REPORT.md. heartbeat 改 5min, 继续设计 EA 稿', 'total': 0}
→ 子 agent 已冻结，等你拍板（重试/换思路/取消）
[13:30:44] PUSH [error] 🚨 任务升级到 escalate: t-20260612-093433-1ce224
角色: researcher 等级: L
目标: 长期任务: 联网学习 MT4/MT5 EA + 免费EA解析 + 设计/编译/测试
心跳断: 12314秒前 (3×stale=900s)
进度: {'current': 0, 'message': '[3/6 ✓] 写完 REPORT.md. heartbeat 改 5min, 继续设计 EA 稿', 'total': 0}
→ 子 agent 已冻结，等你拍板（重试/换思路/取消）
[13:31:44] PUSH [error] 🚨 任务升级到 escalate: t-20260612-093433-1ce224
角色: researcher 等级: L
目标: 长期任务: 联网学习 MT4/MT5 EA + 免费EA解析 + 设计/编译/测试
心跳断: 12375秒前 (3×stale=900s)
进度: {'current': 0, 'message': '[3/6 ✓] 写完 REPORT.md. heartbeat 改 5min, 继续设计 EA 稿', 'total': 0}
→ 子 agent 已冻结，等你拍板（重试/换思路/取消）
[13:32:44] PUSH [error] 🚨 任务升级到 escalate: t-20260612-093433-1ce224
角色: researcher 等级: L
目标: 长期任务: 联网学习 MT4/MT5 EA + 免费EA解析 + 设计/编译/测试
心跳断: 12435秒前 (3×stale=900s)
进度: {'current': 0, 'message': '[3/6 ✓] 写完 REPORT.md. heartbeat 改 5min, 继续设计 EA 稿', 'total': 0}
→ 子 agent 已冻结，等你拍板（重试/换思路/取消）
[13:33:44] PUSH [error] 🚨 任务升级到 escalate: t-20260612-093433-1ce224
角色: researcher 等级: L
目标: 长期任务: 联网学习 MT4/MT5 EA + 免费EA解析 + 设计/编译/测试
心跳断: 12495秒前 (3×stale=900s)
进度: {'current': 0, 'message': '[3/6 ✓] 写完 REPORT.md. heartbeat 改 5min, 继续设计 EA 稿', 'total': 0}
→ 子 agent 已冻结，等你拍板（重试/换思路/取消）
[13:34:44] PUSH [error] 🚨 任务升级到 escalate: t-20260612-093433-1ce224
角色: researcher 等级: L
目标: 长期任务: 联网学习 MT4/MT5 EA + 免费EA解析 + 设计/编译/测试
心跳断: 12555秒前 (3×stale=900s)
进度: {'current': 0, 'message': '[3/6 ✓] 写完 REPORT.md. heartbeat 改 5min, 继续设计 EA 稿', 'total': 0}
→ 子 agent 已冻结，等你拍板（重试/换思路/取消）
[13:35:44] PUSH [error] 🚨 任务升级到 escalate: t-20260612-093433-1ce224
角色: researcher 等级: L
目标: 长期任务: 联网学习 MT4/MT5 EA + 免费EA解析 + 设计/编译/测试
心跳断: 12615秒前 (3×stale=900s)
进度: {'current': 0, 'message': '[3/6 ✓] 写完 REPORT.md. heartbeat 改 5min, 继续设计 EA 稿', 'total': 0}
→ 子 agent 已冻结，等你拍板（重试/换思路/取消）
[13:36:44] PUSH [error] 🚨 任务升级到 escalate: t-20260612-093433-1ce224
角色: researcher 等级: L
目标: 长期任务: 联网学习 MT4/MT5 EA + 免费EA解析 + 设计/编译/测试
心跳断: 12675秒前 (3×stale=900s)
进度: {'current': 0, 'message': '[3/6 ✓] 写完 REPORT.md. heartbeat 改 5min, 继续设计 EA 稿', 'total': 0}
→ 子 agent 已冻结，等你拍板（重试/换思路/取消）
[13:37:44] PUSH [error] 🚨 任务升级到 escalate: t-20260612-093433-1ce224
角色: researcher 等级: L
目标: 长期任务: 联网学习 MT4/MT5 EA + 免费EA解析 + 设计/编译/测试
心跳断: 12735秒前 (3×stale=900s)
进度: {'current': 0, 'message': '[3/6 ✓] 写完 REPORT.md. heartbeat 改 5min, 继续设计 EA 稿', 'total': 0}
→ 子 agent 已冻结，等你拍板（重试/换思路/取消）
[13:38:44] PUSH [error] 🚨 任务升级到 escalate: t-20260612-093433-1ce224
角色: researcher 等级: L
目标: 长期任务: 联网学习 MT4/MT5 EA + 免费EA解析 + 设计/编译/测试
心跳断: 12795秒前 (3×stale=900s)
进度: {'current': 0, 'message': '[3/6 ✓] 写完 REPORT.md. heartbeat 改 5min, 继续设计 EA 稿', 'total': 0}
→ 子 agent 已冻结，等你拍板（重试/换思路/取消）
[13:39:44] PUSH [error] 🚨 任务升级到 escalate: t-20260612-093433-1ce224
角色: researcher 等级: L
目标: 长期任务: 联网学习 MT4/MT5 EA + 免费EA解析 + 设计/编译/测试
心跳断: 12855秒前 (3×stale=900s)
进度: {'current': 0, 'message': '[3/6 ✓] 写完 REPORT.md. heartbeat 改 5min, 继续设计 EA 稿', 'total': 0}
→ 子 agent 已冻结，等你拍板（重试/换思路/取消）
[13:40:44] PUSH [error] 🚨 任务升级到 escalate: t-20260612-093433-1ce224
角色: researcher 等级: L
目标: 长期任务: 联网学习 MT4/MT5 EA + 免费EA解析 + 设计/编译/测试
心跳断: 12915秒前 (3×stale=900s)
进度: {'current': 0, 'message': '[3/6 ✓] 写完 REPORT.md. heartbeat 改 5min, 继续设计 EA 稿', 'total': 0}
→ 子 agent 已冻结，等你拍板（重试/换思路/取消）
[13:41:44] PUSH [error] 🚨 任务升级到 escalate: t-20260612-093433-1ce224
角色: researcher 等级: L
目标: 长期任务: 联网学习 MT4/MT5 EA + 免费EA解析 + 设计/编译/测试
心跳断: 12975秒前 (3×stale=900s)
进度: {'current': 0, 'message': '[3/6 ✓] 写完 REPORT.md. heartbeat 改 5min, 继续设计 EA 稿', 'total': 0}
→ 子 agent 已冻结，等你拍板（重试/换思路/取消）
[13:42:44] PUSH [error] 🚨 任务升级到 escalate: t-20260612-093433-1ce224
角色: researcher 等级: L
目标: 长期任务: 联网学习 MT4/MT5 EA + 免费EA解析 + 设计/编译/测试
心跳断: 13035秒前 (3×stale=900s)
进度: {'current': 0, 'message': '[3/6 ✓] 写完 REPORT.md. heartbeat 改 5min, 继续设计 EA 稿', 'total': 0}
→ 子 agent 已冻结，等你拍板（重试/换思路/取消）
[13:43:44] PUSH [error] 🚨 任务升级到 escalate: t-20260612-093433-1ce224
角色: researcher 等级: L
目标: 长期任务: 联网学习 MT4/MT5 EA + 免费EA解析 + 设计/编译/测试
心跳断: 13095秒前 (3×stale=900s)
进度: {'current': 0, 'message': '[3/6 ✓] 写完 REPORT.md. heartbeat 改 5min, 继续设计 EA 稿', 'total': 0}
→ 子 agent 已冻结，等你拍板（重试/换思路/取消）
[13:44:44] PUSH [error] 🚨 任务升级到 escalate: t-20260612-093433-1ce224
角色: researcher 等级: L
目标: 长期任务: 联网学习 MT4/MT5 EA + 免费EA解析 + 设计/编译/测试
心跳断: 13155秒前 (3×stale=900s)
进度: {'current': 0, 'message': '[3/6 ✓] 写完 REPORT.md. heartbeat 改 5min, 继续设计 EA 稿', 'total': 0}
→ 子 agent 已冻结，等你拍板（重试/换思路/取消）
[13:45:44] PUSH [error] 🚨 任务升级到 escalate: t-20260612-093433-1ce224
角色: researcher 等级: L
目标: 长期任务: 联网学习 MT4/MT5 EA + 免费EA解析 + 设计/编译/测试
心跳断: 13215秒前 (3×stale=900s)
进度: {'current': 0, 'message': '[3/6 ✓] 写完 REPORT.md. heartbeat 改 5min, 继续设计 EA 稿', 'total': 0}
→ 子 agent 已冻结，等你拍板（重试/换思路/取消）
[13:46:44] PUSH [error] 🚨 任务升级到 escalate: t-20260612-093433-1ce224
角色: researcher 等级: L
目标: 长期任务: 联网学习 MT4/MT5 EA + 免费EA解析 + 设计/编译/测试
心跳断: 13275秒前 (3×stale=900s)
进度: {'current': 0, 'message': '[3/6 ✓] 写完 REPORT.md. heartbeat 改 5min, 继续设计 EA 稿', 'total': 0}
→ 子 agent 已冻结，等你拍板（重试/换思路/取消）
[13:47:44] PUSH [error] 🚨 任务升级到 escalate: t-20260612-093433-1ce224
角色: researcher 等级: L
目标: 长期任务: 联网学习 MT4/MT5 EA + 免费EA解析 + 设计/编译/测试
心跳断: 13335秒前 (3×stale=900s)
进度: {'current': 0, 'message': '[3/6 ✓] 写完 REPORT.md. heartbeat 改 5min, 继续设计 EA 稿', 'total': 0}
→ 子 agent 已冻结，等你拍板（重试/换思路/取消）
[13:48:44] PUSH [error] 🚨 任务升级到 escalate: t-20260612-093433-1ce224
角色: researcher 等级: L
目标: 长期任务: 联网学习 MT4/MT5 EA + 免费EA解析 + 设计/编译/测试
心跳断: 13395秒前 (3×stale=900s)
进度: {'current': 0, 'message': '[3/6 ✓] 写完 REPORT.md. heartbeat 改 5min, 继续设计 EA 稿', 'total': 0}
→ 子 agent 已冻结，等你拍板（重试/换思路/取消）
[13:49:44] PUSH [error] 🚨 任务升级到 escalate: t-20260612-093433-1ce224
角色: researcher 等级: L
目标: 长期任务: 联网学习 MT4/MT5 EA + 免费EA解析 + 设计/编译/测试
心跳断: 13455秒前 (3×stale=900s)
进度: {'current': 0, 'message': '[3/6 ✓] 写完 REPORT.md. heartbeat 改 5min, 继续设计 EA 稿', 'total': 0}
→ 子 agent 已冻结，等你拍板（重试/换思路/取消）
[13:50:44] PUSH [error] 🚨 任务升级到 escalate: t-20260612-093433-1ce224
角色: researcher 等级: L
目标: 长期任务: 联网学习 MT4/MT5 EA + 免费EA解析 + 设计/编译/测试
心跳断: 13515秒前 (3×stale=900s)
进度: {'current': 0, 'message': '[3/6 ✓] 写完 REPORT.md. heartbeat 改 5min, 继续设计 EA 稿', 'total': 0}
→ 子 agent 已冻结，等你拍板（重试/换思路/取消）
[13:51:44] PUSH [error] 🚨 任务升级到 escalate: t-20260612-093433-1ce224
角色: researcher 等级: L
目标: 长期任务: 联网学习 MT4/MT5 EA + 免费EA解析 + 设计/编译/测试
心跳断: 13575秒前 (3×stale=900s)
进度: {'current': 0, 'message': '[3/6 ✓] 写完 REPORT.md. heartbeat 改 5min, 继续设计 EA 稿', 'total': 0}
→ 子 agent 已冻结，等你拍板（重试/换思路/取消）
[13:52:44] PUSH [error] 🚨 任务升级到 escalate: t-20260612-093433-1ce224
角色: researcher 等级: L
目标: 长期任务: 联网学习 MT4/MT5 EA + 免费EA解析 + 设计/编译/测试
心跳断: 13635秒前 (3×stale=900s)
进度: {'current': 0, 'message': '[3/6 ✓] 写完 REPORT.md. heartbeat 改 5min, 继续设计 EA 稿', 'total': 0}
→ 子 agent 已冻结，等你拍板（重试/换思路/取消）
[13:53:44] PUSH [error] 🚨 任务升级到 escalate: t-20260612-093433-1ce224
角色: researcher 等级: L
目标: 长期任务: 联网学习 MT4/MT5 EA + 免费EA解析 + 设计/编译/测试
心跳断: 13695秒前 (3×stale=900s)
进度: {'current': 0, 'message': '[3/6 ✓] 写完 REPORT.md. heartbeat 改 5min, 继续设计 EA 稿', 'total': 0}
→ 子 agent 已冻结，等你拍板（重试/换思路/取消）
[13:54:44] PUSH [error] 🚨 任务升级到 escalate: t-20260612-093433-1ce224
角色: researcher 等级: L
目标: 长期任务: 联网学习 MT4/MT5 EA + 免费EA解析 + 设计/编译/测试
心跳断: 13755秒前 (3×stale=900s)
进度: {'current': 0, 'message': '[3/6 ✓] 写完 REPORT.md. heartbeat 改 5min, 继续设计 EA 稿', 'total': 0}
→ 子 agent 已冻结，等你拍板（重试/换思路/取消）
[13:55:44] PUSH [error] 🚨 任务升级到 escalate: t-20260612-093433-1ce224
角色: researcher 等级: L
目标: 长期任务: 联网学习 MT4/MT5 EA + 免费EA解析 + 设计/编译/测试
心跳断: 13815秒前 (3×stale=900s)
进度: {'current': 0, 'message': '[3/6 ✓] 写完 REPORT.md. heartbeat 改 5min, 继续设计 EA 稿', 'total': 0}
→ 子 agent 已冻结，等你拍板（重试/换思路/取消）
[13:56:44] PUSH [error] 🚨 任务升级到 escalate: t-20260612-093433-1ce224
角色: researcher 等级: L
目标: 长期任务: 联网学习 MT4/MT5 EA + 免费EA解析 + 设计/编译/测试
心跳断: 13875秒前 (3×stale=900s)
进度: {'current': 0, 'message': '[3/6 ✓] 写完 REPORT.md. heartbeat 改 5min, 继续设计 EA 稿', 'total': 0}
→ 子 agent 已冻结，等你拍板（重试/换思路/取消）
[13:57:44] PUSH [error] 🚨 任务升级到 escalate: t-20260612-093433-1ce224
角色: researcher 等级: L
目标: 长期任务: 联网学习 MT4/MT5 EA + 免费EA解析 + 设计/编译/测试
心跳断: 13935秒前 (3×stale=900s)
进度: {'current': 0, 'message': '[3/6 ✓] 写完 REPORT.md. heartbeat 改 5min, 继续设计 EA 稿', 'total': 0}
→ 子 agent 已冻结，等你拍板（重试/换思路/取消）
[13:58:44] PUSH [error] 🚨 任务升级到 escalate: t-20260612-093433-1ce224
角色: researcher 等级: L
目标: 长期任务: 联网学习 MT4/MT5 EA + 免费EA解析 + 设计/编译/测试
心跳断: 13995秒前 (3×stale=900s)
进度: {'current': 0, 'message': '[3/6 ✓] 写完 REPORT.md. heartbeat 改 5min, 继续设计 EA 稿', 'total': 0}
→ 子 agent 已冻结，等你拍板（重试/换思路/取消）
[13:59:44] PUSH [error] 🚨 任务升级到 escalate: t-20260612-093433-1ce224
角色: researcher 等级: L
目标: 长期任务: 联网学习 MT4/MT5 EA + 免费EA解析 + 设计/编译/测试
心跳断: 14055秒前 (3×stale=900s)
进度: {'current': 0, 'message': '[3/6 ✓] 写完 REPORT.md. heartbeat 改 5min, 继续设计 EA 稿', 'total': 0}
→ 子 agent 已冻结，等你拍板（重试/换思路/取消）
[14:00:44] PUSH [error] 🚨 任务升级到 escalate: t-20260612-093433-1ce224
角色: researcher 等级: L
目标: 长期任务: 联网学习 MT4/MT5 EA + 免费EA解析 + 设计/编译/测试
心跳断: 14115秒前 (3×stale=900s)
进度: {'current': 0, 'message': '[3/6 ✓] 写完 REPORT.md. heartbeat 改 5min, 继续设计 EA 稿', 'total': 0}
→ 子 agent 已冻结，等你拍板（重试/换思路/取消）
[14:01:44] PUSH [error] 🚨 任务升级到 escalate: t-20260612-093433-1ce224
角色: researcher 等级: L
目标: 长期任务: 联网学习 MT4/MT5 EA + 免费EA解析 + 设计/编译/测试
心跳断: 14175秒前 (3×stale=900s)
进度: {'current': 0, 'message': '[3/6 ✓] 写完 REPORT.md. heartbeat 改 5min, 继续设计 EA 稿', 'total': 0}
→ 子 agent 已冻结，等你拍板（重试/换思路/取消）
[14:02:44] PUSH [error] 🚨 任务升级到 escalate: t-20260612-093433-1ce224
角色: researcher 等级: L
目标: 长期任务: 联网学习 MT4/MT5 EA + 免费EA解析 + 设计/编译/测试
心跳断: 14235秒前 (3×stale=900s)
进度: {'current': 0, 'message': '[3/6 ✓] 写完 REPORT.md. heartbeat 改 5min, 继续设计 EA 稿', 'total': 0}
→ 子 agent 已冻结，等你拍板（重试/换思路/取消）
[14:03:44] PUSH [error] 🚨 任务升级到 escalate: t-20260612-093433-1ce224
角色: researcher 等级: L
目标: 长期任务: 联网学习 MT4/MT5 EA + 免费EA解析 + 设计/编译/测试
心跳断: 14295秒前 (3×stale=900s)
进度: {'current': 0, 'message': '[3/6 ✓] 写完 REPORT.md. heartbeat 改 5min, 继续设计 EA 稿', 'total': 0}
→ 子 agent 已冻结，等你拍板（重试/换思路/取消）
[14:04:44] PUSH [error] 🚨 任务升级到 escalate: t-20260612-093433-1ce224
角色: researcher 等级: L
目标: 长期任务: 联网学习 MT4/MT5 EA + 免费EA解析 + 设计/编译/测试
心跳断: 14355秒前 (3×stale=900s)
进度: {'current': 0, 'message': '[3/6 ✓] 写完 REPORT.md. heartbeat 改 5min, 继续设计 EA 稿', 'total': 0}
→ 子 agent 已冻结，等你拍板（重试/换思路/取消）
[14:05:44] PUSH [error] 🚨 任务升级到 escalate: t-20260612-093433-1ce224
角色: researcher 等级: L
目标: 长期任务: 联网学习 MT4/MT5 EA + 免费EA解析 + 设计/编译/测试
心跳断: 14415秒前 (3×stale=900s)
进度: {'current': 0, 'message': '[3/6 ✓] 写完 REPORT.md. heartbeat 改 5min, 继续设计 EA 稿', 'total': 0}
→ 子 agent 已冻结，等你拍板（重试/换思路/取消）
[14:06:44] PUSH [error] 🚨 任务升级到 escalate: t-20260612-093433-1ce224
角色: researcher 等级: L
目标: 长期任务: 联网学习 MT4/MT5 EA + 免费EA解析 + 设计/编译/测试
心跳断: 14475秒前 (3×stale=900s)
进度: {'current': 0, 'message': '[3/6 ✓] 写完 REPORT.md. heartbeat 改 5min, 继续设计 EA 稿', 'total': 0}
→ 子 agent 已冻结，等你拍板（重试/换思路/取消）
[14:07:44] PUSH [error] 🚨 任务升级到 escalate: t-20260612-093433-1ce224
角色: researcher 等级: L
目标: 长期任务: 联网学习 MT4/MT5 EA + 免费EA解析 + 设计/编译/测试
心跳断: 14535秒前 (3×stale=900s)
进度: {'current': 0, 'message': '[3/6 ✓] 写完 REPORT.md. heartbeat 改 5min, 继续设计 EA 稿', 'total': 0}
→ 子 agent 已冻结，等你拍板（重试/换思路/取消）
[14:08:45] PUSH [error] 🚨 任务升级到 escalate: t-20260612-093433-1ce224
角色: researcher 等级: L
目标: 长期任务: 联网学习 MT4/MT5 EA + 免费EA解析 + 设计/编译/测试
心跳断: 14595秒前 (3×stale=900s)
进度: {'current': 0, 'message': '[3/6 ✓] 写完 REPORT.md. heartbeat 改 5min, 继续设计 EA 稿', 'total': 0}
→ 子 agent 已冻结，等你拍板（重试/换思路/取消）
[14:09:45] PUSH [error] 🚨 任务升级到 escalate: t-20260612-093433-1ce224
角色: researcher 等级: L
目标: 长期任务: 联网学习 MT4/MT5 EA + 免费EA解析 + 设计/编译/测试
心跳断: 14656秒前 (3×stale=900s)
进度: {'current': 0, 'message': '[3/6 ✓] 写完 REPORT.md. heartbeat 改 5min, 继续设计 EA 稿', 'total': 0}
→ 子 agent 已冻结，等你拍板（重试/换思路/取消）
[14:10:45] PUSH [error] 🚨 任务升级到 escalate: t-20260612-093433-1ce224
角色: researcher 等级: L
目标: 长期任务: 联网学习 MT4/MT5 EA + 免费EA解析 + 设计/编译/测试
心跳断: 14716秒前 (3×stale=900s)
进度: {'current': 0, 'message': '[3/6 ✓] 写完 REPORT.md. heartbeat 改 5min, 继续设计 EA 稿', 'total': 0}
→ 子 agent 已冻结，等你拍板（重试/换思路/取消）
[14:11:45] PUSH [error] 🚨 任务升级到 escalate: t-20260612-093433-1ce224
角色: researcher 等级: L
目标: 长期任务: 联网学习 MT4/MT5 EA + 免费EA解析 + 设计/编译/测试
心跳断: 14776秒前 (3×stale=900s)
进度: {'current': 0, 'message': '[3/6 ✓] 写完 REPORT.md. heartbeat 改 5min, 继续设计 EA 稿', 'total': 0}
→ 子 agent 已冻结，等你拍板（重试/换思路/取消）
[14:12:45] PUSH [error] 🚨 任务升级到 escalate: t-20260612-093433-1ce224
角色: researcher 等级: L
目标: 长期任务: 联网学习 MT4/MT5 EA + 免费EA解析 + 设计/编译/测试
心跳断: 14836秒前 (3×stale=900s)
进度: {'current': 0, 'message': '[3/6 ✓] 写完 REPORT.md. heartbeat 改 5min, 继续设计 EA 稿', 'total': 0}
→ 子 agent 已冻结，等你拍板（重试/换思路/取消）
[14:13:45] PUSH [error] 🚨 任务升级到 escalate: t-20260612-093433-1ce224
角色: researcher 等级: L
目标: 长期任务: 联网学习 MT4/MT5 EA + 免费EA解析 + 设计/编译/测试
心跳断: 14896秒前 (3×stale=900s)
进度: {'current': 0, 'message': '[3/6 ✓] 写完 REPORT.md. heartbeat 改 5min, 继续设计 EA 稿', 'total': 0}
→ 子 agent 已冻结，等你拍板（重试/换思路/取消）
[14:14:45] PUSH [error] 🚨 任务升级到 escalate: t-20260612-093433-1ce224
角色: researcher 等级: L
目标: 长期任务: 联网学习 MT4/MT5 EA + 免费EA解析 + 设计/编译/测试
心跳断: 14956秒前 (3×stale=900s)
进度: {'current': 0, 'message': '[3/6 ✓] 写完 REPORT.md. heartbeat 改 5min, 继续设计 EA 稿', 'total': 0}
→ 子 agent 已冻结，等你拍板（重试/换思路/取消）
[14:15:45] PUSH [error] 🚨 任务升级到 escalate: t-20260612-093433-1ce224
角色: researcher 等级: L
目标: 长期任务: 联网学习 MT4/MT5 EA + 免费EA解析 + 设计/编译/测试
心跳断: 15016秒前 (3×stale=900s)
进度: {'current': 0, 'message': '[3/6 ✓] 写完 REPORT.md. heartbeat 改 5min, 继续设计 EA 稿', 'total': 0}
→ 子 agent 已冻结，等你拍板（重试/换思路/取消）
[14:16:45] PUSH [error] 🚨 任务升级到 escalate: t-20260612-093433-1ce224
角色: researcher 等级: L
目标: 长期任务: 联网学习 MT4/MT5 EA + 免费EA解析 + 设计/编译/测试
心跳断: 15076秒前 (3×stale=900s)
进度: {'current': 0, 'message': '[3/6 ✓] 写完 REPORT.md. heartbeat 改 5min, 继续设计 EA 稿', 'total': 0}
→ 子 agent 已冻结，等你拍板（重试/换思路/取消）
[14:17:45] PUSH [error] 🚨 任务升级到 escalate: t-20260612-093433-1ce224
角色: researcher 等级: L
目标: 长期任务: 联网学习 MT4/MT5 EA + 免费EA解析 + 设计/编译/测试
心跳断: 15136秒前 (3×stale=900s)
进度: {'current': 0, 'message': '[3/6 ✓] 写完 REPORT.md. heartbeat 改 5min, 继续设计 EA 稿', 'total': 0}
→ 子 agent 已冻结，等你拍板（重试/换思路/取消）
[14:18:45] PUSH [error] 🚨 任务升级到 escalate: t-20260612-093433-1ce224
角色: researcher 等级: L
目标: 长期任务: 联网学习 MT4/MT5 EA + 免费EA解析 + 设计/编译/测试
心跳断: 15196秒前 (3×stale=900s)
进度: {'current': 0, 'message': '[3/6 ✓] 写完 REPORT.md. heartbeat 改 5min, 继续设计 EA 稿', 'total': 0}
→ 子 agent 已冻结，等你拍板（重试/换思路/取消）
[14:19:45] PUSH [error] 🚨 任务升级到 escalate: t-20260612-093433-1ce224
角色: researcher 等级: L
目标: 长期任务: 联网学习 MT4/MT5 EA + 免费EA解析 + 设计/编译/测试
心跳断: 15256秒前 (3×stale=900s)
进度: {'current': 0, 'message': '[3/6 ✓] 写完 REPORT.md. heartbeat 改 5min, 继续设计 EA 稿', 'total': 0}
→ 子 agent 已冻结，等你拍板（重试/换思路/取消）
[14:20:45] PUSH [error] 🚨 任务升级到 escalate: t-20260612-093433-1ce224
角色: researcher 等级: L
目标: 长期任务: 联网学习 MT4/MT5 EA + 免费EA解析 + 设计/编译/测试
心跳断: 15316秒前 (3×stale=900s)
进度: {'current': 0, 'message': '[3/6 ✓] 写完 REPORT.md. heartbeat 改 5min, 继续设计 EA 稿', 'total': 0}
→ 子 agent 已冻结，等你拍板（重试/换思路/取消）
[14:21:45] PUSH [error] 🚨 任务升级到 escalate: t-20260612-093433-1ce224
角色: researcher 等级: L
目标: 长期任务: 联网学习 MT4/MT5 EA + 免费EA解析 + 设计/编译/测试
心跳断: 15376秒前 (3×stale=900s)
进度: {'current': 0, 'message': '[3/6 ✓] 写完 REPORT.md. heartbeat 改 5min, 继续设计 EA 稿', 'total': 0}
→ 子 agent 已冻结，等你拍板（重试/换思路/取消）
[14:22:45] PUSH [error] 🚨 任务升级到 escalate: t-20260612-093433-1ce224
角色: researcher 等级: L
目标: 长期任务: 联网学习 MT4/MT5 EA + 免费EA解析 + 设计/编译/测试
心跳断: 15436秒前 (3×stale=900s)
进度: {'current': 0, 'message': '[3/6 ✓] 写完 REPORT.md. heartbeat 改 5min, 继续设计 EA 稿', 'total': 0}
→ 子 agent 已冻结，等你拍板（重试/换思路/取消）
[14:23:45] PUSH [error] 🚨 任务升级到 escalate: t-20260612-093433-1ce224
角色: researcher 等级: L
目标: 长期任务: 联网学习 MT4/MT5 EA + 免费EA解析 + 设计/编译/测试
心跳断: 15496秒前 (3×stale=900s)
进度: {'current': 0, 'message': '[3/6 ✓] 写完 REPORT.md. heartbeat 改 5min, 继续设计 EA 稿', 'total': 0}
→ 子 agent 已冻结，等你拍板（重试/换思路/取消）
[14:24:45] PUSH [error] 🚨 任务升级到 escalate: t-20260612-093433-1ce224
角色: researcher 等级: L
目标: 长期任务: 联网学习 MT4/MT5 EA + 免费EA解析 + 设计/编译/测试
心跳断: 15556秒前 (3×stale=900s)
进度: {'current': 0, 'message': '[3/6 ✓] 写完 REPORT.md. heartbeat 改 5min, 继续设计 EA 稿', 'total': 0}
→ 子 agent 已冻结，等你拍板（重试/换思路/取消）
[14:25:45] PUSH [error] 🚨 任务升级到 escalate: t-20260612-093433-1ce224
角色: researcher 等级: L
目标: 长期任务: 联网学习 MT4/MT5 EA + 免费EA解析 + 设计/编译/测试
心跳断: 15616秒前 (3×stale=900s)
进度: {'current': 0, 'message': '[3/6 ✓] 写完 REPORT.md. heartbeat 改 5min, 继续设计 EA 稿', 'total': 0}
→ 子 agent 已冻结，等你拍板（重试/换思路/取消）
[14:26:45] PUSH [error] 🚨 任务升级到 escalate: t-20260612-093433-1ce224
角色: researcher 等级: L
目标: 长期任务: 联网学习 MT4/MT5 EA + 免费EA解析 + 设计/编译/测试
心跳断: 15676秒前 (3×stale=900s)
进度: {'current': 0, 'message': '[3/6 ✓] 写完 REPORT.md. heartbeat 改 5min, 继续设计 EA 稿', 'total': 0}
→ 子 agent 已冻结，等你拍板（重试/换思路/取消）
[14:27:45] PUSH [error] 🚨 任务升级到 escalate: t-20260612-093433-1ce224
角色: researcher 等级: L
目标: 长期任务: 联网学习 MT4/MT5 EA + 免费EA解析 + 设计/编译/测试
心跳断: 15736秒前 (3×stale=900s)
进度: {'current': 0, 'message': '[3/6 ✓] 写完 REPORT.md. heartbeat 改 5min, 继续设计 EA 稿', 'total': 0}
→ 子 agent 已冻结，等你拍板（重试/换思路/取消）
[14:28:45] PUSH [error] 🚨 任务升级到 escalate: t-20260612-093433-1ce224
角色: researcher 等级: L
目标: 长期任务: 联网学习 MT4/MT5 EA + 免费EA解析 + 设计/编译/测试
心跳断: 15796秒前 (3×stale=900s)
进度: {'current': 0, 'message': '[3/6 ✓] 写完 REPORT.md. heartbeat 改 5min, 继续设计 EA 稿', 'total': 0}
→ 子 agent 已冻结，等你拍板（重试/换思路/取消）
[14:29:45] PUSH [error] 🚨 任务升级到 escalate: t-20260612-093433-1ce224
角色: researcher 等级: L
目标: 长期任务: 联网学习 MT4/MT5 EA + 免费EA解析 + 设计/编译/测试
心跳断: 15856秒前 (3×stale=900s)
进度: {'current': 0, 'message': '[3/6 ✓] 写完 REPORT.md. heartbeat 改 5min, 继续设计 EA 稿', 'total': 0}
→ 子 agent 已冻结，等你拍板（重试/换思路/取消）
[14:30:45] PUSH [error] 🚨 任务升级到 escalate: t-20260612-093433-1ce224
角色: researcher 等级: L
目标: 长期任务: 联网学习 MT4/MT5 EA + 免费EA解析 + 设计/编译/测试
心跳断: 15916秒前 (3×stale=900s)
进度: {'current': 0, 'message': '[3/6 ✓] 写完 REPORT.md. heartbeat 改 5min, 继续设计 EA 稿', 'total': 0}
→ 子 agent 已冻结，等你拍板（重试/换思路/取消）
[14:31:45] PUSH [error] 🚨 任务升级到 escalate: t-20260612-093433-1ce224
角色: researcher 等级: L
目标: 长期任务: 联网学习 MT4/MT5 EA + 免费EA解析 + 设计/编译/测试
心跳断: 15976秒前 (3×stale=900s)
进度: {'current': 0, 'message': '[3/6 ✓] 写完 REPORT.md. heartbeat 改 5min, 继续设计 EA 稿', 'total': 0}
→ 子 agent 已冻结，等你拍板（重试/换思路/取消）
[14:32:45] PUSH [error] 🚨 任务升级到 escalate: t-20260612-093433-1ce224
角色: researcher 等级: L
目标: 长期任务: 联网学习 MT4/MT5 EA + 免费EA解析 + 设计/编译/测试
心跳断: 16036秒前 (3×stale=900s)
进度: {'current': 0, 'message': '[3/6 ✓] 写完 REPORT.md. heartbeat 改 5min, 继续设计 EA 稿', 'total': 0}
→ 子 agent 已冻结，等你拍板（重试/换思路/取消）
[14:33:45] PUSH [error] 🚨 任务升级到 escalate: t-20260612-093433-1ce224
角色: researcher 等级: L
目标: 长期任务: 联网学习 MT4/MT5 EA + 免费EA解析 + 设计/编译/测试
心跳断: 16096秒前 (3×stale=900s)
进度: {'current': 0, 'message': '[3/6 ✓] 写完 REPORT.md. heartbeat 改 5min, 继续设计 EA 稿', 'total': 0}
→ 子 agent 已冻结，等你拍板（重试/换思路/取消）
[14:34:45] PUSH [error] 🚨 任务升级到 escalate: t-20260612-093433-1ce224
角色: researcher 等级: L
目标: 长期任务: 联网学习 MT4/MT5 EA + 免费EA解析 + 设计/编译/测试
心跳断: 16156秒前 (3×stale=900s)
进度: {'current': 0, 'message': '[3/6 ✓] 写完 REPORT.md. heartbeat 改 5min, 继续设计 EA 稿', 'total': 0}
→ 子 agent 已冻结，等你拍板（重试/换思路/取消）
[14:35:45] PUSH [error] 🚨 任务升级到 escalate: t-20260612-093433-1ce224
角色: researcher 等级: L
目标: 长期任务: 联网学习 MT4/MT5 EA + 免费EA解析 + 设计/编译/测试
心跳断: 16216秒前 (3×stale=900s)
进度: {'current': 0, 'message': '[3/6 ✓] 写完 REPORT.md. heartbeat 改 5min, 继续设计 EA 稿', 'total': 0}
→ 子 agent 已冻结，等你拍板（重试/换思路/取消）
[14:36:45] PUSH [error] 🚨 任务升级到 escalate: t-20260612-093433-1ce224
角色: researcher 等级: L
目标: 长期任务: 联网学习 MT4/MT5 EA + 免费EA解析 + 设计/编译/测试
心跳断: 16276秒前 (3×stale=900s)
进度: {'current': 0, 'message': '[3/6 ✓] 写完 REPORT.md. heartbeat 改 5min, 继续设计 EA 稿', 'total': 0}
→ 子 agent 已冻结，等你拍板（重试/换思路/取消）
[14:37:45] PUSH [error] 🚨 任务升级到 escalate: t-20260612-093433-1ce224
角色: researcher 等级: L
目标: 长期任务: 联网学习 MT4/MT5 EA + 免费EA解析 + 设计/编译/测试
心跳断: 16336秒前 (3×stale=900s)
进度: {'current': 0, 'message': '[3/6 ✓] 写完 REPORT.md. heartbeat 改 5min, 继续设计 EA 稿', 'total': 0}
→ 子 agent 已冻结，等你拍板（重试/换思路/取消）
[14:38:45] PUSH [error] 🚨 任务升级到 escalate: t-20260612-093433-1ce224
角色: researcher 等级: L
目标: 长期任务: 联网学习 MT4/MT5 EA + 免费EA解析 + 设计/编译/测试
心跳断: 16396秒前 (3×stale=900s)
进度: {'current': 0, 'message': '[3/6 ✓] 写完 REPORT.md. heartbeat 改 5min, 继续设计 EA 稿', 'total': 0}
→ 子 agent 已冻结，等你拍板（重试/换思路/取消）
[14:39:45] PUSH [error] 🚨 任务升级到 escalate: t-20260612-093433-1ce224
角色: researcher 等级: L
目标: 长期任务: 联网学习 MT4/MT5 EA + 免费EA解析 + 设计/编译/测试
心跳断: 16456秒前 (3×stale=900s)
进度: {'current': 0, 'message': '[3/6 ✓] 写完 REPORT.md. heartbeat 改 5min, 继续设计 EA 稿', 'total': 0}
→ 子 agent 已冻结，等你拍板（重试/换思路/取消）
[14:40:45] PUSH [error] 🚨 任务升级到 escalate: t-20260612-093433-1ce224
角色: researcher 等级: L
目标: 长期任务: 联网学习 MT4/MT5 EA + 免费EA解析 + 设计/编译/测试
心跳断: 16516秒前 (3×stale=900s)
进度: {'current': 0, 'message': '[3/6 ✓] 写完 REPORT.md. heartbeat 改 5min, 继续设计 EA 稿', 'total': 0}
→ 子 agent 已冻结，等你拍板（重试/换思路/取消）
[14:41:45] PUSH [error] 🚨 任务升级到 escalate: t-20260612-093433-1ce224
角色: researcher 等级: L
目标: 长期任务: 联网学习 MT4/MT5 EA + 免费EA解析 + 设计/编译/测试
心跳断: 16576秒前 (3×stale=900s)
进度: {'current': 0, 'message': '[3/6 ✓] 写完 REPORT.md. heartbeat 改 5min, 继续设计 EA 稿', 'total': 0}
→ 子 agent 已冻结，等你拍板（重试/换思路/取消）
[14:42:45] PUSH [error] 🚨 任务升级到 escalate: t-20260612-093433-1ce224
角色: researcher 等级: L
目标: 长期任务: 联网学习 MT4/MT5 EA + 免费EA解析 + 设计/编译/测试
心跳断: 16636秒前 (3×stale=900s)
进度: {'current': 0, 'message': '[3/6 ✓] 写完 REPORT.md. heartbeat 改 5min, 继续设计 EA 稿', 'total': 0}
→ 子 agent 已冻结，等你拍板（重试/换思路/取消）
[14:43:45] PUSH [error] 🚨 任务升级到 escalate: t-20260612-093433-1ce224
角色: researcher 等级: L
目标: 长期任务: 联网学习 MT4/MT5 EA + 免费EA解析 + 设计/编译/测试
心跳断: 16696秒前 (3×stale=900s)
进度: {'current': 0, 'message': '[3/6 ✓] 写完 REPORT.md. heartbeat 改 5min, 继续设计 EA 稿', 'total': 0}
→ 子 agent 已冻结，等你拍板（重试/换思路/取消）
[14:44:45] PUSH [error] 🚨 任务升级到 escalate: t-20260612-093433-1ce224
角色: researcher 等级: L
目标: 长期任务: 联网学习 MT4/MT5 EA + 免费EA解析 + 设计/编译/测试
心跳断: 16756秒前 (3×stale=900s)
进度: {'current': 0, 'message': '[3/6 ✓] 写完 REPORT.md. heartbeat 改 5min, 继续设计 EA 稿', 'total': 0}
→ 子 agent 已冻结，等你拍板（重试/换思路/取消）
[14:45:46] PUSH [error] 🚨 任务升级到 escalate: t-20260612-093433-1ce224
角色: researcher 等级: L
目标: 长期任务: 联网学习 MT4/MT5 EA + 免费EA解析 + 设计/编译/测试
心跳断: 16816秒前 (3×stale=900s)
进度: {'current': 0, 'message': '[3/6 ✓] 写完 REPORT.md. heartbeat 改 5min, 继续设计 EA 稿', 'total': 0}
→ 子 agent 已冻结，等你拍板（重试/换思路/取消）
[14:46:46] PUSH [error] 🚨 任务升级到 escalate: t-20260612-093433-1ce224
角色: researcher 等级: L
目标: 长期任务: 联网学习 MT4/MT5 EA + 免费EA解析 + 设计/编译/测试
心跳断: 16877秒前 (3×stale=900s)
进度: {'current': 0, 'message': '[3/6 ✓] 写完 REPORT.md. heartbeat 改 5min, 继续设计 EA 稿', 'total': 0}
→ 子 agent 已冻结，等你拍板（重试/换思路/取消）
[14:47:46] PUSH [error] 🚨 任务升级到 escalate: t-20260612-093433-1ce224
角色: researcher 等级: L
目标: 长期任务: 联网学习 MT4/MT5 EA + 免费EA解析 + 设计/编译/测试
心跳断: 16937秒前 (3×stale=900s)
进度: {'current': 0, 'message': '[3/6 ✓] 写完 REPORT.md. heartbeat 改 5min, 继续设计 EA 稿', 'total': 0}
→ 子 agent 已冻结，等你拍板（重试/换思路/取消）
[14:48:46] PUSH [error] 🚨 任务升级到 escalate: t-20260612-093433-1ce224
角色: researcher 等级: L
目标: 长期任务: 联网学习 MT4/MT5 EA + 免费EA解析 + 设计/编译/测试
心跳断: 16997秒前 (3×stale=900s)
进度: {'current': 0, 'message': '[3/6 ✓] 写完 REPORT.md. heartbeat 改 5min, 继续设计 EA 稿', 'total': 0}
→ 子 agent 已冻结，等你拍板（重试/换思路/取消）
[14:49:46] PUSH [error] 🚨 任务升级到 escalate: t-20260612-093433-1ce224
角色: researcher 等级: L
目标: 长期任务: 联网学习 MT4/MT5 EA + 免费EA解析 + 设计/编译/测试
心跳断: 17057秒前 (3×stale=900s)
进度: {'current': 0, 'message': '[3/6 ✓] 写完 REPORT.md. heartbeat 改 5min, 继续设计 EA 稿', 'total': 0}
→ 子 agent 已冻结，等你拍板（重试/换思路/取消）
[14:50:46] PUSH [error] 🚨 任务升级到 escalate: t-20260612-093433-1ce224
角色: researcher 等级: L
目标: 长期任务: 联网学习 MT4/MT5 EA + 免费EA解析 + 设计/编译/测试
心跳断: 17117秒前 (3×stale=900s)
进度: {'current': 0, 'message': '[3/6 ✓] 写完 REPORT.md. heartbeat 改 5min, 继续设计 EA 稿', 'total': 0}
→ 子 agent 已冻结，等你拍板（重试/换思路/取消）
[14:51:46] PUSH [error] 🚨 任务升级到 escalate: t-20260612-093433-1ce224
角色: researcher 等级: L
目标: 长期任务: 联网学习 MT4/MT5 EA + 免费EA解析 + 设计/编译/测试
心跳断: 17177秒前 (3×stale=900s)
进度: {'current': 0, 'message': '[3/6 ✓] 写完 REPORT.md. heartbeat 改 5min, 继续设计 EA 稿', 'total': 0}
→ 子 agent 已冻结，等你拍板（重试/换思路/取消）
[14:52:46] PUSH [error] 🚨 任务升级到 escalate: t-20260612-093433-1ce224
角色: researcher 等级: L
目标: 长期任务: 联网学习 MT4/MT5 EA + 免费EA解析 + 设计/编译/测试
心跳断: 17237秒前 (3×stale=900s)
进度: {'current': 0, 'message': '[3/6 ✓] 写完 REPORT.md. heartbeat 改 5min, 继续设计 EA 稿', 'total': 0}
→ 子 agent 已冻结，等你拍板（重试/换思路/取消）
[14:53:46] PUSH [error] 🚨 任务升级到 escalate: t-20260612-093433-1ce224
角色: researcher 等级: L
目标: 长期任务: 联网学习 MT4/MT5 EA + 免费EA解析 + 设计/编译/测试
心跳断: 17297秒前 (3×stale=900s)
进度: {'current': 0, 'message': '[3/6 ✓] 写完 REPORT.md. heartbeat 改 5min, 继续设计 EA 稿', 'total': 0}
→ 子 agent 已冻结，等你拍板（重试/换思路/取消）
[14:54:46] PUSH [error] 🚨 任务升级到 escalate: t-20260612-093433-1ce224
角色: researcher 等级: L
目标: 长期任务: 联网学习 MT4/MT5 EA + 免费EA解析 + 设计/编译/测试
心跳断: 17357秒前 (3×stale=900s)
进度: {'current': 0, 'message': '[3/6 ✓] 写完 REPORT.md. heartbeat 改 5min, 继续设计 EA 稿', 'total': 0}
→ 子 agent 已冻结，等你拍板（重试/换思路/取消）
[14:55:46] PUSH [error] 🚨 任务升级到 escalate: t-20260612-093433-1ce224
角色: researcher 等级: L
目标: 长期任务: 联网学习 MT4/MT5 EA + 免费EA解析 + 设计/编译/测试
心跳断: 17417秒前 (3×stale=900s)
进度: {'current': 0, 'message': '[3/6 ✓] 写完 REPORT.md. heartbeat 改 5min, 继续设计 EA 稿', 'total': 0}
→ 子 agent 已冻结，等你拍板（重试/换思路/取消）
[14:56:46] PUSH [error] 🚨 任务升级到 escalate: t-20260612-093433-1ce224
角色: researcher 等级: L
目标: 长期任务: 联网学习 MT4/MT5 EA + 免费EA解析 + 设计/编译/测试
心跳断: 17477秒前 (3×stale=900s)
进度: {'current': 0, 'message': '[3/6 ✓] 写完 REPORT.md. heartbeat 改 5min, 继续设计 EA 稿', 'total': 0}
→ 子 agent 已冻结，等你拍板（重试/换思路/取消）
[14:57:46] PUSH [error] 🚨 任务升级到 escalate: t-20260612-093433-1ce224
角色: researcher 等级: L
目标: 长期任务: 联网学习 MT4/MT5 EA + 免费EA解析 + 设计/编译/测试
心跳断: 17537秒前 (3×stale=900s)
进度: {'current': 0, 'message': '[3/6 ✓] 写完 REPORT.md. heartbeat 改 5min, 继续设计 EA 稿', 'total': 0}
→ 子 agent 已冻结，等你拍板（重试/换思路/取消）
[14:58:46] PUSH [error] 🚨 任务升级到 escalate: t-20260612-093433-1ce224
角色: researcher 等级: L
目标: 长期任务: 联网学习 MT4/MT5 EA + 免费EA解析 + 设计/编译/测试
心跳断: 17597秒前 (3×stale=900s)
进度: {'current': 0, 'message': '[3/6 ✓] 写完 REPORT.md. heartbeat 改 5min, 继续设计 EA 稿', 'total': 0}
→ 子 agent 已冻结，等你拍板（重试/换思路/取消）
[14:59:46] PUSH [error] 🚨 任务升级到 escalate: t-20260612-093433-1ce224
角色: researcher 等级: L
目标: 长期任务: 联网学习 MT4/MT5 EA + 免费EA解析 + 设计/编译/测试
心跳断: 17657秒前 (3×stale=900s)
进度: {'current': 0, 'message': '[3/6 ✓] 写完 REPORT.md. heartbeat 改 5min, 继续设计 EA 稿', 'total': 0}
→ 子 agent 已冻结，等你拍板（重试/换思路/取消）
[15:00:46] PUSH [error] 🚨 任务升级到 escalate: t-20260612-093433-1ce224
角色: researcher 等级: L
目标: 长期任务: 联网学习 MT4/MT5 EA + 免费EA解析 + 设计/编译/测试
心跳断: 17717秒前 (3×stale=900s)
进度: {'current': 0, 'message': '[3/6 ✓] 写完 REPORT.md. heartbeat 改 5min, 继续设计 EA 稿', 'total': 0}
→ 子 agent 已冻结，等你拍板（重试/换思路/取消）
[15:01:46] PUSH [error] 🚨 任务升级到 escalate: t-20260612-093433-1ce224
角色: researcher 等级: L
目标: 长期任务: 联网学习 MT4/MT5 EA + 免费EA解析 + 设计/编译/测试
心跳断: 17777秒前 (3×stale=900s)
进度: {'current': 0, 'message': '[3/6 ✓] 写完 REPORT.md. heartbeat 改 5min, 继续设计 EA 稿', 'total': 0}
→ 子 agent 已冻结，等你拍板（重试/换思路/取消）
[15:02:46] PUSH [error] 🚨 任务升级到 escalate: t-20260612-093433-1ce224
角色: researcher 等级: L
目标: 长期任务: 联网学习 MT4/MT5 EA + 免费EA解析 + 设计/编译/测试
心跳断: 17837秒前 (3×stale=900s)
进度: {'current': 0, 'message': '[3/6 ✓] 写完 REPORT.md. heartbeat 改 5min, 继续设计 EA 稿', 'total': 0}
→ 子 agent 已冻结，等你拍板（重试/换思路/取消）
[15:03:46] PUSH [error] 🚨 任务升级到 escalate: t-20260612-093433-1ce224
角色: researcher 等级: L
目标: 长期任务: 联网学习 MT4/MT5 EA + 免费EA解析 + 设计/编译/测试
心跳断: 17897秒前 (3×stale=900s)
进度: {'current': 0, 'message': '[3/6 ✓] 写完 REPORT.md. heartbeat 改 5min, 继续设计 EA 稿', 'total': 0}
→ 子 agent 已冻结，等你拍板（重试/换思路/取消）
[15:04:46] PUSH [error] 🚨 任务升级到 escalate: t-20260612-093433-1ce224
角色: researcher 等级: L
目标: 长期任务: 联网学习 MT4/MT5 EA + 免费EA解析 + 设计/编译/测试
心跳断: 17957秒前 (3×stale=900s)
进度: {'current': 0, 'message': '[3/6 ✓] 写完 REPORT.md. heartbeat 改 5min, 继续设计 EA 稿', 'total': 0}
→ 子 agent 已冻结，等你拍板（重试/换思路/取消）
[15:05:46] PUSH [error] 🚨 任务升级到 escalate: t-20260612-093433-1ce224
角色: researcher 等级: L
目标: 长期任务: 联网学习 MT4/MT5 EA + 免费EA解析 + 设计/编译/测试
心跳断: 18017秒前 (3×stale=900s)
进度: {'current': 0, 'message': '[3/6 ✓] 写完 REPORT.md. heartbeat 改 5min, 继续设计 EA 稿', 'total': 0}
→ 子 agent 已冻结，等你拍板（重试/换思路/取消）
[15:06:46] PUSH [error] 🚨 任务升级到 escalate: t-20260612-093433-1ce224
角色: researcher 等级: L
目标: 长期任务: 联网学习 MT4/MT5 EA + 免费EA解析 + 设计/编译/测试
心跳断: 18077秒前 (3×stale=900s)
进度: {'current': 0, 'message': '[3/6 ✓] 写完 REPORT.md. heartbeat 改 5min, 继续设计 EA 稿', 'total': 0}
→ 子 agent 已冻结，等你拍板（重试/换思路/取消）
[15:07:46] PUSH [error] 🚨 任务升级到 escalate: t-20260612-093433-1ce224
角色: researcher 等级: L
目标: 长期任务: 联网学习 MT4/MT5 EA + 免费EA解析 + 设计/编译/测试
心跳断: 18137秒前 (3×stale=900s)
进度: {'current': 0, 'message': '[3/6 ✓] 写完 REPORT.md. heartbeat 改 5min, 继续设计 EA 稿', 'total': 0}
→ 子 agent 已冻结，等你拍板（重试/换思路/取消）
[15:08:46] PUSH [error] 🚨 任务升级到 escalate: t-20260612-093433-1ce224
角色: researcher 等级: L
目标: 长期任务: 联网学习 MT4/MT5 EA + 免费EA解析 + 设计/编译/测试
心跳断: 18197秒前 (3×stale=900s)
进度: {'current': 0, 'message': '[3/6 ✓] 写完 REPORT.md. heartbeat 改 5min, 继续设计 EA 稿', 'total': 0}
→ 子 agent 已冻结，等你拍板（重试/换思路/取消）
[15:09:46] PUSH [error] 🚨 任务升级到 escalate: t-20260612-093433-1ce224
角色: researcher 等级: L
目标: 长期任务: 联网学习 MT4/MT5 EA + 免费EA解析 + 设计/编译/测试
心跳断: 18257秒前 (3×stale=900s)
进度: {'current': 0, 'message': '[3/6 ✓] 写完 REPORT.md. heartbeat 改 5min, 继续设计 EA 稿', 'total': 0}
→ 子 agent 已冻结，等你拍板（重试/换思路/取消）
[15:10:46] PUSH [error] 🚨 任务升级到 escalate: t-20260612-093433-1ce224
角色: researcher 等级: L
目标: 长期任务: 联网学习 MT4/MT5 EA + 免费EA解析 + 设计/编译/测试
心跳断: 18317秒前 (3×stale=900s)
进度: {'current': 0, 'message': '[3/6 ✓] 写完 REPORT.md. heartbeat 改 5min, 继续设计 EA 稿', 'total': 0}
→ 子 agent 已冻结，等你拍板（重试/换思路/取消）
[15:11:46] PUSH [error] 🚨 任务升级到 escalate: t-20260612-093433-1ce224
角色: researcher 等级: L
目标: 长期任务: 联网学习 MT4/MT5 EA + 免费EA解析 + 设计/编译/测试
心跳断: 18377秒前 (3×stale=900s)
进度: {'current': 0, 'message': '[3/6 ✓] 写完 REPORT.md. heartbeat 改 5min, 继续设计 EA 稿', 'total': 0}
→ 子 agent 已冻结，等你拍板（重试/换思路/取消）
[15:12:46] PUSH [error] 🚨 任务升级到 escalate: t-20260612-093433-1ce224
角色: researcher 等级: L
目标: 长期任务: 联网学习 MT4/MT5 EA + 免费EA解析 + 设计/编译/测试
心跳断: 18437秒前 (3×stale=900s)
进度: {'current': 0, 'message': '[3/6 ✓] 写完 REPORT.md. heartbeat 改 5min, 继续设计 EA 稿', 'total': 0}
→ 子 agent 已冻结，等你拍板（重试/换思路/取消）
[15:13:46] PUSH [error] 🚨 任务升级到 escalate: t-20260612-093433-1ce224
角色: researcher 等级: L
目标: 长期任务: 联网学习 MT4/MT5 EA + 免费EA解析 + 设计/编译/测试
心跳断: 18497秒前 (3×stale=900s)
进度: {'current': 0, 'message': '[3/6 ✓] 写完 REPORT.md. heartbeat 改 5min, 继续设计 EA 稿', 'total': 0}
→ 子 agent 已冻结，等你拍板（重试/换思路/取消）
[15:14:46] PUSH [error] 🚨 任务升级到 escalate: t-20260612-093433-1ce224
角色: researcher 等级: L
目标: 长期任务: 联网学习 MT4/MT5 EA + 免费EA解析 + 设计/编译/测试
心跳断: 18557秒前 (3×stale=900s)
进度: {'current': 0, 'message': '[3/6 ✓] 写完 REPORT.md. heartbeat 改 5min, 继续设计 EA 稿', 'total': 0}
→ 子 agent 已冻结，等你拍板（重试/换思路/取消）
[15:15:46] PUSH [error] 🚨 任务升级到 escalate: t-20260612-093433-1ce224
角色: researcher 等级: L
目标: 长期任务: 联网学习 MT4/MT5 EA + 免费EA解析 + 设计/编译/测试
心跳断: 18617秒前 (3×stale=900s)
进度: {'current': 0, 'message': '[3/6 ✓] 写完 REPORT.md. heartbeat 改 5min, 继续设计 EA 稿', 'total': 0}
→ 子 agent 已冻结，等你拍板（重试/换思路/取消）
[15:16:46] PUSH [error] 🚨 任务升级到 escalate: t-20260612-093433-1ce224
角色: researcher 等级: L
目标: 长期任务: 联网学习 MT4/MT5 EA + 免费EA解析 + 设计/编译/测试
心跳断: 18677秒前 (3×stale=900s)
进度: {'current': 0, 'message': '[3/6 ✓] 写完 REPORT.md. heartbeat 改 5min, 继续设计 EA 稿', 'total': 0}
→ 子 agent 已冻结，等你拍板（重试/换思路/取消）
[15:17:46] PUSH [error] 🚨 任务升级到 escalate: t-20260612-093433-1ce224
角色: researcher 等级: L
目标: 长期任务: 联网学习 MT4/MT5 EA + 免费EA解析 + 设计/编译/测试
心跳断: 18737秒前 (3×stale=900s)
进度: {'current': 0, 'message': '[3/6 ✓] 写完 REPORT.md. heartbeat 改 5min, 继续设计 EA 稿', 'total': 0}
→ 子 agent 已冻结，等你拍板（重试/换思路/取消）
[15:18:46] PUSH [error] 🚨 任务升级到 escalate: t-20260612-093433-1ce224
角色: researcher 等级: L
目标: 长期任务: 联网学习 MT4/MT5 EA + 免费EA解析 + 设计/编译/测试
心跳断: 18797秒前 (3×stale=900s)
进度: {'current': 0, 'message': '[3/6 ✓] 写完 REPORT.md. heartbeat 改 5min, 继续设计 EA 稿', 'total': 0}
→ 子 agent 已冻结，等你拍板（重试/换思路/取消）
[15:19:46] PUSH [error] 🚨 任务升级到 escalate: t-20260612-093433-1ce224
角色: researcher 等级: L
目标: 长期任务: 联网学习 MT4/MT5 EA + 免费EA解析 + 设计/编译/测试
心跳断: 18857秒前 (3×stale=900s)
进度: {'current': 0, 'message': '[3/6 ✓] 写完 REPORT.md. heartbeat 改 5min, 继续设计 EA 稿', 'total': 0}
→ 子 agent 已冻结，等你拍板（重试/换思路/取消）
[15:20:46] PUSH [error] 🚨 任务升级到 escalate: t-20260612-093433-1ce224
角色: researcher 等级: L
目标: 长期任务: 联网学习 MT4/MT5 EA + 免费EA解析 + 设计/编译/测试
心跳断: 18917秒前 (3×stale=900s)
进度: {'current': 0, 'message': '[3/6 ✓] 写完 REPORT.md. heartbeat 改 5min, 继续设计 EA 稿', 'total': 0}
→ 子 agent 已冻结，等你拍板（重试/换思路/取消）
[15:21:46] PUSH [error] 🚨 任务升级到 escalate: t-20260612-093433-1ce224
角色: researcher 等级: L
目标: 长期任务: 联网学习 MT4/MT5 EA + 免费EA解析 + 设计/编译/测试
心跳断: 18977秒前 (3×stale=900s)
进度: {'current': 0, 'message': '[3/6 ✓] 写完 REPORT.md. heartbeat 改 5min, 继续设计 EA 稿', 'total': 0}
→ 子 agent 已冻结，等你拍板（重试/换思路/取消）
[15:22:46] PUSH [error] 🚨 任务升级到 escalate: t-20260612-093433-1ce224
角色: researcher 等级: L
目标: 长期任务: 联网学习 MT4/MT5 EA + 免费EA解析 + 设计/编译/测试
心跳断: 19037秒前 (3×stale=900s)
进度: {'current': 0, 'message': '[3/6 ✓] 写完 REPORT.md. heartbeat 改 5min, 继续设计 EA 稿', 'total': 0}
→ 子 agent 已冻结，等你拍板（重试/换思路/取消）
[15:23:46] PUSH [error] 🚨 任务升级到 escalate: t-20260612-093433-1ce224
角色: researcher 等级: L
目标: 长期任务: 联网学习 MT4/MT5 EA + 免费EA解析 + 设计/编译/测试
心跳断: 19097秒前 (3×stale=900s)
进度: {'current': 0, 'message': '[3/6 ✓] 写完 REPORT.md. heartbeat 改 5min, 继续设计 EA 稿', 'total': 0}
→ 子 agent 已冻结，等你拍板（重试/换思路/取消）
[15:24:47] PUSH [error] 🚨 任务升级到 escalate: t-20260612-093433-1ce224
角色: researcher 等级: L
目标: 长期任务: 联网学习 MT4/MT5 EA + 免费EA解析 + 设计/编译/测试
心跳断: 19157秒前 (3×stale=900s)
进度: {'current': 0, 'message': '[3/6 ✓] 写完 REPORT.md. heartbeat 改 5min, 继续设计 EA 稿', 'total': 0}
→ 子 agent 已冻结，等你拍板（重试/换思路/取消）
[15:25:47] PUSH [error] 🚨 任务升级到 escalate: t-20260612-093433-1ce224
角色: researcher 等级: L
目标: 长期任务: 联网学习 MT4/MT5 EA + 免费EA解析 + 设计/编译/测试
心跳断: 19218秒前 (3×stale=900s)
进度: {'current': 0, 'message': '[3/6 ✓] 写完 REPORT.md. heartbeat 改 5min, 继续设计 EA 稿', 'total': 0}
→ 子 agent 已冻结，等你拍板（重试/换思路/取消）
[15:26:47] PUSH [error] 🚨 任务升级到 escalate: t-20260612-093433-1ce224
角色: researcher 等级: L
目标: 长期任务: 联网学习 MT4/MT5 EA + 免费EA解析 + 设计/编译/测试
心跳断: 19278秒前 (3×stale=900s)
进度: {'current': 0, 'message': '[3/6 ✓] 写完 REPORT.md. heartbeat 改 5min, 继续设计 EA 稿', 'total': 0}
→ 子 agent 已冻结，等你拍板（重试/换思路/取消）
[15:27:47] PUSH [error] 🚨 任务升级到 escalate: t-20260612-093433-1ce224
角色: researcher 等级: L
目标: 长期任务: 联网学习 MT4/MT5 EA + 免费EA解析 + 设计/编译/测试
心跳断: 19338秒前 (3×stale=900s)
进度: {'current': 0, 'message': '[3/6 ✓] 写完 REPORT.md. heartbeat 改 5min, 继续设计 EA 稿', 'total': 0}
→ 子 agent 已冻结，等你拍板（重试/换思路/取消）
[15:28:47] PUSH [error] 🚨 任务升级到 escalate: t-20260612-093433-1ce224
角色: researcher 等级: L
目标: 长期任务: 联网学习 MT4/MT5 EA + 免费EA解析 + 设计/编译/测试
心跳断: 19398秒前 (3×stale=900s)
进度: {'current': 0, 'message': '[3/6 ✓] 写完 REPORT.md. heartbeat 改 5min, 继续设计 EA 稿', 'total': 0}
→ 子 agent 已冻结，等你拍板（重试/换思路/取消）
[15:29:47] PUSH [error] 🚨 任务升级到 escalate: t-20260612-093433-1ce224
角色: researcher 等级: L
目标: 长期任务: 联网学习 MT4/MT5 EA + 免费EA解析 + 设计/编译/测试
心跳断: 19458秒前 (3×stale=900s)
进度: {'current': 0, 'message': '[3/6 ✓] 写完 REPORT.md. heartbeat 改 5min, 继续设计 EA 稿', 'total': 0}
→ 子 agent 已冻结，等你拍板（重试/换思路/取消）
[15:30:47] PUSH [error] 🚨 任务升级到 escalate: t-20260612-093433-1ce224
角色: researcher 等级: L
目标: 长期任务: 联网学习 MT4/MT5 EA + 免费EA解析 + 设计/编译/测试
心跳断: 19518秒前 (3×stale=900s)
进度: {'current': 0, 'message': '[3/6 ✓] 写完 REPORT.md. heartbeat 改 5min, 继续设计 EA 稿', 'total': 0}
→ 子 agent 已冻结，等你拍板（重试/换思路/取消）
[15:31:47] PUSH [error] 🚨 任务升级到 escalate: t-20260612-093433-1ce224
角色: researcher 等级: L
目标: 长期任务: 联网学习 MT4/MT5 EA + 免费EA解析 + 设计/编译/测试
心跳断: 19578秒前 (3×stale=900s)
进度: {'current': 0, 'message': '[3/6 ✓] 写完 REPORT.md. heartbeat 改 5min, 继续设计 EA 稿', 'total': 0}
→ 子 agent 已冻结，等你拍板（重试/换思路/取消）
[15:32:47] PUSH [error] 🚨 任务升级到 escalate: t-20260612-093433-1ce224
角色: researcher 等级: L
目标: 长期任务: 联网学习 MT4/MT5 EA + 免费EA解析 + 设计/编译/测试
心跳断: 19638秒前 (3×stale=900s)
进度: {'current': 0, 'message': '[3/6 ✓] 写完 REPORT.md. heartbeat 改 5min, 继续设计 EA 稿', 'total': 0}
→ 子 agent 已冻结，等你拍板（重试/换思路/取消）
[15:33:47] PUSH [error] 🚨 任务升级到 escalate: t-20260612-093433-1ce224
角色: researcher 等级: L
目标: 长期任务: 联网学习 MT4/MT5 EA + 免费EA解析 + 设计/编译/测试
心跳断: 19698秒前 (3×stale=900s)
进度: {'current': 0, 'message': '[3/6 ✓] 写完 REPORT.md. heartbeat 改 5min, 继续设计 EA 稿', 'total': 0}
→ 子 agent 已冻结，等你拍板（重试/换思路/取消）
[15:34:47] PUSH [error] 🚨 任务升级到 escalate: t-20260612-093433-1ce224
角色: researcher 等级: L
目标: 长期任务: 联网学习 MT4/MT5 EA + 免费EA解析 + 设计/编译/测试
心跳断: 19758秒前 (3×stale=900s)
进度: {'current': 0, 'message': '[3/6 ✓] 写完 REPORT.md. heartbeat 改 5min, 继续设计 EA 稿', 'total': 0}
→ 子 agent 已冻结，等你拍板（重试/换思路/取消）
[15:35:47] PUSH [error] 🚨 任务升级到 escalate: t-20260612-093433-1ce224
角色: researcher 等级: L
目标: 长期任务: 联网学习 MT4/MT5 EA + 免费EA解析 + 设计/编译/测试
心跳断: 19818秒前 (3×stale=900s)
进度: {'current': 0, 'message': '[3/6 ✓] 写完 REPORT.md. heartbeat 改 5min, 继续设计 EA 稿', 'total': 0}
→ 子 agent 已冻结，等你拍板（重试/换思路/取消）
[15:36:47] PUSH [error] 🚨 任务升级到 escalate: t-20260612-093433-1ce224
角色: researcher 等级: L
目标: 长期任务: 联网学习 MT4/MT5 EA + 免费EA解析 + 设计/编译/测试
心跳断: 19878秒前 (3×stale=900s)
进度: {'current': 0, 'message': '[3/6 ✓] 写完 REPORT.md. heartbeat 改 5min, 继续设计 EA 稿', 'total': 0}
→ 子 agent 已冻结，等你拍板（重试/换思路/取消）
[15:37:47] PUSH [error] 🚨 任务升级到 escalate: t-20260612-093433-1ce224
角色: researcher 等级: L
目标: 长期任务: 联网学习 MT4/MT5 EA + 免费EA解析 + 设计/编译/测试
心跳断: 19938秒前 (3×stale=900s)
进度: {'current': 0, 'message': '[3/6 ✓] 写完 REPORT.md. heartbeat 改 5min, 继续设计 EA 稿', 'total': 0}
→ 子 agent 已冻结，等你拍板（重试/换思路/取消）
[15:38:47] PUSH [error] 🚨 任务升级到 escalate: t-20260612-093433-1ce224
角色: researcher 等级: L
目标: 长期任务: 联网学习 MT4/MT5 EA + 免费EA解析 + 设计/编译/测试
心跳断: 19998秒前 (3×stale=900s)
进度: {'current': 0, 'message': '[3/6 ✓] 写完 REPORT.md. heartbeat 改 5min, 继续设计 EA 稿', 'total': 0}
→ 子 agent 已冻结，等你拍板（重试/换思路/取消）
[15:39:47] PUSH [error] 🚨 任务升级到 escalate: t-20260612-093433-1ce224
角色: researcher 等级: L
目标: 长期任务: 联网学习 MT4/MT5 EA + 免费EA解析 + 设计/编译/测试
心跳断: 20058秒前 (3×stale=900s)
进度: {'current': 0, 'message': '[3/6 ✓] 写完 REPORT.md. heartbeat 改 5min, 继续设计 EA 稿', 'total': 0}
→ 子 agent 已冻结，等你拍板（重试/换思路/取消）
[15:40:47] PUSH [error] 🚨 任务升级到 escalate: t-20260612-093433-1ce224
角色: researcher 等级: L
目标: 长期任务: 联网学习 MT4/MT5 EA + 免费EA解析 + 设计/编译/测试
心跳断: 20118秒前 (3×stale=900s)
进度: {'current': 0, 'message': '[3/6 ✓] 写完 REPORT.md. heartbeat 改 5min, 继续设计 EA 稿', 'total': 0}
→ 子 agent 已冻结，等你拍板（重试/换思路/取消）
[15:41:47] PUSH [error] 🚨 任务升级到 escalate: t-20260612-093433-1ce224
角色: researcher 等级: L
目标: 长期任务: 联网学习 MT4/MT5 EA + 免费EA解析 + 设计/编译/测试
心跳断: 20178秒前 (3×stale=900s)
进度: {'current': 0, 'message': '[3/6 ✓] 写完 REPORT.md. heartbeat 改 5min, 继续设计 EA 稿', 'total': 0}
→ 子 agent 已冻结，等你拍板（重试/换思路/取消）
[15:42:47] PUSH [error] 🚨 任务升级到 escalate: t-20260612-093433-1ce224
角色: researcher 等级: L
目标: 长期任务: 联网学习 MT4/MT5 EA + 免费EA解析 + 设计/编译/测试
心跳断: 20238秒前 (3×stale=900s)
进度: {'current': 0, 'message': '[3/6 ✓] 写完 REPORT.md. heartbeat 改 5min, 继续设计 EA 稿', 'total': 0}
→ 子 agent 已冻结，等你拍板（重试/换思路/取消）
[15:43:47] PUSH [error] 🚨 任务升级到 escalate: t-20260612-093433-1ce224
角色: researcher 等级: L
目标: 长期任务: 联网学习 MT4/MT5 EA + 免费EA解析 + 设计/编译/测试
心跳断: 20298秒前 (3×stale=900s)
进度: {'current': 0, 'message': '[3/6 ✓] 写完 REPORT.md. heartbeat 改 5min, 继续设计 EA 稿', 'total': 0}
→ 子 agent 已冻结，等你拍板（重试/换思路/取消）
[15:44:47] PUSH [error] 🚨 任务升级到 escalate: t-20260612-093433-1ce224
角色: researcher 等级: L
目标: 长期任务: 联网学习 MT4/MT5 EA + 免费EA解析 + 设计/编译/测试
心跳断: 20358秒前 (3×stale=900s)
进度: {'current': 0, 'message': '[3/6 ✓] 写完 REPORT.md. heartbeat 改 5min, 继续设计 EA 稿', 'total': 0}
→ 子 agent 已冻结，等你拍板（重试/换思路/取消）
[15:45:47] PUSH [error] 🚨 任务升级到 escalate: t-20260612-093433-1ce224
角色: researcher 等级: L
目标: 长期任务: 联网学习 MT4/MT5 EA + 免费EA解析 + 设计/编译/测试
心跳断: 20418秒前 (3×stale=900s)
进度: {'current': 0, 'message': '[3/6 ✓] 写完 REPORT.md. heartbeat 改 5min, 继续设计 EA 稿', 'total': 0}
→ 子 agent 已冻结，等你拍板（重试/换思路/取消）
[15:46:47] PUSH [error] 🚨 任务升级到 escalate: t-20260612-093433-1ce224
角色: researcher 等级: L
目标: 长期任务: 联网学习 MT4/MT5 EA + 免费EA解析 + 设计/编译/测试
心跳断: 20478秒前 (3×stale=900s)
进度: {'current': 0, 'message': '[3/6 ✓] 写完 REPORT.md. heartbeat 改 5min, 继续设计 EA 稿', 'total': 0}
→ 子 agent 已冻结，等你拍板（重试/换思路/取消）
[15:47:47] PUSH [error] 🚨 任务升级到 escalate: t-20260612-093433-1ce224
角色: researcher 等级: L
目标: 长期任务: 联网学习 MT4/MT5 EA + 免费EA解析 + 设计/编译/测试
心跳断: 20538秒前 (3×stale=900s)
进度: {'current': 0, 'message': '[3/6 ✓] 写完 REPORT.md. heartbeat 改 5min, 继续设计 EA 稿', 'total': 0}
→ 子 agent 已冻结，等你拍板（重试/换思路/取消）
[15:48:47] PUSH [error] 🚨 任务升级到 escalate: t-20260612-093433-1ce224
角色: researcher 等级: L
目标: 长期任务: 联网学习 MT4/MT5 EA + 免费EA解析 + 设计/编译/测试
心跳断: 20598秒前 (3×stale=900s)
进度: {'current': 0, 'message': '[3/6 ✓] 写完 REPORT.md. heartbeat 改 5min, 继续设计 EA 稿', 'total': 0}
→ 子 agent 已冻结，等你拍板（重试/换思路/取消）
[15:49:47] PUSH [error] 🚨 任务升级到 escalate: t-20260612-093433-1ce224
角色: researcher 等级: L
目标: 长期任务: 联网学习 MT4/MT5 EA + 免费EA解析 + 设计/编译/测试
心跳断: 20658秒前 (3×stale=900s)
进度: {'current': 0, 'message': '[3/6 ✓] 写完 REPORT.md. heartbeat 改 5min, 继续设计 EA 稿', 'total': 0}
→ 子 agent 已冻结，等你拍板（重试/换思路/取消）
[15:50:47] PUSH [error] 🚨 任务升级到 escalate: t-20260612-093433-1ce224
角色: researcher 等级: L
目标: 长期任务: 联网学习 MT4/MT5 EA + 免费EA解析 + 设计/编译/测试
心跳断: 20718秒前 (3×stale=900s)
进度: {'current': 0, 'message': '[3/6 ✓] 写完 REPORT.md. heartbeat 改 5min, 继续设计 EA 稿', 'total': 0}
→ 子 agent 已冻结，等你拍板（重试/换思路/取消）
[15:51:47] PUSH [error] 🚨 任务升级到 escalate: t-20260612-093433-1ce224
角色: researcher 等级: L
目标: 长期任务: 联网学习 MT4/MT5 EA + 免费EA解析 + 设计/编译/测试
心跳断: 20778秒前 (3×stale=900s)
进度: {'current': 0, 'message': '[3/6 ✓] 写完 REPORT.md. heartbeat 改 5min, 继续设计 EA 稿', 'total': 0}
→ 子 agent 已冻结，等你拍板（重试/换思路/取消）
[15:52:47] PUSH [error] 🚨 任务升级到 escalate: t-20260612-093433-1ce224
角色: researcher 等级: L
目标: 长期任务: 联网学习 MT4/MT5 EA + 免费EA解析 + 设计/编译/测试
心跳断: 20838秒前 (3×stale=900s)
进度: {'current': 0, 'message': '[3/6 ✓] 写完 REPORT.md. heartbeat 改 5min, 继续设计 EA 稿', 'total': 0}
→ 子 agent 已冻结，等你拍板（重试/换思路/取消）
[15:53:47] PUSH [error] 🚨 任务升级到 escalate: t-20260612-093433-1ce224
角色: researcher 等级: L
目标: 长期任务: 联网学习 MT4/MT5 EA + 免费EA解析 + 设计/编译/测试
心跳断: 20898秒前 (3×stale=900s)
进度: {'current': 0, 'message': '[3/6 ✓] 写完 REPORT.md. heartbeat 改 5min, 继续设计 EA 稿', 'total': 0}
→ 子 agent 已冻结，等你拍板（重试/换思路/取消）
[15:54:47] PUSH [error] 🚨 任务升级到 escalate: t-20260612-093433-1ce224
角色: researcher 等级: L
目标: 长期任务: 联网学习 MT4/MT5 EA + 免费EA解析 + 设计/编译/测试
心跳断: 20958秒前 (3×stale=900s)
进度: {'current': 0, 'message': '[3/6 ✓] 写完 REPORT.md. heartbeat 改 5min, 继续设计 EA 稿', 'total': 0}
→ 子 agent 已冻结，等你拍板（重试/换思路/取消）
[15:55:47] PUSH [error] 🚨 任务升级到 escalate: t-20260612-093433-1ce224
角色: researcher 等级: L
目标: 长期任务: 联网学习 MT4/MT5 EA + 免费EA解析 + 设计/编译/测试
心跳断: 21018秒前 (3×stale=900s)
进度: {'current': 0, 'message': '[3/6 ✓] 写完 REPORT.md. heartbeat 改 5min, 继续设计 EA 稿', 'total': 0}
→ 子 agent 已冻结，等你拍板（重试/换思路/取消）
[15:56:47] PUSH [error] 🚨 任务升级到 escalate: t-20260612-093433-1ce224
角色: researcher 等级: L
目标: 长期任务: 联网学习 MT4/MT5 EA + 免费EA解析 + 设计/编译/测试
心跳断: 21078秒前 (3×stale=900s)
进度: {'current': 0, 'message': '[3/6 ✓] 写完 REPORT.md. heartbeat 改 5min, 继续设计 EA 稿', 'total': 0}
→ 子 agent 已冻结，等你拍板（重试/换思路/取消）
[15:57:47] PUSH [error] 🚨 任务升级到 escalate: t-20260612-093433-1ce224
角色: researcher 等级: L
目标: 长期任务: 联网学习 MT4/MT5 EA + 免费EA解析 + 设计/编译/测试
心跳断: 21138秒前 (3×stale=900s)
进度: {'current': 0, 'message': '[3/6 ✓] 写完 REPORT.md. heartbeat 改 5min, 继续设计 EA 稿', 'total': 0}
→ 子 agent 已冻结，等你拍板（重试/换思路/取消）
[15:58:47] PUSH [error] 🚨 任务升级到 escalate: t-20260612-093433-1ce224
角色: researcher 等级: L
目标: 长期任务: 联网学习 MT4/MT5 EA + 免费EA解析 + 设计/编译/测试
心跳断: 21198秒前 (3×stale=900s)
进度: {'current': 0, 'message': '[3/6 ✓] 写完 REPORT.md. heartbeat 改 5min, 继续设计 EA 稿', 'total': 0}
→ 子 agent 已冻结，等你拍板（重试/换思路/取消）
[15:59:47] PUSH [error] 🚨 任务升级到 escalate: t-20260612-093433-1ce224
角色: researcher 等级: L
目标: 长期任务: 联网学习 MT4/MT5 EA + 免费EA解析 + 设计/编译/测试
心跳断: 21258秒前 (3×stale=900s)
进度: {'current': 0, 'message': '[3/6 ✓] 写完 REPORT.md. heartbeat 改 5min, 继续设计 EA 稿', 'total': 0}
→ 子 agent 已冻结，等你拍板（重试/换思路/取消）
[16:00:47] PUSH [error] 🚨 任务升级到 escalate: t-20260612-093433-1ce224
角色: researcher 等级: L
目标: 长期任务: 联网学习 MT4/MT5 EA + 免费EA解析 + 设计/编译/测试
心跳断: 21318秒前 (3×stale=900s)
进度: {'current': 0, 'message': '[3/6 ✓] 写完 REPORT.md. heartbeat 改 5min, 继续设计 EA 稿', 'total': 0}
→ 子 agent 已冻结，等你拍板（重试/换思路/取消）
[16:01:47] PUSH [error] 🚨 任务升级到 escalate: t-20260612-093433-1ce224
角色: researcher 等级: L
目标: 长期任务: 联网学习 MT4/MT5 EA + 免费EA解析 + 设计/编译/测试
心跳断: 21378秒前 (3×stale=900s)
进度: {'current': 0, 'message': '[3/6 ✓] 写完 REPORT.md. heartbeat 改 5min, 继续设计 EA 稿', 'total': 0}
→ 子 agent 已冻结，等你拍板（重试/换思路/取消）
[16:02:48] PUSH [error] 🚨 任务升级到 escalate: t-20260612-093433-1ce224
角色: researcher 等级: L
目标: 长期任务: 联网学习 MT4/MT5 EA + 免费EA解析 + 设计/编译/测试
心跳断: 21438秒前 (3×stale=900s)
进度: {'current': 0, 'message': '[3/6 ✓] 写完 REPORT.md. heartbeat 改 5min, 继续设计 EA 稿', 'total': 0}
→ 子 agent 已冻结，等你拍板（重试/换思路/取消）
[16:03:48] PUSH [error] 🚨 任务升级到 escalate: t-20260612-093433-1ce224
角色: researcher 等级: L
目标: 长期任务: 联网学习 MT4/MT5 EA + 免费EA解析 + 设计/编译/测试
心跳断: 21499秒前 (3×stale=900s)
进度: {'current': 0, 'message': '[3/6 ✓] 写完 REPORT.md. heartbeat 改 5min, 继续设计 EA 稿', 'total': 0}
→ 子 agent 已冻结，等你拍板（重试/换思路/取消）
[16:04:48] PUSH [error] 🚨 任务升级到 escalate: t-20260612-093433-1ce224
角色: researcher 等级: L
目标: 长期任务: 联网学习 MT4/MT5 EA + 免费EA解析 + 设计/编译/测试
心跳断: 21559秒前 (3×stale=900s)
进度: {'current': 0, 'message': '[3/6 ✓] 写完 REPORT.md. heartbeat 改 5min, 继续设计 EA 稿', 'total': 0}
→ 子 agent 已冻结，等你拍板（重试/换思路/取消）
[16:05:48] PUSH [error] 🚨 任务升级到 escalate: t-20260612-093433-1ce224
角色: researcher 等级: L
目标: 长期任务: 联网学习 MT4/MT5 EA + 免费EA解析 + 设计/编译/测试
心跳断: 21619秒前 (3×stale=900s)
进度: {'current': 0, 'message': '[3/6 ✓] 写完 REPORT.md. heartbeat 改 5min, 继续设计 EA 稿', 'total': 0}
→ 子 agent 已冻结，等你拍板（重试/换思路/取消）
[16:06:48] PUSH [error] 🚨 任务升级到 escalate: t-20260612-093433-1ce224
角色: researcher 等级: L
目标: 长期任务: 联网学习 MT4/MT5 EA + 免费EA解析 + 设计/编译/测试
心跳断: 21679秒前 (3×stale=900s)
进度: {'current': 0, 'message': '[3/6 ✓] 写完 REPORT.md. heartbeat 改 5min, 继续设计 EA 稿', 'total': 0}
→ 子 agent 已冻结，等你拍板（重试/换思路/取消）
[16:07:48] PUSH [error] 🚨 任务升级到 escalate: t-20260612-093433-1ce224
角色: researcher 等级: L
目标: 长期任务: 联网学习 MT4/MT5 EA + 免费EA解析 + 设计/编译/测试
心跳断: 21739秒前 (3×stale=900s)
进度: {'current': 0, 'message': '[3/6 ✓] 写完 REPORT.md. heartbeat 改 5min, 继续设计 EA 稿', 'total': 0}
→ 子 agent 已冻结，等你拍板（重试/换思路/取消）
[16:08:48] PUSH [error] 🚨 任务升级到 escalate: t-20260612-093433-1ce224
角色: researcher 等级: L
目标: 长期任务: 联网学习 MT4/MT5 EA + 免费EA解析 + 设计/编译/测试
心跳断: 21799秒前 (3×stale=900s)
进度: {'current': 0, 'message': '[3/6 ✓] 写完 REPORT.md. heartbeat 改 5min, 继续设计 EA 稿', 'total': 0}
→ 子 agent 已冻结，等你拍板（重试/换思路/取消）
[16:09:48] PUSH [error] 🚨 任务升级到 escalate: t-20260612-093433-1ce224
角色: researcher 等级: L
目标: 长期任务: 联网学习 MT4/MT5 EA + 免费EA解析 + 设计/编译/测试
心跳断: 21859秒前 (3×stale=900s)
进度: {'current': 0, 'message': '[3/6 ✓] 写完 REPORT.md. heartbeat 改 5min, 继续设计 EA 稿', 'total': 0}
→ 子 agent 已冻结，等你拍板（重试/换思路/取消）
[16:10:48] PUSH [error] 🚨 任务升级到 escalate: t-20260612-093433-1ce224
角色: researcher 等级: L
目标: 长期任务: 联网学习 MT4/MT5 EA + 免费EA解析 + 设计/编译/测试
心跳断: 21919秒前 (3×stale=900s)
进度: {'current': 0, 'message': '[3/6 ✓] 写完 REPORT.md. heartbeat 改 5min, 继续设计 EA 稿', 'total': 0}
→ 子 agent 已冻结，等你拍板（重试/换思路/取消）
[16:11:48] PUSH [error] 🚨 任务升级到 escalate: t-20260612-093433-1ce224
角色: researcher 等级: L
目标: 长期任务: 联网学习 MT4/MT5 EA + 免费EA解析 + 设计/编译/测试
心跳断: 21979秒前 (3×stale=900s)
进度: {'current': 0, 'message': '[3/6 ✓] 写完 REPORT.md. heartbeat 改 5min, 继续设计 EA 稿', 'total': 0}
→ 子 agent 已冻结，等你拍板（重试/换思路/取消）
[16:12:48] PUSH [error] 🚨 任务升级到 escalate: t-20260612-093433-1ce224
角色: researcher 等级: L
目标: 长期任务: 联网学习 MT4/MT5 EA + 免费EA解析 + 设计/编译/测试
心跳断: 22039秒前 (3×stale=900s)
进度: {'current': 0, 'message': '[3/6 ✓] 写完 REPORT.md. heartbeat 改 5min, 继续设计 EA 稿', 'total': 0}
→ 子 agent 已冻结，等你拍板（重试/换思路/取消）
[16:13:48] PUSH [error] 🚨 任务升级到 escalate: t-20260612-093433-1ce224
角色: researcher 等级: L
目标: 长期任务: 联网学习 MT4/MT5 EA + 免费EA解析 + 设计/编译/测试
心跳断: 22099秒前 (3×stale=900s)
进度: {'current': 0, 'message': '[3/6 ✓] 写完 REPORT.md. heartbeat 改 5min, 继续设计 EA 稿', 'total': 0}
→ 子 agent 已冻结，等你拍板（重试/换思路/取消）
[16:14:48] PUSH [error] 🚨 任务升级到 escalate: t-20260612-093433-1ce224
角色: researcher 等级: L
目标: 长期任务: 联网学习 MT4/MT5 EA + 免费EA解析 + 设计/编译/测试
心跳断: 22159秒前 (3×stale=900s)
进度: {'current': 0, 'message': '[3/6 ✓] 写完 REPORT.md. heartbeat 改 5min, 继续设计 EA 稿', 'total': 0}
→ 子 agent 已冻结，等你拍板（重试/换思路/取消）
[16:15:48] PUSH [error] 🚨 任务升级到 escalate: t-20260612-093433-1ce224
角色: researcher 等级: L
目标: 长期任务: 联网学习 MT4/MT5 EA + 免费EA解析 + 设计/编译/测试
心跳断: 22219秒前 (3×stale=900s)
进度: {'current': 0, 'message': '[3/6 ✓] 写完 REPORT.md. heartbeat 改 5min, 继续设计 EA 稿', 'total': 0}
→ 子 agent 已冻结，等你拍板（重试/换思路/取消）
[16:16:48] PUSH [error] 🚨 任务升级到 escalate: t-20260612-093433-1ce224
角色: researcher 等级: L
目标: 长期任务: 联网学习 MT4/MT5 EA + 免费EA解析 + 设计/编译/测试
心跳断: 22279秒前 (3×stale=900s)
进度: {'current': 0, 'message': '[3/6 ✓] 写完 REPORT.md. heartbeat 改 5min, 继续设计 EA 稿', 'total': 0}
→ 子 agent 已冻结，等你拍板（重试/换思路/取消）
[16:17:48] PUSH [error] 🚨 任务升级到 escalate: t-20260612-093433-1ce224
角色: researcher 等级: L
目标: 长期任务: 联网学习 MT4/MT5 EA + 免费EA解析 + 设计/编译/测试
心跳断: 22339秒前 (3×stale=900s)
进度: {'current': 0, 'message': '[3/6 ✓] 写完 REPORT.md. heartbeat 改 5min, 继续设计 EA 稿', 'total': 0}
→ 子 agent 已冻结，等你拍板（重试/换思路/取消）
[16:18:48] PUSH [error] 🚨 任务升级到 escalate: t-20260612-093433-1ce224
角色: researcher 等级: L
目标: 长期任务: 联网学习 MT4/MT5 EA + 免费EA解析 + 设计/编译/测试
心跳断: 22399秒前 (3×stale=900s)
进度: {'current': 0, 'message': '[3/6 ✓] 写完 REPORT.md. heartbeat 改 5min, 继续设计 EA 稿', 'total': 0}
→ 子 agent 已冻结，等你拍板（重试/换思路/取消）
[16:19:48] PUSH [error] 🚨 任务升级到 escalate: t-20260612-093433-1ce224
角色: researcher 等级: L
目标: 长期任务: 联网学习 MT4/MT5 EA + 免费EA解析 + 设计/编译/测试
心跳断: 22459秒前 (3×stale=900s)
进度: {'current': 0, 'message': '[3/6 ✓] 写完 REPORT.md. heartbeat 改 5min, 继续设计 EA 稿', 'total': 0}
→ 子 agent 已冻结，等你拍板（重试/换思路/取消）
[16:20:48] PUSH [error] 🚨 任务升级到 escalate: t-20260612-093433-1ce224
角色: researcher 等级: L
目标: 长期任务: 联网学习 MT4/MT5 EA + 免费EA解析 + 设计/编译/测试
心跳断: 22519秒前 (3×stale=900s)
进度: {'current': 0, 'message': '[3/6 ✓] 写完 REPORT.md. heartbeat 改 5min, 继续设计 EA 稿', 'total': 0}
→ 子 agent 已冻结，等你拍板（重试/换思路/取消）
[16:21:48] PUSH [error] 🚨 任务升级到 escalate: t-20260612-093433-1ce224
角色: researcher 等级: L
目标: 长期任务: 联网学习 MT4/MT5 EA + 免费EA解析 + 设计/编译/测试
心跳断: 22579秒前 (3×stale=900s)
进度: {'current': 0, 'message': '[3/6 ✓] 写完 REPORT.md. heartbeat 改 5min, 继续设计 EA 稿', 'total': 0}
→ 子 agent 已冻结，等你拍板（重试/换思路/取消）
[16:22:48] PUSH [error] 🚨 任务升级到 escalate: t-20260612-093433-1ce224
角色: researcher 等级: L
目标: 长期任务: 联网学习 MT4/MT5 EA + 免费EA解析 + 设计/编译/测试
心跳断: 22639秒前 (3×stale=900s)
进度: {'current': 0, 'message': '[3/6 ✓] 写完 REPORT.md. heartbeat 改 5min, 继续设计 EA 稿', 'total': 0}
→ 子 agent 已冻结，等你拍板（重试/换思路/取消）
[16:23:48] PUSH [error] 🚨 任务升级到 escalate: t-20260612-093433-1ce224
角色: researcher 等级: L
目标: 长期任务: 联网学习 MT4/MT5 EA + 免费EA解析 + 设计/编译/测试
心跳断: 22699秒前 (3×stale=900s)
进度: {'current': 0, 'message': '[3/6 ✓] 写完 REPORT.md. heartbeat 改 5min, 继续设计 EA 稿', 'total': 0}
→ 子 agent 已冻结，等你拍板（重试/换思路/取消）
[16:24:48] PUSH [error] 🚨 任务升级到 escalate: t-20260612-093433-1ce224
角色: researcher 等级: L
目标: 长期任务: 联网学习 MT4/MT5 EA + 免费EA解析 + 设计/编译/测试
心跳断: 22759秒前 (3×stale=900s)
进度: {'current': 0, 'message': '[3/6 ✓] 写完 REPORT.md. heartbeat 改 5min, 继续设计 EA 稿', 'total': 0}
→ 子 agent 已冻结，等你拍板（重试/换思路/取消）
[16:25:48] PUSH [error] 🚨 任务升级到 escalate: t-20260612-093433-1ce224
角色: researcher 等级: L
目标: 长期任务: 联网学习 MT4/MT5 EA + 免费EA解析 + 设计/编译/测试
心跳断: 22819秒前 (3×stale=900s)
进度: {'current': 0, 'message': '[3/6 ✓] 写完 REPORT.md. heartbeat 改 5min, 继续设计 EA 稿', 'total': 0}
→ 子 agent 已冻结，等你拍板（重试/换思路/取消）
[16:26:48] PUSH [error] 🚨 任务升级到 escalate: t-20260612-093433-1ce224
角色: researcher 等级: L
目标: 长期任务: 联网学习 MT4/MT5 EA + 免费EA解析 + 设计/编译/测试
心跳断: 22879秒前 (3×stale=900s)
进度: {'current': 0, 'message': '[3/6 ✓] 写完 REPORT.md. heartbeat 改 5min, 继续设计 EA 稿', 'total': 0}
→ 子 agent 已冻结，等你拍板（重试/换思路/取消）
[16:27:48] PUSH [error] 🚨 任务升级到 escalate: t-20260612-093433-1ce224
角色: researcher 等级: L
目标: 长期任务: 联网学习 MT4/MT5 EA + 免费EA解析 + 设计/编译/测试
心跳断: 22939秒前 (3×stale=900s)
进度: {'current': 0, 'message': '[3/6 ✓] 写完 REPORT.md. heartbeat 改 5min, 继续设计 EA 稿', 'total': 0}
→ 子 agent 已冻结，等你拍板（重试/换思路/取消）
[16:28:48] PUSH [error] 🚨 任务升级到 escalate: t-20260612-093433-1ce224
角色: researcher 等级: L
目标: 长期任务: 联网学习 MT4/MT5 EA + 免费EA解析 + 设计/编译/测试
心跳断: 22999秒前 (3×stale=900s)
进度: {'current': 0, 'message': '[3/6 ✓] 写完 REPORT.md. heartbeat 改 5min, 继续设计 EA 稿', 'total': 0}
→ 子 agent 已冻结，等你拍板（重试/换思路/取消）
[16:29:48] PUSH [error] 🚨 任务升级到 escalate: t-20260612-093433-1ce224
角色: researcher 等级: L
目标: 长期任务: 联网学习 MT4/MT5 EA + 免费EA解析 + 设计/编译/测试
心跳断: 23059秒前 (3×stale=900s)
进度: {'current': 0, 'message': '[3/6 ✓] 写完 REPORT.md. heartbeat 改 5min, 继续设计 EA 稿', 'total': 0}
→ 子 agent 已冻结，等你拍板（重试/换思路/取消）
[16:30:48] PUSH [error] 🚨 任务升级到 escalate: t-20260612-093433-1ce224
角色: researcher 等级: L
目标: 长期任务: 联网学习 MT4/MT5 EA + 免费EA解析 + 设计/编译/测试
心跳断: 23119秒前 (3×stale=900s)
进度: {'current': 0, 'message': '[3/6 ✓] 写完 REPORT.md. heartbeat 改 5min, 继续设计 EA 稿', 'total': 0}
→ 子 agent 已冻结，等你拍板（重试/换思路/取消）
[16:31:48] PUSH [error] 🚨 任务升级到 escalate: t-20260612-093433-1ce224
角色: researcher 等级: L
目标: 长期任务: 联网学习 MT4/MT5 EA + 免费EA解析 + 设计/编译/测试
心跳断: 23179秒前 (3×stale=900s)
进度: {'current': 0, 'message': '[3/6 ✓] 写完 REPORT.md. heartbeat 改 5min, 继续设计 EA 稿', 'total': 0}
→ 子 agent 已冻结，等你拍板（重试/换思路/取消）
[16:32:48] PUSH [error] 🚨 任务升级到 escalate: t-20260612-093433-1ce224
角色: researcher 等级: L
目标: 长期任务: 联网学习 MT4/MT5 EA + 免费EA解析 + 设计/编译/测试
心跳断: 23239秒前 (3×stale=900s)
进度: {'current': 0, 'message': '[3/6 ✓] 写完 REPORT.md. heartbeat 改 5min, 继续设计 EA 稿', 'total': 0}
→ 子 agent 已冻结，等你拍板（重试/换思路/取消）
[16:33:48] PUSH [error] 🚨 任务升级到 escalate: t-20260612-093433-1ce224
角色: researcher 等级: L
目标: 长期任务: 联网学习 MT4/MT5 EA + 免费EA解析 + 设计/编译/测试
心跳断: 23299秒前 (3×stale=900s)
进度: {'current': 0, 'message': '[3/6 ✓] 写完 REPORT.md. heartbeat 改 5min, 继续设计 EA 稿', 'total': 0}
→ 子 agent 已冻结，等你拍板（重试/换思路/取消）
[16:34:48] PUSH [error] 🚨 任务升级到 escalate: t-20260612-093433-1ce224
角色: researcher 等级: L
目标: 长期任务: 联网学习 MT4/MT5 EA + 免费EA解析 + 设计/编译/测试
心跳断: 23359秒前 (3×stale=900s)
进度: {'current': 0, 'message': '[3/6 ✓] 写完 REPORT.md. heartbeat 改 5min, 继续设计 EA 稿', 'total': 0}
→ 子 agent 已冻结，等你拍板（重试/换思路/取消）
[16:35:48] PUSH [error] 🚨 任务升级到 escalate: t-20260612-093433-1ce224
角色: researcher 等级: L
目标: 长期任务: 联网学习 MT4/MT5 EA + 免费EA解析 + 设计/编译/测试
心跳断: 23419秒前 (3×stale=900s)
进度: {'current': 0, 'message': '[3/6 ✓] 写完 REPORT.md. heartbeat 改 5min, 继续设计 EA 稿', 'total': 0}
→ 子 agent 已冻结，等你拍板（重试/换思路/取消）
[16:36:48] PUSH [error] 🚨 任务升级到 escalate: t-20260612-093433-1ce224
角色: researcher 等级: L
目标: 长期任务: 联网学习 MT4/MT5 EA + 免费EA解析 + 设计/编译/测试
心跳断: 23479秒前 (3×stale=900s)
进度: {'current': 0, 'message': '[3/6 ✓] 写完 REPORT.md. heartbeat 改 5min, 继续设计 EA 稿', 'total': 0}
→ 子 agent 已冻结，等你拍板（重试/换思路/取消）
[16:37:48] PUSH [error] 🚨 任务升级到 escalate: t-20260612-093433-1ce224
角色: researcher 等级: L
目标: 长期任务: 联网学习 MT4/MT5 EA + 免费EA解析 + 设计/编译/测试
心跳断: 23539秒前 (3×stale=900s)
进度: {'current': 0, 'message': '[3/6 ✓] 写完 REPORT.md. heartbeat 改 5min, 继续设计 EA 稿', 'total': 0}
→ 子 agent 已冻结，等你拍板（重试/换思路/取消）
[16:38:48] PUSH [error] 🚨 任务升级到 escalate: t-20260612-093433-1ce224
角色: researcher 等级: L
目标: 长期任务: 联网学习 MT4/MT5 EA + 免费EA解析 + 设计/编译/测试
心跳断: 23599秒前 (3×stale=900s)
进度: {'current': 0, 'message': '[3/6 ✓] 写完 REPORT.md. heartbeat 改 5min, 继续设计 EA 稿', 'total': 0}
→ 子 agent 已冻结，等你拍板（重试/换思路/取消）
[16:39:48] PUSH [error] 🚨 任务升级到 escalate: t-20260612-093433-1ce224
角色: researcher 等级: L
目标: 长期任务: 联网学习 MT4/MT5 EA + 免费EA解析 + 设计/编译/测试
心跳断: 23659秒前 (3×stale=900s)
进度: {'current': 0, 'message': '[3/6 ✓] 写完 REPORT.md. heartbeat 改 5min, 继续设计 EA 稿', 'total': 0}
→ 子 agent 已冻结，等你拍板（重试/换思路/取消）
[16:40:49] PUSH [error] 🚨 任务升级到 escalate: t-20260612-093433-1ce224
角色: researcher 等级: L
目标: 长期任务: 联网学习 MT4/MT5 EA + 免费EA解析 + 设计/编译/测试
心跳断: 23719秒前 (3×stale=900s)
进度: {'current': 0, 'message': '[3/6 ✓] 写完 REPORT.md. heartbeat 改 5min, 继续设计 EA 稿', 'total': 0}
→ 子 agent 已冻结，等你拍板（重试/换思路/取消）
[16:41:49] PUSH [error] 🚨 任务升级到 escalate: t-20260612-093433-1ce224
角色: researcher 等级: L
目标: 长期任务: 联网学习 MT4/MT5 EA + 免费EA解析 + 设计/编译/测试
心跳断: 23780秒前 (3×stale=900s)
进度: {'current': 0, 'message': '[3/6 ✓] 写完 REPORT.md. heartbeat 改 5min, 继续设计 EA 稿', 'total': 0}
→ 子 agent 已冻结，等你拍板（重试/换思路/取消）
[16:42:49] PUSH [error] 🚨 任务升级到 escalate: t-20260612-093433-1ce224
角色: researcher 等级: L
目标: 长期任务: 联网学习 MT4/MT5 EA + 免费EA解析 + 设计/编译/测试
心跳断: 23840秒前 (3×stale=900s)
进度: {'current': 0, 'message': '[3/6 ✓] 写完 REPORT.md. heartbeat 改 5min, 继续设计 EA 稿', 'total': 0}
→ 子 agent 已冻结，等你拍板（重试/换思路/取消）
[16:43:49] PUSH [error] 🚨 任务升级到 escalate: t-20260612-093433-1ce224
角色: researcher 等级: L
目标: 长期任务: 联网学习 MT4/MT5 EA + 免费EA解析 + 设计/编译/测试
心跳断: 23900秒前 (3×stale=900s)
进度: {'current': 0, 'message': '[3/6 ✓] 写完 REPORT.md. heartbeat 改 5min, 继续设计 EA 稿', 'total': 0}
→ 子 agent 已冻结，等你拍板（重试/换思路/取消）
[16:44:49] PUSH [error] 🚨 任务升级到 escalate: t-20260612-093433-1ce224
角色: researcher 等级: L
目标: 长期任务: 联网学习 MT4/MT5 EA + 免费EA解析 + 设计/编译/测试
心跳断: 23960秒前 (3×stale=900s)
进度: {'current': 0, 'message': '[3/6 ✓] 写完 REPORT.md. heartbeat 改 5min, 继续设计 EA 稿', 'total': 0}
→ 子 agent 已冻结，等你拍板（重试/换思路/取消）
[16:45:49] PUSH [error] 🚨 任务升级到 escalate: t-20260612-093433-1ce224
角色: researcher 等级: L
目标: 长期任务: 联网学习 MT4/MT5 EA + 免费EA解析 + 设计/编译/测试
心跳断: 24020秒前 (3×stale=900s)
进度: {'current': 0, 'message': '[3/6 ✓] 写完 REPORT.md. heartbeat 改 5min, 继续设计 EA 稿', 'total': 0}
→ 子 agent 已冻结，等你拍板（重试/换思路/取消）
[16:46:49] PUSH [error] 🚨 任务升级到 escalate: t-20260612-093433-1ce224
角色: researcher 等级: L
目标: 长期任务: 联网学习 MT4/MT5 EA + 免费EA解析 + 设计/编译/测试
心跳断: 24080秒前 (3×stale=900s)
进度: {'current': 0, 'message': '[3/6 ✓] 写完 REPORT.md. heartbeat 改 5min, 继续设计 EA 稿', 'total': 0}
→ 子 agent 已冻结，等你拍板（重试/换思路/取消）
[16:47:49] PUSH [error] 🚨 任务升级到 escalate: t-20260612-093433-1ce224
角色: researcher 等级: L
目标: 长期任务: 联网学习 MT4/MT5 EA + 免费EA解析 + 设计/编译/测试
心跳断: 24140秒前 (3×stale=900s)
进度: {'current': 0, 'message': '[3/6 ✓] 写完 REPORT.md. heartbeat 改 5min, 继续设计 EA 稿', 'total': 0}
→ 子 agent 已冻结，等你拍板（重试/换思路/取消）
[16:48:49] PUSH [error] 🚨 任务升级到 escalate: t-20260612-093433-1ce224
角色: researcher 等级: L
目标: 长期任务: 联网学习 MT4/MT5 EA + 免费EA解析 + 设计/编译/测试
心跳断: 24200秒前 (3×stale=900s)
进度: {'current': 0, 'message': '[3/6 ✓] 写完 REPORT.md. heartbeat 改 5min, 继续设计 EA 稿', 'total': 0}
→ 子 agent 已冻结，等你拍板（重试/换思路/取消）
[16:49:49] PUSH [error] 🚨 任务升级到 escalate: t-20260612-093433-1ce224
角色: researcher 等级: L
目标: 长期任务: 联网学习 MT4/MT5 EA + 免费EA解析 + 设计/编译/测试
心跳断: 24260秒前 (3×stale=900s)
进度: {'current': 0, 'message': '[3/6 ✓] 写完 REPORT.md. heartbeat 改 5min, 继续设计 EA 稿', 'total': 0}
→ 子 agent 已冻结，等你拍板（重试/换思路/取消）
[16:50:49] PUSH [error] 🚨 任务升级到 escalate: t-20260612-093433-1ce224
角色: researcher 等级: L
目标: 长期任务: 联网学习 MT4/MT5 EA + 免费EA解析 + 设计/编译/测试
心跳断: 24320秒前 (3×stale=900s)
进度: {'current': 0, 'message': '[3/6 ✓] 写完 REPORT.md. heartbeat 改 5min, 继续设计 EA 稿', 'total': 0}
→ 子 agent 已冻结，等你拍板（重试/换思路/取消）
[16:51:49] PUSH [error] 🚨 任务升级到 escalate: t-20260612-093433-1ce224
角色: researcher 等级: L
目标: 长期任务: 联网学习 MT4/MT5 EA + 免费EA解析 + 设计/编译/测试
心跳断: 24380秒前 (3×stale=900s)
进度: {'current': 0, 'message': '[3/6 ✓] 写完 REPORT.md. heartbeat 改 5min, 继续设计 EA 稿', 'total': 0}
→ 子 agent 已冻结，等你拍板（重试/换思路/取消）
[16:52:49] PUSH [error] 🚨 任务升级到 escalate: t-20260612-093433-1ce224
角色: researcher 等级: L
目标: 长期任务: 联网学习 MT4/MT5 EA + 免费EA解析 + 设计/编译/测试
心跳断: 24440秒前 (3×stale=900s)
进度: {'current': 0, 'message': '[3/6 ✓] 写完 REPORT.md. heartbeat 改 5min, 继续设计 EA 稿', 'total': 0}
→ 子 agent 已冻结，等你拍板（重试/换思路/取消）
[16:53:49] PUSH [error] 🚨 任务升级到 escalate: t-20260612-093433-1ce224
角色: researcher 等级: L
目标: 长期任务: 联网学习 MT4/MT5 EA + 免费EA解析 + 设计/编译/测试
心跳断: 24500秒前 (3×stale=900s)
进度: {'current': 0, 'message': '[3/6 ✓] 写完 REPORT.md. heartbeat 改 5min, 继续设计 EA 稿', 'total': 0}
→ 子 agent 已冻结，等你拍板（重试/换思路/取消）
[16:54:49] PUSH [error] 🚨 任务升级到 escalate: t-20260612-093433-1ce224
角色: researcher 等级: L
目标: 长期任务: 联网学习 MT4/MT5 EA + 免费EA解析 + 设计/编译/测试
心跳断: 24560秒前 (3×stale=900s)
进度: {'current': 0, 'message': '[3/6 ✓] 写完 REPORT.md. heartbeat 改 5min, 继续设计 EA 稿', 'total': 0}
→ 子 agent 已冻结，等你拍板（重试/换思路/取消）
[16:55:49] PUSH [error] 🚨 任务升级到 escalate: t-20260612-093433-1ce224
角色: researcher 等级: L
目标: 长期任务: 联网学习 MT4/MT5 EA + 免费EA解析 + 设计/编译/测试
心跳断: 24620秒前 (3×stale=900s)
进度: {'current': 0, 'message': '[3/6 ✓] 写完 REPORT.md. heartbeat 改 5min, 继续设计 EA 稿', 'total': 0}
→ 子 agent 已冻结，等你拍板（重试/换思路/取消）
[16:56:49] PUSH [error] 🚨 任务升级到 escalate: t-20260612-093433-1ce224
角色: researcher 等级: L
目标: 长期任务: 联网学习 MT4/MT5 EA + 免费EA解析 + 设计/编译/测试
心跳断: 24680秒前 (3×stale=900s)
进度: {'current': 0, 'message': '[3/6 ✓] 写完 REPORT.md. heartbeat 改 5min, 继续设计 EA 稿', 'total': 0}
→ 子 agent 已冻结，等你拍板（重试/换思路/取消）
[16:57:49] PUSH [error] 🚨 任务升级到 escalate: t-20260612-093433-1ce224
角色: researcher 等级: L
目标: 长期任务: 联网学习 MT4/MT5 EA + 免费EA解析 + 设计/编译/测试
心跳断: 24740秒前 (3×stale=900s)
进度: {'current': 0, 'message': '[3/6 ✓] 写完 REPORT.md. heartbeat 改 5min, 继续设计 EA 稿', 'total': 0}
→ 子 agent 已冻结，等你拍板（重试/换思路/取消）
[16:58:49] PUSH [error] 🚨 任务升级到 escalate: t-20260612-093433-1ce224
角色: researcher 等级: L
目标: 长期任务: 联网学习 MT4/MT5 EA + 免费EA解析 + 设计/编译/测试
心跳断: 24800秒前 (3×stale=900s)
进度: {'current': 0, 'message': '[3/6 ✓] 写完 REPORT.md. heartbeat 改 5min, 继续设计 EA 稿', 'total': 0}
→ 子 agent 已冻结，等你拍板（重试/换思路/取消）
[16:59:49] PUSH [error] 🚨 任务升级到 escalate: t-20260612-093433-1ce224
角色: researcher 等级: L
目标: 长期任务: 联网学习 MT4/MT5 EA + 免费EA解析 + 设计/编译/测试
心跳断: 24860秒前 (3×stale=900s)
进度: {'current': 0, 'message': '[3/6 ✓] 写完 REPORT.md. heartbeat 改 5min, 继续设计 EA 稿', 'total': 0}
→ 子 agent 已冻结，等你拍板（重试/换思路/取消）
[17:00:49] PUSH [error] 🚨 任务升级到 escalate: t-20260612-093433-1ce224
角色: researcher 等级: L
目标: 长期任务: 联网学习 MT4/MT5 EA + 免费EA解析 + 设计/编译/测试
心跳断: 24920秒前 (3×stale=900s)
进度: {'current': 0, 'message': '[3/6 ✓] 写完 REPORT.md. heartbeat 改 5min, 继续设计 EA 稿', 'total': 0}
→ 子 agent 已冻结，等你拍板（重试/换思路/取消）
[17:01:49] PUSH [error] 🚨 任务升级到 escalate: t-20260612-093433-1ce224
角色: researcher 等级: L
目标: 长期任务: 联网学习 MT4/MT5 EA + 免费EA解析 + 设计/编译/测试
心跳断: 24980秒前 (3×stale=900s)
进度: {'current': 0, 'message': '[3/6 ✓] 写完 REPORT.md. heartbeat 改 5min, 继续设计 EA 稿', 'total': 0}
→ 子 agent 已冻结，等你拍板（重试/换思路/取消）
[17:02:49] PUSH [error] 🚨 任务升级到 escalate: t-20260612-093433-1ce224
角色: researcher 等级: L
目标: 长期任务: 联网学习 MT4/MT5 EA + 免费EA解析 + 设计/编译/测试
心跳断: 25040秒前 (3×stale=900s)
进度: {'current': 0, 'message': '[3/6 ✓] 写完 REPORT.md. heartbeat 改 5min, 继续设计 EA 稿', 'total': 0}
→ 子 agent 已冻结，等你拍板（重试/换思路/取消）
[17:03:49] PUSH [error] 🚨 任务升级到 escalate: t-20260612-093433-1ce224
角色: researcher 等级: L
目标: 长期任务: 联网学习 MT4/MT5 EA + 免费EA解析 + 设计/编译/测试
心跳断: 25100秒前 (3×stale=900s)
进度: {'current': 0, 'message': '[3/6 ✓] 写完 REPORT.md. heartbeat 改 5min, 继续设计 EA 稿', 'total': 0}
→ 子 agent 已冻结，等你拍板（重试/换思路/取消）
[17:04:49] PUSH [error] 🚨 任务升级到 escalate: t-20260612-093433-1ce224
角色: researcher 等级: L
目标: 长期任务: 联网学习 MT4/MT5 EA + 免费EA解析 + 设计/编译/测试
心跳断: 25160秒前 (3×stale=900s)
进度: {'current': 0, 'message': '[3/6 ✓] 写完 REPORT.md. heartbeat 改 5min, 继续设计 EA 稿', 'total': 0}
→ 子 agent 已冻结，等你拍板（重试/换思路/取消）
[17:05:49] PUSH [error] 🚨 任务升级到 escalate: t-20260612-093433-1ce224
角色: researcher 等级: L
目标: 长期任务: 联网学习 MT4/MT5 EA + 免费EA解析 + 设计/编译/测试
心跳断: 25220秒前 (3×stale=900s)
进度: {'current': 0, 'message': '[3/6 ✓] 写完 REPORT.md. heartbeat 改 5min, 继续设计 EA 稿', 'total': 0}
→ 子 agent 已冻结，等你拍板（重试/换思路/取消）
[17:06:49] PUSH [error] 🚨 任务升级到 escalate: t-20260612-093433-1ce224
角色: researcher 等级: L
目标: 长期任务: 联网学习 MT4/MT5 EA + 免费EA解析 + 设计/编译/测试
心跳断: 25280秒前 (3×stale=900s)
进度: {'current': 0, 'message': '[3/6 ✓] 写完 REPORT.md. heartbeat 改 5min, 继续设计 EA 稿', 'total': 0}
→ 子 agent 已冻结，等你拍板（重试/换思路/取消）
[17:07:49] PUSH [error] 🚨 任务升级到 escalate: t-20260612-093433-1ce224
角色: researcher 等级: L
目标: 长期任务: 联网学习 MT4/MT5 EA + 免费EA解析 + 设计/编译/测试
心跳断: 25340秒前 (3×stale=900s)
进度: {'current': 0, 'message': '[3/6 ✓] 写完 REPORT.md. heartbeat 改 5min, 继续设计 EA 稿', 'total': 0}
→ 子 agent 已冻结，等你拍板（重试/换思路/取消）
[17:08:49] PUSH [error] 🚨 任务升级到 escalate: t-20260612-093433-1ce224
角色: researcher 等级: L
目标: 长期任务: 联网学习 MT4/MT5 EA + 免费EA解析 + 设计/编译/测试
心跳断: 25400秒前 (3×stale=900s)
进度: {'current': 0, 'message': '[3/6 ✓] 写完 REPORT.md. heartbeat 改 5min, 继续设计 EA 稿', 'total': 0}
→ 子 agent 已冻结，等你拍板（重试/换思路/取消）
[17:09:49] PUSH [error] 🚨 任务升级到 escalate: t-20260612-093433-1ce224
角色: researcher 等级: L
目标: 长期任务: 联网学习 MT4/MT5 EA + 免费EA解析 + 设计/编译/测试
心跳断: 25460秒前 (3×stale=900s)
进度: {'current': 0, 'message': '[3/6 ✓] 写完 REPORT.md. heartbeat 改 5min, 继续设计 EA 稿', 'total': 0}
→ 子 agent 已冻结，等你拍板（重试/换思路/取消）
[17:10:49] PUSH [error] 🚨 任务升级到 escalate: t-20260612-093433-1ce224
角色: researcher 等级: L
目标: 长期任务: 联网学习 MT4/MT5 EA + 免费EA解析 + 设计/编译/测试
心跳断: 25520秒前 (3×stale=900s)
进度: {'current': 0, 'message': '[3/6 ✓] 写完 REPORT.md. heartbeat 改 5min, 继续设计 EA 稿', 'total': 0}
→ 子 agent 已冻结，等你拍板（重试/换思路/取消）
[17:11:49] PUSH [error] 🚨 任务升级到 escalate: t-20260612-093433-1ce224
角色: researcher 等级: L
目标: 长期任务: 联网学习 MT4/MT5 EA + 免费EA解析 + 设计/编译/测试
心跳断: 25580秒前 (3×stale=900s)
进度: {'current': 0, 'message': '[3/6 ✓] 写完 REPORT.md. heartbeat 改 5min, 继续设计 EA 稿', 'total': 0}
→ 子 agent 已冻结，等你拍板（重试/换思路/取消）
[17:12:49] PUSH [error] 🚨 任务升级到 escalate: t-20260612-093433-1ce224
角色: researcher 等级: L
目标: 长期任务: 联网学习 MT4/MT5 EA + 免费EA解析 + 设计/编译/测试
心跳断: 25640秒前 (3×stale=900s)
进度: {'current': 0, 'message': '[3/6 ✓] 写完 REPORT.md. heartbeat 改 5min, 继续设计 EA 稿', 'total': 0}
→ 子 agent 已冻结，等你拍板（重试/换思路/取消）
[17:13:49] PUSH [error] 🚨 任务升级到 escalate: t-20260612-093433-1ce224
角色: researcher 等级: L
目标: 长期任务: 联网学习 MT4/MT5 EA + 免费EA解析 + 设计/编译/测试
心跳断: 25700秒前 (3×stale=900s)
进度: {'current': 0, 'message': '[3/6 ✓] 写完 REPORT.md. heartbeat 改 5min, 继续设计 EA 稿', 'total': 0}
→ 子 agent 已冻结，等你拍板（重试/换思路/取消）
[17:14:49] PUSH [error] 🚨 任务升级到 escalate: t-20260612-093433-1ce224
角色: researcher 等级: L
目标: 长期任务: 联网学习 MT4/MT5 EA + 免费EA解析 + 设计/编译/测试
心跳断: 25760秒前 (3×stale=900s)
进度: {'current': 0, 'message': '[3/6 ✓] 写完 REPORT.md. heartbeat 改 5min, 继续设计 EA 稿', 'total': 0}
→ 子 agent 已冻结，等你拍板（重试/换思路/取消）
[17:15:49] PUSH [error] 🚨 任务升级到 escalate: t-20260612-093433-1ce224
角色: researcher 等级: L
目标: 长期任务: 联网学习 MT4/MT5 EA + 免费EA解析 + 设计/编译/测试
心跳断: 25820秒前 (3×stale=900s)
进度: {'current': 0, 'message': '[3/6 ✓] 写完 REPORT.md. heartbeat 改 5min, 继续设计 EA 稿', 'total': 0}
→ 子 agent 已冻结，等你拍板（重试/换思路/取消）
[17:16:49] PUSH [error] 🚨 任务升级到 escalate: t-20260612-093433-1ce224
角色: researcher 等级: L
目标: 长期任务: 联网学习 MT4/MT5 EA + 免费EA解析 + 设计/编译/测试
心跳断: 25880秒前 (3×stale=900s)
进度: {'current': 0, 'message': '[3/6 ✓] 写完 REPORT.md. heartbeat 改 5min, 继续设计 EA 稿', 'total': 0}
→ 子 agent 已冻结，等你拍板（重试/换思路/取消）
[17:17:49] PUSH [error] 🚨 任务升级到 escalate: t-20260612-093433-1ce224
角色: researcher 等级: L
目标: 长期任务: 联网学习 MT4/MT5 EA + 免费EA解析 + 设计/编译/测试
心跳断: 25940秒前 (3×stale=900s)
进度: {'current': 0, 'message': '[3/6 ✓] 写完 REPORT.md. heartbeat 改 5min, 继续设计 EA 稿', 'total': 0}
→ 子 agent 已冻结，等你拍板（重试/换思路/取消）
[17:18:50] PUSH [error] 🚨 任务升级到 escalate: t-20260612-093433-1ce224
角色: researcher 等级: L
目标: 长期任务: 联网学习 MT4/MT5 EA + 免费EA解析 + 设计/编译/测试
心跳断: 26001秒前 (3×stale=900s)
进度: {'current': 0, 'message': '[3/6 ✓] 写完 REPORT.md. heartbeat 改 5min, 继续设计 EA 稿', 'total': 0}
→ 子 agent 已冻结，等你拍板（重试/换思路/取消）
[17:19:50] PUSH [error] 🚨 任务升级到 escalate: t-20260612-093433-1ce224
角色: researcher 等级: L
目标: 长期任务: 联网学习 MT4/MT5 EA + 免费EA解析 + 设计/编译/测试
心跳断: 26061秒前 (3×stale=900s)
进度: {'current': 0, 'message': '[3/6 ✓] 写完 REPORT.md. heartbeat 改 5min, 继续设计 EA 稿', 'total': 0}
→ 子 agent 已冻结，等你拍板（重试/换思路/取消）
[17:20:50] PUSH [error] 🚨 任务升级到 escalate: t-20260612-093433-1ce224
角色: researcher 等级: L
目标: 长期任务: 联网学习 MT4/MT5 EA + 免费EA解析 + 设计/编译/测试
心跳断: 26121秒前 (3×stale=900s)
进度: {'current': 0, 'message': '[3/6 ✓] 写完 REPORT.md. heartbeat 改 5min, 继续设计 EA 稿', 'total': 0}
→ 子 agent 已冻结，等你拍板（重试/换思路/取消）
[17:21:50] PUSH [error] 🚨 任务升级到 escalate: t-20260612-093433-1ce224
角色: researcher 等级: L
目标: 长期任务: 联网学习 MT4/MT5 EA + 免费EA解析 + 设计/编译/测试
心跳断: 26181秒前 (3×stale=900s)
进度: {'current': 0, 'message': '[3/6 ✓] 写完 REPORT.md. heartbeat 改 5min, 继续设计 EA 稿', 'total': 0}
→ 子 agent 已冻结，等你拍板（重试/换思路/取消）
[17:22:50] PUSH [error] 🚨 任务升级到 escalate: t-20260612-093433-1ce224
角色: researcher 等级: L
目标: 长期任务: 联网学习 MT4/MT5 EA + 免费EA解析 + 设计/编译/测试
心跳断: 26241秒前 (3×stale=900s)
进度: {'current': 0, 'message': '[3/6 ✓] 写完 REPORT.md. heartbeat 改 5min, 继续设计 EA 稿', 'total': 0}
→ 子 agent 已冻结，等你拍板（重试/换思路/取消）
[17:23:50] PUSH [error] 🚨 任务升级到 escalate: t-20260612-093433-1ce224
角色: researcher 等级: L
目标: 长期任务: 联网学习 MT4/MT5 EA + 免费EA解析 + 设计/编译/测试
心跳断: 26301秒前 (3×stale=900s)
进度: {'current': 0, 'message': '[3/6 ✓] 写完 REPORT.md. heartbeat 改 5min, 继续设计 EA 稿', 'total': 0}
→ 子 agent 已冻结，等你拍板（重试/换思路/取消）
[17:24:50] PUSH [error] 🚨 任务升级到 escalate: t-20260612-093433-1ce224
角色: researcher 等级: L
目标: 长期任务: 联网学习 MT4/MT5 EA + 免费EA解析 + 设计/编译/测试
心跳断: 26361秒前 (3×stale=900s)
进度: {'current': 0, 'message': '[3/6 ✓] 写完 REPORT.md. heartbeat 改 5min, 继续设计 EA 稿', 'total': 0}
→ 子 agent 已冻结，等你拍板（重试/换思路/取消）
[17:25:50] PUSH [error] 🚨 任务升级到 escalate: t-20260612-093433-1ce224
角色: researcher 等级: L
目标: 长期任务: 联网学习 MT4/MT5 EA + 免费EA解析 + 设计/编译/测试
心跳断: 26421秒前 (3×stale=900s)
进度: {'current': 0, 'message': '[3/6 ✓] 写完 REPORT.md. heartbeat 改 5min, 继续设计 EA 稿', 'total': 0}
→ 子 agent 已冻结，等你拍板（重试/换思路/取消）
[17:26:50] PUSH [error] 🚨 任务升级到 escalate: t-20260612-093433-1ce224
角色: researcher 等级: L
目标: 长期任务: 联网学习 MT4/MT5 EA + 免费EA解析 + 设计/编译/测试
心跳断: 26481秒前 (3×stale=900s)
进度: {'current': 0, 'message': '[3/6 ✓] 写完 REPORT.md. heartbeat 改 5min, 继续设计 EA 稿', 'total': 0}
→ 子 agent 已冻结，等你拍板（重试/换思路/取消）
[17:27:50] PUSH [error] 🚨 任务升级到 escalate: t-20260612-093433-1ce224
角色: researcher 等级: L
目标: 长期任务: 联网学习 MT4/MT5 EA + 免费EA解析 + 设计/编译/测试
心跳断: 26541秒前 (3×stale=900s)
进度: {'current': 0, 'message': '[3/6 ✓] 写完 REPORT.md. heartbeat 改 5min, 继续设计 EA 稿', 'total': 0}
→ 子 agent 已冻结，等你拍板（重试/换思路/取消）
[17:28:50] PUSH [error] 🚨 任务升级到 escalate: t-20260612-093433-1ce224
角色: researcher 等级: L
目标: 长期任务: 联网学习 MT4/MT5 EA + 免费EA解析 + 设计/编译/测试
心跳断: 26601秒前 (3×stale=900s)
进度: {'current': 0, 'message': '[3/6 ✓] 写完 REPORT.md. heartbeat 改 5min, 继续设计 EA 稿', 'total': 0}
→ 子 agent 已冻结，等你拍板（重试/换思路/取消）
[17:29:50] PUSH [error] 🚨 任务升级到 escalate: t-20260612-093433-1ce224
角色: researcher 等级: L
目标: 长期任务: 联网学习 MT4/MT5 EA + 免费EA解析 + 设计/编译/测试
心跳断: 26661秒前 (3×stale=900s)
进度: {'current': 0, 'message': '[3/6 ✓] 写完 REPORT.md. heartbeat 改 5min, 继续设计 EA 稿', 'total': 0}
→ 子 agent 已冻结，等你拍板（重试/换思路/取消）
[17:30:50] PUSH [error] 🚨 任务升级到 escalate: t-20260612-093433-1ce224
角色: researcher 等级: L
目标: 长期任务: 联网学习 MT4/MT5 EA + 免费EA解析 + 设计/编译/测试
心跳断: 26721秒前 (3×stale=900s)
进度: {'current': 0, 'message': '[3/6 ✓] 写完 REPORT.md. heartbeat 改 5min, 继续设计 EA 稿', 'total': 0}
→ 子 agent 已冻结，等你拍板（重试/换思路/取消）
[17:31:50] PUSH [error] 🚨 任务升级到 escalate: t-20260612-093433-1ce224
角色: researcher 等级: L
目标: 长期任务: 联网学习 MT4/MT5 EA + 免费EA解析 + 设计/编译/测试
心跳断: 26781秒前 (3×stale=900s)
进度: {'current': 0, 'message': '[3/6 ✓] 写完 REPORT.md. heartbeat 改 5min, 继续设计 EA 稿', 'total': 0}
→ 子 agent 已冻结，等你拍板（重试/换思路/取消）
[17:32:50] PUSH [error] 🚨 任务升级到 escalate: t-20260612-093433-1ce224
角色: researcher 等级: L
目标: 长期任务: 联网学习 MT4/MT5 EA + 免费EA解析 + 设计/编译/测试
心跳断: 26841秒前 (3×stale=900s)
进度: {'current': 0, 'message': '[3/6 ✓] 写完 REPORT.md. heartbeat 改 5min, 继续设计 EA 稿', 'total': 0}
→ 子 agent 已冻结，等你拍板（重试/换思路/取消）
[17:33:50] PUSH [error] 🚨 任务升级到 escalate: t-20260612-093433-1ce224
角色: researcher 等级: L
目标: 长期任务: 联网学习 MT4/MT5 EA + 免费EA解析 + 设计/编译/测试
心跳断: 26901秒前 (3×stale=900s)
进度: {'current': 0, 'message': '[3/6 ✓] 写完 REPORT.md. heartbeat 改 5min, 继续设计 EA 稿', 'total': 0}
→ 子 agent 已冻结，等你拍板（重试/换思路/取消）
[17:34:50] PUSH [error] 🚨 任务升级到 escalate: t-20260612-093433-1ce224
角色: researcher 等级: L
目标: 长期任务: 联网学习 MT4/MT5 EA + 免费EA解析 + 设计/编译/测试
心跳断: 26961秒前 (3×stale=900s)
进度: {'current': 0, 'message': '[3/6 ✓] 写完 REPORT.md. heartbeat 改 5min, 继续设计 EA 稿', 'total': 0}
→ 子 agent 已冻结，等你拍板（重试/换思路/取消）
[17:35:50] PUSH [error] 🚨 任务升级到 escalate: t-20260612-093433-1ce224
角色: researcher 等级: L
目标: 长期任务: 联网学习 MT4/MT5 EA + 免费EA解析 + 设计/编译/测试
心跳断: 27021秒前 (3×stale=900s)
进度: {'current': 0, 'message': '[3/6 ✓] 写完 REPORT.md. heartbeat 改 5min, 继续设计 EA 稿', 'total': 0}
→ 子 agent 已冻结，等你拍板（重试/换思路/取消）
[17:36:50] PUSH [error] 🚨 任务升级到 escalate: t-20260612-093433-1ce224
角色: researcher 等级: L
目标: 长期任务: 联网学习 MT4/MT5 EA + 免费EA解析 + 设计/编译/测试
心跳断: 27081秒前 (3×stale=900s)
进度: {'current': 0, 'message': '[3/6 ✓] 写完 REPORT.md. heartbeat 改 5min, 继续设计 EA 稿', 'total': 0}
→ 子 agent 已冻结，等你拍板（重试/换思路/取消）
[17:37:50] PUSH [error] 🚨 任务升级到 escalate: t-20260612-093433-1ce224
角色: researcher 等级: L
目标: 长期任务: 联网学习 MT4/MT5 EA + 免费EA解析 + 设计/编译/测试
心跳断: 27141秒前 (3×stale=900s)
进度: {'current': 0, 'message': '[3/6 ✓] 写完 REPORT.md. heartbeat 改 5min, 继续设计 EA 稿', 'total': 0}
→ 子 agent 已冻结，等你拍板（重试/换思路/取消）
[17:38:50] PUSH [error] 🚨 任务升级到 escalate: t-20260612-093433-1ce224
角色: researcher 等级: L
目标: 长期任务: 联网学习 MT4/MT5 EA + 免费EA解析 + 设计/编译/测试
心跳断: 27201秒前 (3×stale=900s)
进度: {'current': 0, 'message': '[3/6 ✓] 写完 REPORT.md. heartbeat 改 5min, 继续设计 EA 稿', 'total': 0}
→ 子 agent 已冻结，等你拍板（重试/换思路/取消）
[17:39:50] PUSH [error] 🚨 任务升级到 escalate: t-20260612-093433-1ce224
角色: researcher 等级: L
目标: 长期任务: 联网学习 MT4/MT5 EA + 免费EA解析 + 设计/编译/测试
心跳断: 27261秒前 (3×stale=900s)
进度: {'current': 0, 'message': '[3/6 ✓] 写完 REPORT.md. heartbeat 改 5min, 继续设计 EA 稿', 'total': 0}
→ 子 agent 已冻结，等你拍板（重试/换思路/取消）
[17:40:50] PUSH [error] 🚨 任务升级到 escalate: t-20260612-093433-1ce224
角色: researcher 等级: L
目标: 长期任务: 联网学习 MT4/MT5 EA + 免费EA解析 + 设计/编译/测试
心跳断: 27321秒前 (3×stale=900s)
进度: {'current': 0, 'message': '[3/6 ✓] 写完 REPORT.md. heartbeat 改 5min, 继续设计 EA 稿', 'total': 0}
→ 子 agent 已冻结，等你拍板（重试/换思路/取消）
[17:41:50] PUSH [error] 🚨 任务升级到 escalate: t-20260612-093433-1ce224
角色: researcher 等级: L
目标: 长期任务: 联网学习 MT4/MT5 EA + 免费EA解析 + 设计/编译/测试
心跳断: 27381秒前 (3×stale=900s)
进度: {'current': 0, 'message': '[3/6 ✓] 写完 REPORT.md. heartbeat 改 5min, 继续设计 EA 稿', 'total': 0}
→ 子 agent 已冻结，等你拍板（重试/换思路/取消）
[17:42:50] PUSH [error] 🚨 任务升级到 escalate: t-20260612-093433-1ce224
角色: researcher 等级: L
目标: 长期任务: 联网学习 MT4/MT5 EA + 免费EA解析 + 设计/编译/测试
心跳断: 27441秒前 (3×stale=900s)
进度: {'current': 0, 'message': '[3/6 ✓] 写完 REPORT.md. heartbeat 改 5min, 继续设计 EA 稿', 'total': 0}
→ 子 agent 已冻结，等你拍板（重试/换思路/取消）
[17:43:50] PUSH [error] 🚨 任务升级到 escalate: t-20260612-093433-1ce224
角色: researcher 等级: L
目标: 长期任务: 联网学习 MT4/MT5 EA + 免费EA解析 + 设计/编译/测试
心跳断: 27501秒前 (3×stale=900s)
进度: {'current': 0, 'message': '[3/6 ✓] 写完 REPORT.md. heartbeat 改 5min, 继续设计 EA 稿', 'total': 0}
→ 子 agent 已冻结，等你拍板（重试/换思路/取消）
[17:44:50] PUSH [error] 🚨 任务升级到 escalate: t-20260612-093433-1ce224
角色: researcher 等级: L
目标: 长期任务: 联网学习 MT4/MT5 EA + 免费EA解析 + 设计/编译/测试
心跳断: 27561秒前 (3×stale=900s)
进度: {'current': 0, 'message': '[3/6 ✓] 写完 REPORT.md. heartbeat 改 5min, 继续设计 EA 稿', 'total': 0}
→ 子 agent 已冻结，等你拍板（重试/换思路/取消）
[17:45:50] PUSH [error] 🚨 任务升级到 escalate: t-20260612-093433-1ce224
角色: researcher 等级: L
目标: 长期任务: 联网学习 MT4/MT5 EA + 免费EA解析 + 设计/编译/测试
心跳断: 27621秒前 (3×stale=900s)
进度: {'current': 0, 'message': '[3/6 ✓] 写完 REPORT.md. heartbeat 改 5min, 继续设计 EA 稿', 'total': 0}
→ 子 agent 已冻结，等你拍板（重试/换思路/取消）
[17:46:50] PUSH [error] 🚨 任务升级到 escalate: t-20260612-093433-1ce224
角色: researcher 等级: L
目标: 长期任务: 联网学习 MT4/MT5 EA + 免费EA解析 + 设计/编译/测试
心跳断: 27681秒前 (3×stale=900s)
进度: {'current': 0, 'message': '[3/6 ✓] 写完 REPORT.md. heartbeat 改 5min, 继续设计 EA 稿', 'total': 0}
→ 子 agent 已冻结，等你拍板（重试/换思路/取消）
[17:47:50] PUSH [error] 🚨 任务升级到 escalate: t-20260612-093433-1ce224
角色: researcher 等级: L
目标: 长期任务: 联网学习 MT4/MT5 EA + 免费EA解析 + 设计/编译/测试
心跳断: 27741秒前 (3×stale=900s)
进度: {'current': 0, 'message': '[3/6 ✓] 写完 REPORT.md. heartbeat 改 5min, 继续设计 EA 稿', 'total': 0}
→ 子 agent 已冻结，等你拍板（重试/换思路/取消）
[17:48:50] PUSH [error] 🚨 任务升级到 escalate: t-20260612-093433-1ce224
角色: researcher 等级: L
目标: 长期任务: 联网学习 MT4/MT5 EA + 免费EA解析 + 设计/编译/测试
心跳断: 27801秒前 (3×stale=900s)
进度: {'current': 0, 'message': '[3/6 ✓] 写完 REPORT.md. heartbeat 改 5min, 继续设计 EA 稿', 'total': 0}
→ 子 agent 已冻结，等你拍板（重试/换思路/取消）
[17:49:50] PUSH [error] 🚨 任务升级到 escalate: t-20260612-093433-1ce224
角色: researcher 等级: L
目标: 长期任务: 联网学习 MT4/MT5 EA + 免费EA解析 + 设计/编译/测试
心跳断: 27861秒前 (3×stale=900s)
进度: {'current': 0, 'message': '[3/6 ✓] 写完 REPORT.md. heartbeat 改 5min, 继续设计 EA 稿', 'total': 0}
→ 子 agent 已冻结，等你拍板（重试/换思路/取消）
[17:50:50] PUSH [error] 🚨 任务升级到 escalate: t-20260612-093433-1ce224
角色: researcher 等级: L
目标: 长期任务: 联网学习 MT4/MT5 EA + 免费EA解析 + 设计/编译/测试
心跳断: 27921秒前 (3×stale=900s)
进度: {'current': 0, 'message': '[3/6 ✓] 写完 REPORT.md. heartbeat 改 5min, 继续设计 EA 稿', 'total': 0}
→ 子 agent 已冻结，等你拍板（重试/换思路/取消）
[17:51:50] PUSH [error] 🚨 任务升级到 escalate: t-20260612-093433-1ce224
角色: researcher 等级: L
目标: 长期任务: 联网学习 MT4/MT5 EA + 免费EA解析 + 设计/编译/测试
心跳断: 27981秒前 (3×stale=900s)
进度: {'current': 0, 'message': '[3/6 ✓] 写完 REPORT.md. heartbeat 改 5min, 继续设计 EA 稿', 'total': 0}
→ 子 agent 已冻结，等你拍板（重试/换思路/取消）
[17:52:50] PUSH [error] 🚨 任务升级到 escalate: t-20260612-093433-1ce224
角色: researcher 等级: L
目标: 长期任务: 联网学习 MT4/MT5 EA + 免费EA解析 + 设计/编译/测试
心跳断: 28041秒前 (3×stale=900s)
进度: {'current': 0, 'message': '[3/6 ✓] 写完 REPORT.md. heartbeat 改 5min, 继续设计 EA 稿', 'total': 0}
→ 子 agent 已冻结，等你拍板（重试/换思路/取消）
[17:53:50] PUSH [error] 🚨 任务升级到 escalate: t-20260612-093433-1ce224
角色: researcher 等级: L
目标: 长期任务: 联网学习 MT4/MT5 EA + 免费EA解析 + 设计/编译/测试
心跳断: 28101秒前 (3×stale=900s)
进度: {'current': 0, 'message': '[3/6 ✓] 写完 REPORT.md. heartbeat 改 5min, 继续设计 EA 稿', 'total': 0}
→ 子 agent 已冻结，等你拍板（重试/换思路/取消）
[17:54:51] PUSH [error] 🚨 任务升级到 escalate: t-20260612-093433-1ce224
角色: researcher 等级: L
目标: 长期任务: 联网学习 MT4/MT5 EA + 免费EA解析 + 设计/编译/测试
心跳断: 28161秒前 (3×stale=900s)
进度: {'current': 0, 'message': '[3/6 ✓] 写完 REPORT.md. heartbeat 改 5min, 继续设计 EA 稿', 'total': 0}
→ 子 agent 已冻结，等你拍板（重试/换思路/取消）
[17:55:51] PUSH [error] 🚨 任务升级到 escalate: t-20260612-093433-1ce224
角色: researcher 等级: L
目标: 长期任务: 联网学习 MT4/MT5 EA + 免费EA解析 + 设计/编译/测试
心跳断: 28222秒前 (3×stale=900s)
进度: {'current': 0, 'message': '[3/6 ✓] 写完 REPORT.md. heartbeat 改 5min, 继续设计 EA 稿', 'total': 0}
→ 子 agent 已冻结，等你拍板（重试/换思路/取消）
[17:56:51] PUSH [error] 🚨 任务升级到 escalate: t-20260612-093433-1ce224
角色: researcher 等级: L
目标: 长期任务: 联网学习 MT4/MT5 EA + 免费EA解析 + 设计/编译/测试
心跳断: 28282秒前 (3×stale=900s)
进度: {'current': 0, 'message': '[3/6 ✓] 写完 REPORT.md. heartbeat 改 5min, 继续设计 EA 稿', 'total': 0}
→ 子 agent 已冻结，等你拍板（重试/换思路/取消）
[17:57:51] PUSH [error] 🚨 任务升级到 escalate: t-20260612-093433-1ce224
角色: researcher 等级: L
目标: 长期任务: 联网学习 MT4/MT5 EA + 免费EA解析 + 设计/编译/测试
心跳断: 28342秒前 (3×stale=900s)
进度: {'current': 0, 'message': '[3/6 ✓] 写完 REPORT.md. heartbeat 改 5min, 继续设计 EA 稿', 'total': 0}
→ 子 agent 已冻结，等你拍板（重试/换思路/取消）
[17:58:51] PUSH [error] 🚨 任务升级到 escalate: t-20260612-093433-1ce224
角色: researcher 等级: L
目标: 长期任务: 联网学习 MT4/MT5 EA + 免费EA解析 + 设计/编译/测试
心跳断: 28402秒前 (3×stale=900s)
进度: {'current': 0, 'message': '[3/6 ✓] 写完 REPORT.md. heartbeat 改 5min, 继续设计 EA 稿', 'total': 0}
→ 子 agent 已冻结，等你拍板（重试/换思路/取消）
[17:59:51] PUSH [error] 🚨 任务升级到 escalate: t-20260612-093433-1ce224
角色: researcher 等级: L
目标: 长期任务: 联网学习 MT4/MT5 EA + 免费EA解析 + 设计/编译/测试
心跳断: 28462秒前 (3×stale=900s)
进度: {'current': 0, 'message': '[3/6 ✓] 写完 REPORT.md. heartbeat 改 5min, 继续设计 EA 稿', 'total': 0}
→ 子 agent 已冻结，等你拍板（重试/换思路/取消）
[18:00:51] PUSH [error] 🚨 任务升级到 escalate: t-20260612-093433-1ce224
角色: researcher 等级: L
目标: 长期任务: 联网学习 MT4/MT5 EA + 免费EA解析 + 设计/编译/测试
心跳断: 28522秒前 (3×stale=900s)
进度: {'current': 0, 'message': '[3/6 ✓] 写完 REPORT.md. heartbeat 改 5min, 继续设计 EA 稿', 'total': 0}
→ 子 agent 已冻结，等你拍板（重试/换思路/取消）
[18:01:51] PUSH [error] 🚨 任务升级到 escalate: t-20260612-093433-1ce224
角色: researcher 等级: L
目标: 长期任务: 联网学习 MT4/MT5 EA + 免费EA解析 + 设计/编译/测试
心跳断: 28582秒前 (3×stale=900s)
进度: {'current': 0, 'message': '[3/6 ✓] 写完 REPORT.md. heartbeat 改 5min, 继续设计 EA 稿', 'total': 0}
→ 子 agent 已冻结，等你拍板（重试/换思路/取消）
[18:02:51] PUSH [error] 🚨 任务升级到 escalate: t-20260612-093433-1ce224
角色: researcher 等级: L
目标: 长期任务: 联网学习 MT4/MT5 EA + 免费EA解析 + 设计/编译/测试
心跳断: 28642秒前 (3×stale=900s)
进度: {'current': 0, 'message': '[3/6 ✓] 写完 REPORT.md. heartbeat 改 5min, 继续设计 EA 稿', 'total': 0}
→ 子 agent 已冻结，等你拍板（重试/换思路/取消）
[18:03:51] PUSH [error] 🚨 任务升级到 escalate: t-20260612-093433-1ce224
角色: researcher 等级: L
目标: 长期任务: 联网学习 MT4/MT5 EA + 免费EA解析 + 设计/编译/测试
心跳断: 28702秒前 (3×stale=900s)
进度: {'current': 0, 'message': '[3/6 ✓] 写完 REPORT.md. heartbeat 改 5min, 继续设计 EA 稿', 'total': 0}
→ 子 agent 已冻结，等你拍板（重试/换思路/取消）
[18:04:51] PUSH [error] 🚨 任务升级到 escalate: t-20260612-093433-1ce224
角色: researcher 等级: L
目标: 长期任务: 联网学习 MT4/MT5 EA + 免费EA解析 + 设计/编译/测试
心跳断: 28762秒前 (3×stale=900s)
进度: {'current': 0, 'message': '[3/6 ✓] 写完 REPORT.md. heartbeat 改 5min, 继续设计 EA 稿', 'total': 0}
→ 子 agent 已冻结，等你拍板（重试/换思路/取消）
[18:05:51] PUSH [error] 🚨 任务升级到 escalate: t-20260612-093433-1ce224
角色: researcher 等级: L
目标: 长期任务: 联网学习 MT4/MT5 EA + 免费EA解析 + 设计/编译/测试
心跳断: 28822秒前 (3×stale=900s)
进度: {'current': 0, 'message': '[3/6 ✓] 写完 REPORT.md. heartbeat 改 5min, 继续设计 EA 稿', 'total': 0}
→ 子 agent 已冻结，等你拍板（重试/换思路/取消）
[18:06:51] PUSH [error] 🚨 任务升级到 escalate: t-20260612-093433-1ce224
角色: researcher 等级: L
目标: 长期任务: 联网学习 MT4/MT5 EA + 免费EA解析 + 设计/编译/测试
心跳断: 28882秒前 (3×stale=900s)
进度: {'current': 0, 'message': '[3/6 ✓] 写完 REPORT.md. heartbeat 改 5min, 继续设计 EA 稿', 'total': 0}
→ 子 agent 已冻结，等你拍板（重试/换思路/取消）
[18:07:51] PUSH [error] 🚨 任务升级到 escalate: t-20260612-093433-1ce224
角色: researcher 等级: L
目标: 长期任务: 联网学习 MT4/MT5 EA + 免费EA解析 + 设计/编译/测试
心跳断: 28942秒前 (3×stale=900s)
进度: {'current': 0, 'message': '[3/6 ✓] 写完 REPORT.md. heartbeat 改 5min, 继续设计 EA 稿', 'total': 0}
→ 子 agent 已冻结，等你拍板（重试/换思路/取消）
[18:08:51] PUSH [error] 🚨 任务升级到 escalate: t-20260612-093433-1ce224
角色: researcher 等级: L
目标: 长期任务: 联网学习 MT4/MT5 EA + 免费EA解析 + 设计/编译/测试
心跳断: 29002秒前 (3×stale=900s)
进度: {'current': 0, 'message': '[3/6 ✓] 写完 REPORT.md. heartbeat 改 5min, 继续设计 EA 稿', 'total': 0}
→ 子 agent 已冻结，等你拍板（重试/换思路/取消）
[18:09:51] PUSH [error] 🚨 任务升级到 escalate: t-20260612-093433-1ce224
角色: researcher 等级: L
目标: 长期任务: 联网学习 MT4/MT5 EA + 免费EA解析 + 设计/编译/测试
心跳断: 29062秒前 (3×stale=900s)
进度: {'current': 0, 'message': '[3/6 ✓] 写完 REPORT.md. heartbeat 改 5min, 继续设计 EA 稿', 'total': 0}
→ 子 agent 已冻结，等你拍板（重试/换思路/取消）
[18:10:51] PUSH [error] 🚨 任务升级到 escalate: t-20260612-093433-1ce224
角色: researcher 等级: L
目标: 长期任务: 联网学习 MT4/MT5 EA + 免费EA解析 + 设计/编译/测试
心跳断: 29122秒前 (3×stale=900s)
进度: {'current': 0, 'message': '[3/6 ✓] 写完 REPORT.md. heartbeat 改 5min, 继续设计 EA 稿', 'total': 0}
→ 子 agent 已冻结，等你拍板（重试/换思路/取消）
[18:11:51] PUSH [error] 🚨 任务升级到 escalate: t-20260612-093433-1ce224
角色: researcher 等级: L
目标: 长期任务: 联网学习 MT4/MT5 EA + 免费EA解析 + 设计/编译/测试
心跳断: 29182秒前 (3×stale=900s)
进度: {'current': 0, 'message': '[3/6 ✓] 写完 REPORT.md. heartbeat 改 5min, 继续设计 EA 稿', 'total': 0}
→ 子 agent 已冻结，等你拍板（重试/换思路/取消）
[18:12:51] PUSH [error] 🚨 任务升级到 escalate: t-20260612-093433-1ce224
角色: researcher 等级: L
目标: 长期任务: 联网学习 MT4/MT5 EA + 免费EA解析 + 设计/编译/测试
心跳断: 29242秒前 (3×stale=900s)
进度: {'current': 0, 'message': '[3/6 ✓] 写完 REPORT.md. heartbeat 改 5min, 继续设计 EA 稿', 'total': 0}
→ 子 agent 已冻结，等你拍板（重试/换思路/取消）
[18:13:51] PUSH [error] 🚨 任务升级到 escalate: t-20260612-093433-1ce224
角色: researcher 等级: L
目标: 长期任务: 联网学习 MT4/MT5 EA + 免费EA解析 + 设计/编译/测试
心跳断: 29302秒前 (3×stale=900s)
进度: {'current': 0, 'message': '[3/6 ✓] 写完 REPORT.md. heartbeat 改 5min, 继续设计 EA 稿', 'total': 0}
→ 子 agent 已冻结，等你拍板（重试/换思路/取消）
[18:14:51] PUSH [error] 🚨 任务升级到 escalate: t-20260612-093433-1ce224
角色: researcher 等级: L
目标: 长期任务: 联网学习 MT4/MT5 EA + 免费EA解析 + 设计/编译/测试
心跳断: 29362秒前 (3×stale=900s)
进度: {'current': 0, 'message': '[3/6 ✓] 写完 REPORT.md. heartbeat 改 5min, 继续设计 EA 稿', 'total': 0}
→ 子 agent 已冻结，等你拍板（重试/换思路/取消）
[18:15:51] PUSH [error] 🚨 任务升级到 escalate: t-20260612-093433-1ce224
角色: researcher 等级: L
目标: 长期任务: 联网学习 MT4/MT5 EA + 免费EA解析 + 设计/编译/测试
心跳断: 29422秒前 (3×stale=900s)
进度: {'current': 0, 'message': '[3/6 ✓] 写完 REPORT.md. heartbeat 改 5min, 继续设计 EA 稿', 'total': 0}
→ 子 agent 已冻结，等你拍板（重试/换思路/取消）
[18:16:51] PUSH [error] 🚨 任务升级到 escalate: t-20260612-093433-1ce224
角色: researcher 等级: L
目标: 长期任务: 联网学习 MT4/MT5 EA + 免费EA解析 + 设计/编译/测试
心跳断: 29482秒前 (3×stale=900s)
进度: {'current': 0, 'message': '[3/6 ✓] 写完 REPORT.md. heartbeat 改 5min, 继续设计 EA 稿', 'total': 0}
→ 子 agent 已冻结，等你拍板（重试/换思路/取消）
[18:17:51] PUSH [error] 🚨 任务升级到 escalate: t-20260612-093433-1ce224
角色: researcher 等级: L
目标: 长期任务: 联网学习 MT4/MT5 EA + 免费EA解析 + 设计/编译/测试
心跳断: 29542秒前 (3×stale=900s)
进度: {'current': 0, 'message': '[3/6 ✓] 写完 REPORT.md. heartbeat 改 5min, 继续设计 EA 稿', 'total': 0}
→ 子 agent 已冻结，等你拍板（重试/换思路/取消）
[18:18:51] PUSH [error] 🚨 任务升级到 escalate: t-20260612-093433-1ce224
角色: researcher 等级: L
目标: 长期任务: 联网学习 MT4/MT5 EA + 免费EA解析 + 设计/编译/测试
心跳断: 29602秒前 (3×stale=900s)
进度: {'current': 0, 'message': '[3/6 ✓] 写完 REPORT.md. heartbeat 改 5min, 继续设计 EA 稿', 'total': 0}
→ 子 agent 已冻结，等你拍板（重试/换思路/取消）
[18:19:51] PUSH [error] 🚨 任务升级到 escalate: t-20260612-093433-1ce224
角色: researcher 等级: L
目标: 长期任务: 联网学习 MT4/MT5 EA + 免费EA解析 + 设计/编译/测试
心跳断: 29662秒前 (3×stale=900s)
进度: {'current': 0, 'message': '[3/6 ✓] 写完 REPORT.md. heartbeat 改 5min, 继续设计 EA 稿', 'total': 0}
→ 子 agent 已冻结，等你拍板（重试/换思路/取消）
[18:20:51] PUSH [error] 🚨 任务升级到 escalate: t-20260612-093433-1ce224
角色: researcher 等级: L
目标: 长期任务: 联网学习 MT4/MT5 EA + 免费EA解析 + 设计/编译/测试
心跳断: 29722秒前 (3×stale=900s)
进度: {'current': 0, 'message': '[3/6 ✓] 写完 REPORT.md. heartbeat 改 5min, 继续设计 EA 稿', 'total': 0}
→ 子 agent 已冻结，等你拍板（重试/换思路/取消）
[18:21:51] PUSH [error] 🚨 任务升级到 escalate: t-20260612-093433-1ce224
角色: researcher 等级: L
目标: 长期任务: 联网学习 MT4/MT5 EA + 免费EA解析 + 设计/编译/测试
心跳断: 29782秒前 (3×stale=900s)
进度: {'current': 0, 'message': '[3/6 ✓] 写完 REPORT.md. heartbeat 改 5min, 继续设计 EA 稿', 'total': 0}
→ 子 agent 已冻结，等你拍板（重试/换思路/取消）
[18:22:51] PUSH [error] 🚨 任务升级到 escalate: t-20260612-093433-1ce224
角色: researcher 等级: L
目标: 长期任务: 联网学习 MT4/MT5 EA + 免费EA解析 + 设计/编译/测试
心跳断: 29842秒前 (3×stale=900s)
进度: {'current': 0, 'message': '[3/6 ✓] 写完 REPORT.md. heartbeat 改 5min, 继续设计 EA 稿', 'total': 0}
→ 子 agent 已冻结，等你拍板（重试/换思路/取消）
[18:23:51] PUSH [error] 🚨 任务升级到 escalate: t-20260612-093433-1ce224
角色: researcher 等级: L
目标: 长期任务: 联网学习 MT4/MT5 EA + 免费EA解析 + 设计/编译/测试
心跳断: 29902秒前 (3×stale=900s)
进度: {'current': 0, 'message': '[3/6 ✓] 写完 REPORT.md. heartbeat 改 5min, 继续设计 EA 稿', 'total': 0}
→ 子 agent 已冻结，等你拍板（重试/换思路/取消）
[18:24:51] PUSH [error] 🚨 任务升级到 escalate: t-20260612-093433-1ce224
角色: researcher 等级: L
目标: 长期任务: 联网学习 MT4/MT5 EA + 免费EA解析 + 设计/编译/测试
心跳断: 29962秒前 (3×stale=900s)
进度: {'current': 0, 'message': '[3/6 ✓] 写完 REPORT.md. heartbeat 改 5min, 继续设计 EA 稿', 'total': 0}
→ 子 agent 已冻结，等你拍板（重试/换思路/取消）
[18:25:51] PUSH [error] 🚨 任务升级到 escalate: t-20260612-093433-1ce224
角色: researcher 等级: L
目标: 长期任务: 联网学习 MT4/MT5 EA + 免费EA解析 + 设计/编译/测试
心跳断: 30022秒前 (3×stale=900s)
进度: {'current': 0, 'message': '[3/6 ✓] 写完 REPORT.md. heartbeat 改 5min, 继续设计 EA 稿', 'total': 0}
→ 子 agent 已冻结，等你拍板（重试/换思路/取消）
[18:26:51] PUSH [error] 🚨 任务升级到 escalate: t-20260612-093433-1ce224
角色: researcher 等级: L
目标: 长期任务: 联网学习 MT4/MT5 EA + 免费EA解析 + 设计/编译/测试
心跳断: 30082秒前 (3×stale=900s)
进度: {'current': 0, 'message': '[3/6 ✓] 写完 REPORT.md. heartbeat 改 5min, 继续设计 EA 稿', 'total': 0}
→ 子 agent 已冻结，等你拍板（重试/换思路/取消）
[18:27:51] PUSH [error] 🚨 任务升级到 escalate: t-20260612-093433-1ce224
角色: researcher 等级: L
目标: 长期任务: 联网学习 MT4/MT5 EA + 免费EA解析 + 设计/编译/测试
心跳断: 30142秒前 (3×stale=900s)
进度: {'current': 0, 'message': '[3/6 ✓] 写完 REPORT.md. heartbeat 改 5min, 继续设计 EA 稿', 'total': 0}
→ 子 agent 已冻结，等你拍板（重试/换思路/取消）
[18:28:51] PUSH [error] 🚨 任务升级到 escalate: t-20260612-093433-1ce224
角色: researcher 等级: L
目标: 长期任务: 联网学习 MT4/MT5 EA + 免费EA解析 + 设计/编译/测试
心跳断: 30202秒前 (3×stale=900s)
进度: {'current': 0, 'message': '[3/6 ✓] 写完 REPORT.md. heartbeat 改 5min, 继续设计 EA 稿', 'total': 0}
→ 子 agent 已冻结，等你拍板（重试/换思路/取消）
[18:29:51] PUSH [error] 🚨 任务升级到 escalate: t-20260612-093433-1ce224
角色: researcher 等级: L
目标: 长期任务: 联网学习 MT4/MT5 EA + 免费EA解析 + 设计/编译/测试
心跳断: 30262秒前 (3×stale=900s)
进度: {'current': 0, 'message': '[3/6 ✓] 写完 REPORT.md. heartbeat 改 5min, 继续设计 EA 稿', 'total': 0}
→ 子 agent 已冻结，等你拍板（重试/换思路/取消）
[18:30:51] PUSH [error] 🚨 任务升级到 escalate: t-20260612-093433-1ce224
角色: researcher 等级: L
目标: 长期任务: 联网学习 MT4/MT5 EA + 免费EA解析 + 设计/编译/测试
心跳断: 30322秒前 (3×stale=900s)
进度: {'current': 0, 'message': '[3/6 ✓] 写完 REPORT.md. heartbeat 改 5min, 继续设计 EA 稿', 'total': 0}
→ 子 agent 已冻结，等你拍板（重试/换思路/取消）
[18:31:51] PUSH [error] 🚨 任务升级到 escalate: t-20260612-093433-1ce224
角色: researcher 等级: L
目标: 长期任务: 联网学习 MT4/MT5 EA + 免费EA解析 + 设计/编译/测试
心跳断: 30382秒前 (3×stale=900s)
进度: {'current': 0, 'message': '[3/6 ✓] 写完 REPORT.md. heartbeat 改 5min, 继续设计 EA 稿', 'total': 0}
→ 子 agent 已冻结，等你拍板（重试/换思路/取消）
[18:32:51] PUSH [error] 🚨 任务升级到 escalate: t-20260612-093433-1ce224
角色: researcher 等级: L
目标: 长期任务: 联网学习 MT4/MT5 EA + 免费EA解析 + 设计/编译/测试
心跳断: 30442秒前 (3×stale=900s)
进度: {'current': 0, 'message': '[3/6 ✓] 写完 REPORT.md. heartbeat 改 5min, 继续设计 EA 稿', 'total': 0}
→ 子 agent 已冻结，等你拍板（重试/换思路/取消）
[18:33:52] PUSH [error] 🚨 任务升级到 escalate: t-20260612-093433-1ce224
角色: researcher 等级: L
目标: 长期任务: 联网学习 MT4/MT5 EA + 免费EA解析 + 设计/编译/测试
心跳断: 30502秒前 (3×stale=900s)
进度: {'current': 0, 'message': '[3/6 ✓] 写完 REPORT.md. heartbeat 改 5min, 继续设计 EA 稿', 'total': 0}
→ 子 agent 已冻结，等你拍板（重试/换思路/取消）
[18:34:52] PUSH [error] 🚨 任务升级到 escalate: t-20260612-093433-1ce224
角色: researcher 等级: L
目标: 长期任务: 联网学习 MT4/MT5 EA + 免费EA解析 + 设计/编译/测试
心跳断: 30563秒前 (3×stale=900s)
进度: {'current': 0, 'message': '[3/6 ✓] 写完 REPORT.md. heartbeat 改 5min, 继续设计 EA 稿', 'total': 0}
→ 子 agent 已冻结，等你拍板（重试/换思路/取消）
[18:35:52] PUSH [error] 🚨 任务升级到 escalate: t-20260612-093433-1ce224
角色: researcher 等级: L
目标: 长期任务: 联网学习 MT4/MT5 EA + 免费EA解析 + 设计/编译/测试
心跳断: 30623秒前 (3×stale=900s)
进度: {'current': 0, 'message': '[3/6 ✓] 写完 REPORT.md. heartbeat 改 5min, 继续设计 EA 稿', 'total': 0}
→ 子 agent 已冻结，等你拍板（重试/换思路/取消）
[18:36:52] PUSH [error] 🚨 任务升级到 escalate: t-20260612-093433-1ce224
角色: researcher 等级: L
目标: 长期任务: 联网学习 MT4/MT5 EA + 免费EA解析 + 设计/编译/测试
心跳断: 30683秒前 (3×stale=900s)
进度: {'current': 0, 'message': '[3/6 ✓] 写完 REPORT.md. heartbeat 改 5min, 继续设计 EA 稿', 'total': 0}
→ 子 agent 已冻结，等你拍板（重试/换思路/取消）
[18:37:52] PUSH [error] 🚨 任务升级到 escalate: t-20260612-093433-1ce224
角色: researcher 等级: L
目标: 长期任务: 联网学习 MT4/MT5 EA + 免费EA解析 + 设计/编译/测试
心跳断: 30743秒前 (3×stale=900s)
进度: {'current': 0, 'message': '[3/6 ✓] 写完 REPORT.md. heartbeat 改 5min, 继续设计 EA 稿', 'total': 0}
→ 子 agent 已冻结，等你拍板（重试/换思路/取消）
[18:38:52] PUSH [error] 🚨 任务升级到 escalate: t-20260612-093433-1ce224
角色: researcher 等级: L
目标: 长期任务: 联网学习 MT4/MT5 EA + 免费EA解析 + 设计/编译/测试
心跳断: 30803秒前 (3×stale=900s)
进度: {'current': 0, 'message': '[3/6 ✓] 写完 REPORT.md. heartbeat 改 5min, 继续设计 EA 稿', 'total': 0}
→ 子 agent 已冻结，等你拍板（重试/换思路/取消）
[18:39:52] PUSH [error] 🚨 任务升级到 escalate: t-20260612-093433-1ce224
角色: researcher 等级: L
目标: 长期任务: 联网学习 MT4/MT5 EA + 免费EA解析 + 设计/编译/测试
心跳断: 30863秒前 (3×stale=900s)
进度: {'current': 0, 'message': '[3/6 ✓] 写完 REPORT.md. heartbeat 改 5min, 继续设计 EA 稿', 'total': 0}
→ 子 agent 已冻结，等你拍板（重试/换思路/取消）
[18:40:52] PUSH [error] 🚨 任务升级到 escalate: t-20260612-093433-1ce224
角色: researcher 等级: L
目标: 长期任务: 联网学习 MT4/MT5 EA + 免费EA解析 + 设计/编译/测试
心跳断: 30923秒前 (3×stale=900s)
进度: {'current': 0, 'message': '[3/6 ✓] 写完 REPORT.md. heartbeat 改 5min, 继续设计 EA 稿', 'total': 0}
→ 子 agent 已冻结，等你拍板（重试/换思路/取消）
[18:41:52] PUSH [error] 🚨 任务升级到 escalate: t-20260612-093433-1ce224
角色: researcher 等级: L
目标: 长期任务: 联网学习 MT4/MT5 EA + 免费EA解析 + 设计/编译/测试
心跳断: 30983秒前 (3×stale=900s)
进度: {'current': 0, 'message': '[3/6 ✓] 写完 REPORT.md. heartbeat 改 5min, 继续设计 EA 稿', 'total': 0}
→ 子 agent 已冻结，等你拍板（重试/换思路/取消）
[18:42:52] PUSH [error] 🚨 任务升级到 escalate: t-20260612-093433-1ce224
角色: researcher 等级: L
目标: 长期任务: 联网学习 MT4/MT5 EA + 免费EA解析 + 设计/编译/测试
心跳断: 31043秒前 (3×stale=900s)
进度: {'current': 0, 'message': '[3/6 ✓] 写完 REPORT.md. heartbeat 改 5min, 继续设计 EA 稿', 'total': 0}
→ 子 agent 已冻结，等你拍板（重试/换思路/取消）
[18:43:52] PUSH [error] 🚨 任务升级到 escalate: t-20260612-093433-1ce224
角色: researcher 等级: L
目标: 长期任务: 联网学习 MT4/MT5 EA + 免费EA解析 + 设计/编译/测试
心跳断: 31103秒前 (3×stale=900s)
进度: {'current': 0, 'message': '[3/6 ✓] 写完 REPORT.md. heartbeat 改 5min, 继续设计 EA 稿', 'total': 0}
→ 子 agent 已冻结，等你拍板（重试/换思路/取消）
[18:44:52] PUSH [error] 🚨 任务升级到 escalate: t-20260612-093433-1ce224
角色: researcher 等级: L
目标: 长期任务: 联网学习 MT4/MT5 EA + 免费EA解析 + 设计/编译/测试
心跳断: 31163秒前 (3×stale=900s)
进度: {'current': 0, 'message': '[3/6 ✓] 写完 REPORT.md. heartbeat 改 5min, 继续设计 EA 稿', 'total': 0}
→ 子 agent 已冻结，等你拍板（重试/换思路/取消）
[18:45:52] PUSH [error] 🚨 任务升级到 escalate: t-20260612-093433-1ce224
角色: researcher 等级: L
目标: 长期任务: 联网学习 MT4/MT5 EA + 免费EA解析 + 设计/编译/测试
心跳断: 31223秒前 (3×stale=900s)
进度: {'current': 0, 'message': '[3/6 ✓] 写完 REPORT.md. heartbeat 改 5min, 继续设计 EA 稿', 'total': 0}
→ 子 agent 已冻结，等你拍板（重试/换思路/取消）
[18:46:52] PUSH [error] 🚨 任务升级到 escalate: t-20260612-093433-1ce224
角色: researcher 等级: L
目标: 长期任务: 联网学习 MT4/MT5 EA + 免费EA解析 + 设计/编译/测试
心跳断: 31283秒前 (3×stale=900s)
进度: {'current': 0, 'message': '[3/6 ✓] 写完 REPORT.md. heartbeat 改 5min, 继续设计 EA 稿', 'total': 0}
→ 子 agent 已冻结，等你拍板（重试/换思路/取消）
[18:47:52] PUSH [error] 🚨 任务升级到 escalate: t-20260612-093433-1ce224
角色: researcher 等级: L
目标: 长期任务: 联网学习 MT4/MT5 EA + 免费EA解析 + 设计/编译/测试
心跳断: 31343秒前 (3×stale=900s)
进度: {'current': 0, 'message': '[3/6 ✓] 写完 REPORT.md. heartbeat 改 5min, 继续设计 EA 稿', 'total': 0}
→ 子 agent 已冻结，等你拍板（重试/换思路/取消）
[18:48:52] PUSH [error] 🚨 任务升级到 escalate: t-20260612-093433-1ce224
角色: researcher 等级: L
目标: 长期任务: 联网学习 MT4/MT5 EA + 免费EA解析 + 设计/编译/测试
心跳断: 31403秒前 (3×stale=900s)
进度: {'current': 0, 'message': '[3/6 ✓] 写完 REPORT.md. heartbeat 改 5min, 继续设计 EA 稿', 'total': 0}
→ 子 agent 已冻结，等你拍板（重试/换思路/取消）
[18:49:52] PUSH [error] 🚨 任务升级到 escalate: t-20260612-093433-1ce224
角色: researcher 等级: L
目标: 长期任务: 联网学习 MT4/MT5 EA + 免费EA解析 + 设计/编译/测试
心跳断: 31463秒前 (3×stale=900s)
进度: {'current': 0, 'message': '[3/6 ✓] 写完 REPORT.md. heartbeat 改 5min, 继续设计 EA 稿', 'total': 0}
→ 子 agent 已冻结，等你拍板（重试/换思路/取消）
[18:50:52] PUSH [error] 🚨 任务升级到 escalate: t-20260612-093433-1ce224
角色: researcher 等级: L
目标: 长期任务: 联网学习 MT4/MT5 EA + 免费EA解析 + 设计/编译/测试
心跳断: 31523秒前 (3×stale=900s)
进度: {'current': 0, 'message': '[3/6 ✓] 写完 REPORT.md. heartbeat 改 5min, 继续设计 EA 稿', 'total': 0}
→ 子 agent 已冻结，等你拍板（重试/换思路/取消）
[18:51:52] PUSH [error] 🚨 任务升级到 escalate: t-20260612-093433-1ce224
角色: researcher 等级: L
目标: 长期任务: 联网学习 MT4/MT5 EA + 免费EA解析 + 设计/编译/测试
心跳断: 31583秒前 (3×stale=900s)
进度: {'current': 0, 'message': '[3/6 ✓] 写完 REPORT.md. heartbeat 改 5min, 继续设计 EA 稿', 'total': 0}
→ 子 agent 已冻结，等你拍板（重试/换思路/取消）
[18:52:52] PUSH [error] 🚨 任务升级到 escalate: t-20260612-093433-1ce224
角色: researcher 等级: L
目标: 长期任务: 联网学习 MT4/MT5 EA + 免费EA解析 + 设计/编译/测试
心跳断: 31643秒前 (3×stale=900s)
进度: {'current': 0, 'message': '[3/6 ✓] 写完 REPORT.md. heartbeat 改 5min, 继续设计 EA 稿', 'total': 0}
→ 子 agent 已冻结，等你拍板（重试/换思路/取消）
[18:53:52] PUSH [error] 🚨 任务升级到 escalate: t-20260612-093433-1ce224
角色: researcher 等级: L
目标: 长期任务: 联网学习 MT4/MT5 EA + 免费EA解析 + 设计/编译/测试
心跳断: 31703秒前 (3×stale=900s)
进度: {'current': 0, 'message': '[3/6 ✓] 写完 REPORT.md. heartbeat 改 5min, 继续设计 EA 稿', 'total': 0}
→ 子 agent 已冻结，等你拍板（重试/换思路/取消）
[18:54:52] PUSH [error] 🚨 任务升级到 escalate: t-20260612-093433-1ce224
角色: researcher 等级: L
目标: 长期任务: 联网学习 MT4/MT5 EA + 免费EA解析 + 设计/编译/测试
心跳断: 31763秒前 (3×stale=900s)
进度: {'current': 0, 'message': '[3/6 ✓] 写完 REPORT.md. heartbeat 改 5min, 继续设计 EA 稿', 'total': 0}
→ 子 agent 已冻结，等你拍板（重试/换思路/取消）
[18:55:52] PUSH [error] 🚨 任务升级到 escalate: t-20260612-093433-1ce224
角色: researcher 等级: L
目标: 长期任务: 联网学习 MT4/MT5 EA + 免费EA解析 + 设计/编译/测试
心跳断: 31823秒前 (3×stale=900s)
进度: {'current': 0, 'message': '[3/6 ✓] 写完 REPORT.md. heartbeat 改 5min, 继续设计 EA 稿', 'total': 0}
→ 子 agent 已冻结，等你拍板（重试/换思路/取消）
[18:56:52] PUSH [error] 🚨 任务升级到 escalate: t-20260612-093433-1ce224
角色: researcher 等级: L
目标: 长期任务: 联网学习 MT4/MT5 EA + 免费EA解析 + 设计/编译/测试
心跳断: 31883秒前 (3×stale=900s)
进度: {'current': 0, 'message': '[3/6 ✓] 写完 REPORT.md. heartbeat 改 5min, 继续设计 EA 稿', 'total': 0}
→ 子 agent 已冻结，等你拍板（重试/换思路/取消）
[18:57:52] PUSH [error] 🚨 任务升级到 escalate: t-20260612-093433-1ce224
角色: researcher 等级: L
目标: 长期任务: 联网学习 MT4/MT5 EA + 免费EA解析 + 设计/编译/测试
心跳断: 31943秒前 (3×stale=900s)
进度: {'current': 0, 'message': '[3/6 ✓] 写完 REPORT.md. heartbeat 改 5min, 继续设计 EA 稿', 'total': 0}
→ 子 agent 已冻结，等你拍板（重试/换思路/取消）
[18:58:52] PUSH [error] 🚨 任务升级到 escalate: t-20260612-093433-1ce224
角色: researcher 等级: L
目标: 长期任务: 联网学习 MT4/MT5 EA + 免费EA解析 + 设计/编译/测试
心跳断: 32003秒前 (3×stale=900s)
进度: {'current': 0, 'message': '[3/6 ✓] 写完 REPORT.md. heartbeat 改 5min, 继续设计 EA 稿', 'total': 0}
→ 子 agent 已冻结，等你拍板（重试/换思路/取消）
[18:59:52] PUSH [error] 🚨 任务升级到 escalate: t-20260612-093433-1ce224
角色: researcher 等级: L
目标: 长期任务: 联网学习 MT4/MT5 EA + 免费EA解析 + 设计/编译/测试
心跳断: 32063秒前 (3×stale=900s)
进度: {'current': 0, 'message': '[3/6 ✓] 写完 REPORT.md. heartbeat 改 5min, 继续设计 EA 稿', 'total': 0}
→ 子 agent 已冻结，等你拍板（重试/换思路/取消）
[19:00:52] PUSH [error] 🚨 任务升级到 escalate: t-20260612-093433-1ce224
角色: researcher 等级: L
目标: 长期任务: 联网学习 MT4/MT5 EA + 免费EA解析 + 设计/编译/测试
心跳断: 32123秒前 (3×stale=900s)
进度: {'current': 0, 'message': '[3/6 ✓] 写完 REPORT.md. heartbeat 改 5min, 继续设计 EA 稿', 'total': 0}
→ 子 agent 已冻结，等你拍板（重试/换思路/取消）
[19:01:52] PUSH [error] 🚨 任务升级到 escalate: t-20260612-093433-1ce224
角色: researcher 等级: L
目标: 长期任务: 联网学习 MT4/MT5 EA + 免费EA解析 + 设计/编译/测试
心跳断: 32183秒前 (3×stale=900s)
进度: {'current': 0, 'message': '[3/6 ✓] 写完 REPORT.md. heartbeat 改 5min, 继续设计 EA 稿', 'total': 0}
→ 子 agent 已冻结，等你拍板（重试/换思路/取消）
[19:02:52] PUSH [error] 🚨 任务升级到 escalate: t-20260612-093433-1ce224
角色: researcher 等级: L
目标: 长期任务: 联网学习 MT4/MT5 EA + 免费EA解析 + 设计/编译/测试
心跳断: 32243秒前 (3×stale=900s)
进度: {'current': 0, 'message': '[3/6 ✓] 写完 REPORT.md. heartbeat 改 5min, 继续设计 EA 稿', 'total': 0}
→ 子 agent 已冻结，等你拍板（重试/换思路/取消）
[19:03:52] PUSH [error] 🚨 任务升级到 escalate: t-20260612-093433-1ce224
角色: researcher 等级: L
目标: 长期任务: 联网学习 MT4/MT5 EA + 免费EA解析 + 设计/编译/测试
心跳断: 32303秒前 (3×stale=900s)
进度: {'current': 0, 'message': '[3/6 ✓] 写完 REPORT.md. heartbeat 改 5min, 继续设计 EA 稿', 'total': 0}
→ 子 agent 已冻结，等你拍板（重试/换思路/取消）
[19:04:52] PUSH [error] 🚨 任务升级到 escalate: t-20260612-093433-1ce224
角色: researcher 等级: L
目标: 长期任务: 联网学习 MT4/MT5 EA + 免费EA解析 + 设计/编译/测试
心跳断: 32363秒前 (3×stale=900s)
进度: {'current': 0, 'message': '[3/6 ✓] 写完 REPORT.md. heartbeat 改 5min, 继续设计 EA 稿', 'total': 0}
→ 子 agent 已冻结，等你拍板（重试/换思路/取消）
[19:05:52] PUSH [error] 🚨 任务升级到 escalate: t-20260612-093433-1ce224
角色: researcher 等级: L
目标: 长期任务: 联网学习 MT4/MT5 EA + 免费EA解析 + 设计/编译/测试
心跳断: 32423秒前 (3×stale=900s)
进度: {'current': 0, 'message': '[3/6 ✓] 写完 REPORT.md. heartbeat 改 5min, 继续设计 EA 稿', 'total': 0}
→ 子 agent 已冻结，等你拍板（重试/换思路/取消）
[19:06:52] PUSH [error] 🚨 任务升级到 escalate: t-20260612-093433-1ce224
角色: researcher 等级: L
目标: 长期任务: 联网学习 MT4/MT5 EA + 免费EA解析 + 设计/编译/测试
心跳断: 32483秒前 (3×stale=900s)
进度: {'current': 0, 'message': '[3/6 ✓] 写完 REPORT.md. heartbeat 改 5min, 继续设计 EA 稿', 'total': 0}
→ 子 agent 已冻结，等你拍板（重试/换思路/取消）
[19:07:52] PUSH [error] 🚨 任务升级到 escalate: t-20260612-093433-1ce224
角色: researcher 等级: L
目标: 长期任务: 联网学习 MT4/MT5 EA + 免费EA解析 + 设计/编译/测试
心跳断: 32543秒前 (3×stale=900s)
进度: {'current': 0, 'message': '[3/6 ✓] 写完 REPORT.md. heartbeat 改 5min, 继续设计 EA 稿', 'total': 0}
→ 子 agent 已冻结，等你拍板（重试/换思路/取消）
[19:08:52] PUSH [error] 🚨 任务升级到 escalate: t-20260612-093433-1ce224
角色: researcher 等级: L
目标: 长期任务: 联网学习 MT4/MT5 EA + 免费EA解析 + 设计/编译/测试
心跳断: 32603秒前 (3×stale=900s)
进度: {'current': 0, 'message': '[3/6 ✓] 写完 REPORT.md. heartbeat 改 5min, 继续设计 EA 稿', 'total': 0}
→ 子 agent 已冻结，等你拍板（重试/换思路/取消）
[19:09:52] PUSH [error] 🚨 任务升级到 escalate: t-20260612-093433-1ce224
角色: researcher 等级: L
目标: 长期任务: 联网学习 MT4/MT5 EA + 免费EA解析 + 设计/编译/测试
心跳断: 32663秒前 (3×stale=900s)
进度: {'current': 0, 'message': '[3/6 ✓] 写完 REPORT.md. heartbeat 改 5min, 继续设计 EA 稿', 'total': 0}
→ 子 agent 已冻结，等你拍板（重试/换思路/取消）
[19:10:52] PUSH [error] 🚨 任务升级到 escalate: t-20260612-093433-1ce224
角色: researcher 等级: L
目标: 长期任务: 联网学习 MT4/MT5 EA + 免费EA解析 + 设计/编译/测试
心跳断: 32723秒前 (3×stale=900s)
进度: {'current': 0, 'message': '[3/6 ✓] 写完 REPORT.md. heartbeat 改 5min, 继续设计 EA 稿', 'total': 0}
→ 子 agent 已冻结，等你拍板（重试/换思路/取消）
[19:11:53] PUSH [error] 🚨 任务升级到 escalate: t-20260612-093433-1ce224
角色: researcher 等级: L
目标: 长期任务: 联网学习 MT4/MT5 EA + 免费EA解析 + 设计/编译/测试
心跳断: 32783秒前 (3×stale=900s)
进度: {'current': 0, 'message': '[3/6 ✓] 写完 REPORT.md. heartbeat 改 5min, 继续设计 EA 稿', 'total': 0}
→ 子 agent 已冻结，等你拍板（重试/换思路/取消）
[19:12:53] PUSH [error] 🚨 任务升级到 escalate: t-20260612-093433-1ce224
角色: researcher 等级: L
目标: 长期任务: 联网学习 MT4/MT5 EA + 免费EA解析 + 设计/编译/测试
心跳断: 32844秒前 (3×stale=900s)
进度: {'current': 0, 'message': '[3/6 ✓] 写完 REPORT.md. heartbeat 改 5min, 继续设计 EA 稿', 'total': 0}
→ 子 agent 已冻结，等你拍板（重试/换思路/取消）
[19:13:53] PUSH [error] 🚨 任务升级到 escalate: t-20260612-093433-1ce224
角色: researcher 等级: L
目标: 长期任务: 联网学习 MT4/MT5 EA + 免费EA解析 + 设计/编译/测试
心跳断: 32904秒前 (3×stale=900s)
进度: {'current': 0, 'message': '[3/6 ✓] 写完 REPORT.md. heartbeat 改 5min, 继续设计 EA 稿', 'total': 0}
→ 子 agent 已冻结，等你拍板（重试/换思路/取消）
[19:14:53] PUSH [error] 🚨 任务升级到 escalate: t-20260612-093433-1ce224
角色: researcher 等级: L
目标: 长期任务: 联网学习 MT4/MT5 EA + 免费EA解析 + 设计/编译/测试
心跳断: 32964秒前 (3×stale=900s)
进度: {'current': 0, 'message': '[3/6 ✓] 写完 REPORT.md. heartbeat 改 5min, 继续设计 EA 稿', 'total': 0}
→ 子 agent 已冻结，等你拍板（重试/换思路/取消）
[19:15:53] PUSH [error] 🚨 任务升级到 escalate: t-20260612-093433-1ce224
角色: researcher 等级: L
目标: 长期任务: 联网学习 MT4/MT5 EA + 免费EA解析 + 设计/编译/测试
心跳断: 33024秒前 (3×stale=900s)
进度: {'current': 0, 'message': '[3/6 ✓] 写完 REPORT.md. heartbeat 改 5min, 继续设计 EA 稿', 'total': 0}
→ 子 agent 已冻结，等你拍板（重试/换思路/取消）
[19:16:53] PUSH [error] 🚨 任务升级到 escalate: t-20260612-093433-1ce224
角色: researcher 等级: L
目标: 长期任务: 联网学习 MT4/MT5 EA + 免费EA解析 + 设计/编译/测试
心跳断: 33084秒前 (3×stale=900s)
进度: {'current': 0, 'message': '[3/6 ✓] 写完 REPORT.md. heartbeat 改 5min, 继续设计 EA 稿', 'total': 0}
→ 子 agent 已冻结，等你拍板（重试/换思路/取消）
[19:17:53] PUSH [error] 🚨 任务升级到 escalate: t-20260612-093433-1ce224
角色: researcher 等级: L
目标: 长期任务: 联网学习 MT4/MT5 EA + 免费EA解析 + 设计/编译/测试
心跳断: 33144秒前 (3×stale=900s)
进度: {'current': 0, 'message': '[3/6 ✓] 写完 REPORT.md. heartbeat 改 5min, 继续设计 EA 稿', 'total': 0}
→ 子 agent 已冻结，等你拍板（重试/换思路/取消）
[19:18:53] PUSH [error] 🚨 任务升级到 escalate: t-20260612-093433-1ce224
角色: researcher 等级: L
目标: 长期任务: 联网学习 MT4/MT5 EA + 免费EA解析 + 设计/编译/测试
心跳断: 33204秒前 (3×stale=900s)
进度: {'current': 0, 'message': '[3/6 ✓] 写完 REPORT.md. heartbeat 改 5min, 继续设计 EA 稿', 'total': 0}
→ 子 agent 已冻结，等你拍板（重试/换思路/取消）
[19:19:53] PUSH [error] 🚨 任务升级到 escalate: t-20260612-093433-1ce224
角色: researcher 等级: L
目标: 长期任务: 联网学习 MT4/MT5 EA + 免费EA解析 + 设计/编译/测试
心跳断: 33264秒前 (3×stale=900s)
进度: {'current': 0, 'message': '[3/6 ✓] 写完 REPORT.md. heartbeat 改 5min, 继续设计 EA 稿', 'total': 0}
→ 子 agent 已冻结，等你拍板（重试/换思路/取消）
[19:20:53] PUSH [error] 🚨 任务升级到 escalate: t-20260612-093433-1ce224
角色: researcher 等级: L
目标: 长期任务: 联网学习 MT4/MT5 EA + 免费EA解析 + 设计/编译/测试
心跳断: 33324秒前 (3×stale=900s)
进度: {'current': 0, 'message': '[3/6 ✓] 写完 REPORT.md. heartbeat 改 5min, 继续设计 EA 稿', 'total': 0}
→ 子 agent 已冻结，等你拍板（重试/换思路/取消）
[19:21:53] PUSH [error] 🚨 任务升级到 escalate: t-20260612-093433-1ce224
角色: researcher 等级: L
目标: 长期任务: 联网学习 MT4/MT5 EA + 免费EA解析 + 设计/编译/测试
心跳断: 33384秒前 (3×stale=900s)
进度: {'current': 0, 'message': '[3/6 ✓] 写完 REPORT.md. heartbeat 改 5min, 继续设计 EA 稿', 'total': 0}
→ 子 agent 已冻结，等你拍板（重试/换思路/取消）
[19:22:53] PUSH [error] 🚨 任务升级到 escalate: t-20260612-093433-1ce224
角色: researcher 等级: L
目标: 长期任务: 联网学习 MT4/MT5 EA + 免费EA解析 + 设计/编译/测试
心跳断: 33444秒前 (3×stale=900s)
进度: {'current': 0, 'message': '[3/6 ✓] 写完 REPORT.md. heartbeat 改 5min, 继续设计 EA 稿', 'total': 0}
→ 子 agent 已冻结，等你拍板（重试/换思路/取消）
[19:23:53] PUSH [error] 🚨 任务升级到 escalate: t-20260612-093433-1ce224
角色: researcher 等级: L
目标: 长期任务: 联网学习 MT4/MT5 EA + 免费EA解析 + 设计/编译/测试
心跳断: 33504秒前 (3×stale=900s)
进度: {'current': 0, 'message': '[3/6 ✓] 写完 REPORT.md. heartbeat 改 5min, 继续设计 EA 稿', 'total': 0}
→ 子 agent 已冻结，等你拍板（重试/换思路/取消）
[19:24:53] PUSH [error] 🚨 任务升级到 escalate: t-20260612-093433-1ce224
角色: researcher 等级: L
目标: 长期任务: 联网学习 MT4/MT5 EA + 免费EA解析 + 设计/编译/测试
心跳断: 33564秒前 (3×stale=900s)
进度: {'current': 0, 'message': '[3/6 ✓] 写完 REPORT.md. heartbeat 改 5min, 继续设计 EA 稿', 'total': 0}
→ 子 agent 已冻结，等你拍板（重试/换思路/取消）
[19:25:53] PUSH [error] 🚨 任务升级到 escalate: t-20260612-093433-1ce224
角色: researcher 等级: L
目标: 长期任务: 联网学习 MT4/MT5 EA + 免费EA解析 + 设计/编译/测试
心跳断: 33624秒前 (3×stale=900s)
进度: {'current': 0, 'message': '[3/6 ✓] 写完 REPORT.md. heartbeat 改 5min, 继续设计 EA 稿', 'total': 0}
→ 子 agent 已冻结，等你拍板（重试/换思路/取消）
[19:26:53] PUSH [error] 🚨 任务升级到 escalate: t-20260612-093433-1ce224
角色: researcher 等级: L
目标: 长期任务: 联网学习 MT4/MT5 EA + 免费EA解析 + 设计/编译/测试
心跳断: 33684秒前 (3×stale=900s)
进度: {'current': 0, 'message': '[3/6 ✓] 写完 REPORT.md. heartbeat 改 5min, 继续设计 EA 稿', 'total': 0}
→ 子 agent 已冻结，等你拍板（重试/换思路/取消）
[19:27:53] PUSH [error] 🚨 任务升级到 escalate: t-20260612-093433-1ce224
角色: researcher 等级: L
目标: 长期任务: 联网学习 MT4/MT5 EA + 免费EA解析 + 设计/编译/测试
心跳断: 33744秒前 (3×stale=900s)
进度: {'current': 0, 'message': '[3/6 ✓] 写完 REPORT.md. heartbeat 改 5min, 继续设计 EA 稿', 'total': 0}
→ 子 agent 已冻结，等你拍板（重试/换思路/取消）
[19:28:53] PUSH [error] 🚨 任务升级到 escalate: t-20260612-093433-1ce224
角色: researcher 等级: L
目标: 长期任务: 联网学习 MT4/MT5 EA + 免费EA解析 + 设计/编译/测试
心跳断: 33804秒前 (3×stale=900s)
进度: {'current': 0, 'message': '[3/6 ✓] 写完 REPORT.md. heartbeat 改 5min, 继续设计 EA 稿', 'total': 0}
→ 子 agent 已冻结，等你拍板（重试/换思路/取消）
[19:29:53] PUSH [error] 🚨 任务升级到 escalate: t-20260612-093433-1ce224
角色: researcher 等级: L
目标: 长期任务: 联网学习 MT4/MT5 EA + 免费EA解析 + 设计/编译/测试
心跳断: 33864秒前 (3×stale=900s)
进度: {'current': 0, 'message': '[3/6 ✓] 写完 REPORT.md. heartbeat 改 5min, 继续设计 EA 稿', 'total': 0}
→ 子 agent 已冻结，等你拍板（重试/换思路/取消）
[19:30:53] PUSH [error] 🚨 任务升级到 escalate: t-20260612-093433-1ce224
角色: researcher 等级: L
目标: 长期任务: 联网学习 MT4/MT5 EA + 免费EA解析 + 设计/编译/测试
心跳断: 33924秒前 (3×stale=900s)
进度: {'current': 0, 'message': '[3/6 ✓] 写完 REPORT.md. heartbeat 改 5min, 继续设计 EA 稿', 'total': 0}
→ 子 agent 已冻结，等你拍板（重试/换思路/取消）
[19:31:53] PUSH [error] 🚨 任务升级到 escalate: t-20260612-093433-1ce224
角色: researcher 等级: L
目标: 长期任务: 联网学习 MT4/MT5 EA + 免费EA解析 + 设计/编译/测试
心跳断: 33984秒前 (3×stale=900s)
进度: {'current': 0, 'message': '[3/6 ✓] 写完 REPORT.md. heartbeat 改 5min, 继续设计 EA 稿', 'total': 0}
→ 子 agent 已冻结，等你拍板（重试/换思路/取消）
[19:32:53] PUSH [error] 🚨 任务升级到 escalate: t-20260612-093433-1ce224
角色: researcher 等级: L
目标: 长期任务: 联网学习 MT4/MT5 EA + 免费EA解析 + 设计/编译/测试
心跳断: 34044秒前 (3×stale=900s)
进度: {'current': 0, 'message': '[3/6 ✓] 写完 REPORT.md. heartbeat 改 5min, 继续设计 EA 稿', 'total': 0}
→ 子 agent 已冻结，等你拍板（重试/换思路/取消）
[19:33:53] PUSH [error] 🚨 任务升级到 escalate: t-20260612-093433-1ce224
角色: researcher 等级: L
目标: 长期任务: 联网学习 MT4/MT5 EA + 免费EA解析 + 设计/编译/测试
心跳断: 34104秒前 (3×stale=900s)
进度: {'current': 0, 'message': '[3/6 ✓] 写完 REPORT.md. heartbeat 改 5min, 继续设计 EA 稿', 'total': 0}
→ 子 agent 已冻结，等你拍板（重试/换思路/取消）
[19:34:53] PUSH [error] 🚨 任务升级到 escalate: t-20260612-093433-1ce224
角色: researcher 等级: L
目标: 长期任务: 联网学习 MT4/MT5 EA + 免费EA解析 + 设计/编译/测试
心跳断: 34164秒前 (3×stale=900s)
进度: {'current': 0, 'message': '[3/6 ✓] 写完 REPORT.md. heartbeat 改 5min, 继续设计 EA 稿', 'total': 0}
→ 子 agent 已冻结，等你拍板（重试/换思路/取消）
[19:35:53] PUSH [error] 🚨 任务升级到 escalate: t-20260612-093433-1ce224
角色: researcher 等级: L
目标: 长期任务: 联网学习 MT4/MT5 EA + 免费EA解析 + 设计/编译/测试
心跳断: 34224秒前 (3×stale=900s)
进度: {'current': 0, 'message': '[3/6 ✓] 写完 REPORT.md. heartbeat 改 5min, 继续设计 EA 稿', 'total': 0}
→ 子 agent 已冻结，等你拍板（重试/换思路/取消）
[19:36:53] PUSH [error] 🚨 任务升级到 escalate: t-20260612-093433-1ce224
角色: researcher 等级: L
目标: 长期任务: 联网学习 MT4/MT5 EA + 免费EA解析 + 设计/编译/测试
心跳断: 34284秒前 (3×stale=900s)
进度: {'current': 0, 'message': '[3/6 ✓] 写完 REPORT.md. heartbeat 改 5min, 继续设计 EA 稿', 'total': 0}
→ 子 agent 已冻结，等你拍板（重试/换思路/取消）
[19:37:53] PUSH [error] 🚨 任务升级到 escalate: t-20260612-093433-1ce224
角色: researcher 等级: L
目标: 长期任务: 联网学习 MT4/MT5 EA + 免费EA解析 + 设计/编译/测试
心跳断: 34344秒前 (3×stale=900s)
进度: {'current': 0, 'message': '[3/6 ✓] 写完 REPORT.md. heartbeat 改 5min, 继续设计 EA 稿', 'total': 0}
→ 子 agent 已冻结，等你拍板（重试/换思路/取消）
[19:38:53] PUSH [error] 🚨 任务升级到 escalate: t-20260612-093433-1ce224
角色: researcher 等级: L
目标: 长期任务: 联网学习 MT4/MT5 EA + 免费EA解析 + 设计/编译/测试
心跳断: 34404秒前 (3×stale=900s)
进度: {'current': 0, 'message': '[3/6 ✓] 写完 REPORT.md. heartbeat 改 5min, 继续设计 EA 稿', 'total': 0}
→ 子 agent 已冻结，等你拍板（重试/换思路/取消）
[19:39:53] PUSH [error] 🚨 任务升级到 escalate: t-20260612-093433-1ce224
角色: researcher 等级: L
目标: 长期任务: 联网学习 MT4/MT5 EA + 免费EA解析 + 设计/编译/测试
心跳断: 34464秒前 (3×stale=900s)
进度: {'current': 0, 'message': '[3/6 ✓] 写完 REPORT.md. heartbeat 改 5min, 继续设计 EA 稿', 'total': 0}
→ 子 agent 已冻结，等你拍板（重试/换思路/取消）
[19:40:53] PUSH [error] 🚨 任务升级到 escalate: t-20260612-093433-1ce224
角色: researcher 等级: L
目标: 长期任务: 联网学习 MT4/MT5 EA + 免费EA解析 + 设计/编译/测试
心跳断: 34524秒前 (3×stale=900s)
进度: {'current': 0, 'message': '[3/6 ✓] 写完 REPORT.md. heartbeat 改 5min, 继续设计 EA 稿', 'total': 0}
→ 子 agent 已冻结，等你拍板（重试/换思路/取消）
[19:41:53] PUSH [error] 🚨 任务升级到 escalate: t-20260612-093433-1ce224
角色: researcher 等级: L
目标: 长期任务: 联网学习 MT4/MT5 EA + 免费EA解析 + 设计/编译/测试
心跳断: 34584秒前 (3×stale=900s)
进度: {'current': 0, 'message': '[3/6 ✓] 写完 REPORT.md. heartbeat 改 5min, 继续设计 EA 稿', 'total': 0}
→ 子 agent 已冻结，等你拍板（重试/换思路/取消）
[19:42:53] PUSH [error] 🚨 任务升级到 escalate: t-20260612-093433-1ce224
角色: researcher 等级: L
目标: 长期任务: 联网学习 MT4/MT5 EA + 免费EA解析 + 设计/编译/测试
心跳断: 34644秒前 (3×stale=900s)
进度: {'current': 0, 'message': '[3/6 ✓] 写完 REPORT.md. heartbeat 改 5min, 继续设计 EA 稿', 'total': 0}
→ 子 agent 已冻结，等你拍板（重试/换思路/取消）
[19:43:53] PUSH [error] 🚨 任务升级到 escalate: t-20260612-093433-1ce224
角色: researcher 等级: L
目标: 长期任务: 联网学习 MT4/MT5 EA + 免费EA解析 + 设计/编译/测试
心跳断: 34704秒前 (3×stale=900s)
进度: {'current': 0, 'message': '[3/6 ✓] 写完 REPORT.md. heartbeat 改 5min, 继续设计 EA 稿', 'total': 0}
→ 子 agent 已冻结，等你拍板（重试/换思路/取消）
[19:44:53] PUSH [error] 🚨 任务升级到 escalate: t-20260612-093433-1ce224
角色: researcher 等级: L
目标: 长期任务: 联网学习 MT4/MT5 EA + 免费EA解析 + 设计/编译/测试
心跳断: 34764秒前 (3×stale=900s)
进度: {'current': 0, 'message': '[3/6 ✓] 写完 REPORT.md. heartbeat 改 5min, 继续设计 EA 稿', 'total': 0}
→ 子 agent 已冻结，等你拍板（重试/换思路/取消）
[19:45:53] PUSH [error] 🚨 任务升级到 escalate: t-20260612-093433-1ce224
角色: researcher 等级: L
目标: 长期任务: 联网学习 MT4/MT5 EA + 免费EA解析 + 设计/编译/测试
心跳断: 34824秒前 (3×stale=900s)
进度: {'current': 0, 'message': '[3/6 ✓] 写完 REPORT.md. heartbeat 改 5min, 继续设计 EA 稿', 'total': 0}
→ 子 agent 已冻结，等你拍板（重试/换思路/取消）
[19:46:53] PUSH [error] 🚨 任务升级到 escalate: t-20260612-093433-1ce224
角色: researcher 等级: L
目标: 长期任务: 联网学习 MT4/MT5 EA + 免费EA解析 + 设计/编译/测试
心跳断: 34884秒前 (3×stale=900s)
进度: {'current': 0, 'message': '[3/6 ✓] 写完 REPORT.md. heartbeat 改 5min, 继续设计 EA 稿', 'total': 0}
→ 子 agent 已冻结，等你拍板（重试/换思路/取消）
[19:47:53] PUSH [error] 🚨 任务升级到 escalate: t-20260612-093433-1ce224
角色: researcher 等级: L
目标: 长期任务: 联网学习 MT4/MT5 EA + 免费EA解析 + 设计/编译/测试
心跳断: 34944秒前 (3×stale=900s)
进度: {'current': 0, 'message': '[3/6 ✓] 写完 REPORT.md. heartbeat 改 5min, 继续设计 EA 稿', 'total': 0}
→ 子 agent 已冻结，等你拍板（重试/换思路/取消）
[19:48:53] PUSH [error] 🚨 任务升级到 escalate: t-20260612-093433-1ce224
角色: researcher 等级: L
目标: 长期任务: 联网学习 MT4/MT5 EA + 免费EA解析 + 设计/编译/测试
心跳断: 35004秒前 (3×stale=900s)
进度: {'current': 0, 'message': '[3/6 ✓] 写完 REPORT.md. heartbeat 改 5min, 继续设计 EA 稿', 'total': 0}
→ 子 agent 已冻结，等你拍板（重试/换思路/取消）
[19:49:54] PUSH [error] 🚨 任务升级到 escalate: t-20260612-093433-1ce224
角色: researcher 等级: L
目标: 长期任务: 联网学习 MT4/MT5 EA + 免费EA解析 + 设计/编译/测试
心跳断: 35064秒前 (3×stale=900s)
进度: {'current': 0, 'message': '[3/6 ✓] 写完 REPORT.md. heartbeat 改 5min, 继续设计 EA 稿', 'total': 0}
→ 子 agent 已冻结，等你拍板（重试/换思路/取消）
[19:50:54] PUSH [error] 🚨 任务升级到 escalate: t-20260612-093433-1ce224
角色: researcher 等级: L
目标: 长期任务: 联网学习 MT4/MT5 EA + 免费EA解析 + 设计/编译/测试
心跳断: 35125秒前 (3×stale=900s)
进度: {'current': 0, 'message': '[3/6 ✓] 写完 REPORT.md. heartbeat 改 5min, 继续设计 EA 稿', 'total': 0}
→ 子 agent 已冻结，等你拍板（重试/换思路/取消）
[19:51:54] PUSH [error] 🚨 任务升级到 escalate: t-20260612-093433-1ce224
角色: researcher 等级: L
目标: 长期任务: 联网学习 MT4/MT5 EA + 免费EA解析 + 设计/编译/测试
心跳断: 35185秒前 (3×stale=900s)
进度: {'current': 0, 'message': '[3/6 ✓] 写完 REPORT.md. heartbeat 改 5min, 继续设计 EA 稿', 'total': 0}
→ 子 agent 已冻结，等你拍板（重试/换思路/取消）
[19:52:54] PUSH [error] 🚨 任务升级到 escalate: t-20260612-093433-1ce224
角色: researcher 等级: L
目标: 长期任务: 联网学习 MT4/MT5 EA + 免费EA解析 + 设计/编译/测试
心跳断: 35245秒前 (3×stale=900s)
进度: {'current': 0, 'message': '[3/6 ✓] 写完 REPORT.md. heartbeat 改 5min, 继续设计 EA 稿', 'total': 0}
→ 子 agent 已冻结，等你拍板（重试/换思路/取消）
[19:53:54] PUSH [error] 🚨 任务升级到 escalate: t-20260612-093433-1ce224
角色: researcher 等级: L
目标: 长期任务: 联网学习 MT4/MT5 EA + 免费EA解析 + 设计/编译/测试
心跳断: 35305秒前 (3×stale=900s)
进度: {'current': 0, 'message': '[3/6 ✓] 写完 REPORT.md. heartbeat 改 5min, 继续设计 EA 稿', 'total': 0}
→ 子 agent 已冻结，等你拍板（重试/换思路/取消）
[19:54:54] PUSH [error] 🚨 任务升级到 escalate: t-20260612-093433-1ce224
角色: researcher 等级: L
目标: 长期任务: 联网学习 MT4/MT5 EA + 免费EA解析 + 设计/编译/测试
心跳断: 35365秒前 (3×stale=900s)
进度: {'current': 0, 'message': '[3/6 ✓] 写完 REPORT.md. heartbeat 改 5min, 继续设计 EA 稿', 'total': 0}
→ 子 agent 已冻结，等你拍板（重试/换思路/取消）
[19:55:54] PUSH [error] 🚨 任务升级到 escalate: t-20260612-093433-1ce224
角色: researcher 等级: L
目标: 长期任务: 联网学习 MT4/MT5 EA + 免费EA解析 + 设计/编译/测试
心跳断: 35425秒前 (3×stale=900s)
进度: {'current': 0, 'message': '[3/6 ✓] 写完 REPORT.md. heartbeat 改 5min, 继续设计 EA 稿', 'total': 0}
→ 子 agent 已冻结，等你拍板（重试/换思路/取消）
[19:56:54] PUSH [error] 🚨 任务升级到 escalate: t-20260612-093433-1ce224
角色: researcher 等级: L
目标: 长期任务: 联网学习 MT4/MT5 EA + 免费EA解析 + 设计/编译/测试
心跳断: 35485秒前 (3×stale=900s)
进度: {'current': 0, 'message': '[3/6 ✓] 写完 REPORT.md. heartbeat 改 5min, 继续设计 EA 稿', 'total': 0}
→ 子 agent 已冻结，等你拍板（重试/换思路/取消）
[19:57:54] PUSH [error] 🚨 任务升级到 escalate: t-20260612-093433-1ce224
角色: researcher 等级: L
目标: 长期任务: 联网学习 MT4/MT5 EA + 免费EA解析 + 设计/编译/测试
心跳断: 35545秒前 (3×stale=900s)
进度: {'current': 0, 'message': '[3/6 ✓] 写完 REPORT.md. heartbeat 改 5min, 继续设计 EA 稿', 'total': 0}
→ 子 agent 已冻结，等你拍板（重试/换思路/取消）
[19:58:54] PUSH [error] 🚨 任务升级到 escalate: t-20260612-093433-1ce224
角色: researcher 等级: L
目标: 长期任务: 联网学习 MT4/MT5 EA + 免费EA解析 + 设计/编译/测试
心跳断: 35605秒前 (3×stale=900s)
进度: {'current': 0, 'message': '[3/6 ✓] 写完 REPORT.md. heartbeat 改 5min, 继续设计 EA 稿', 'total': 0}
→ 子 agent 已冻结，等你拍板（重试/换思路/取消）
[19:59:54] PUSH [error] 🚨 任务升级到 escalate: t-20260612-093433-1ce224
角色: researcher 等级: L
目标: 长期任务: 联网学习 MT4/MT5 EA + 免费EA解析 + 设计/编译/测试
心跳断: 35665秒前 (3×stale=900s)
进度: {'current': 0, 'message': '[3/6 ✓] 写完 REPORT.md. heartbeat 改 5min, 继续设计 EA 稿', 'total': 0}
→ 子 agent 已冻结，等你拍板（重试/换思路/取消）
[20:00:54] PUSH [error] 🚨 任务升级到 escalate: t-20260612-093433-1ce224
角色: researcher 等级: L
目标: 长期任务: 联网学习 MT4/MT5 EA + 免费EA解析 + 设计/编译/测试
心跳断: 35725秒前 (3×stale=900s)
进度: {'current': 0, 'message': '[3/6 ✓] 写完 REPORT.md. heartbeat 改 5min, 继续设计 EA 稿', 'total': 0}
→ 子 agent 已冻结，等你拍板（重试/换思路/取消）
[20:01:54] PUSH [error] 🚨 任务升级到 escalate: t-20260612-093433-1ce224
角色: researcher 等级: L
目标: 长期任务: 联网学习 MT4/MT5 EA + 免费EA解析 + 设计/编译/测试
心跳断: 35785秒前 (3×stale=900s)
进度: {'current': 0, 'message': '[3/6 ✓] 写完 REPORT.md. heartbeat 改 5min, 继续设计 EA 稿', 'total': 0}
→ 子 agent 已冻结，等你拍板（重试/换思路/取消）
[20:02:54] PUSH [error] 🚨 任务升级到 escalate: t-20260612-093433-1ce224
角色: researcher 等级: L
目标: 长期任务: 联网学习 MT4/MT5 EA + 免费EA解析 + 设计/编译/测试
心跳断: 35845秒前 (3×stale=900s)
进度: {'current': 0, 'message': '[3/6 ✓] 写完 REPORT.md. heartbeat 改 5min, 继续设计 EA 稿', 'total': 0}
→ 子 agent 已冻结，等你拍板（重试/换思路/取消）
[20:03:54] PUSH [error] 🚨 任务升级到 escalate: t-20260612-093433-1ce224
角色: researcher 等级: L
目标: 长期任务: 联网学习 MT4/MT5 EA + 免费EA解析 + 设计/编译/测试
心跳断: 35905秒前 (3×stale=900s)
进度: {'current': 0, 'message': '[3/6 ✓] 写完 REPORT.md. heartbeat 改 5min, 继续设计 EA 稿', 'total': 0}
→ 子 agent 已冻结，等你拍板（重试/换思路/取消）
[20:04:54] PUSH [error] 🚨 任务升级到 escalate: t-20260612-093433-1ce224
角色: researcher 等级: L
目标: 长期任务: 联网学习 MT4/MT5 EA + 免费EA解析 + 设计/编译/测试
心跳断: 35965秒前 (3×stale=900s)
进度: {'current': 0, 'message': '[3/6 ✓] 写完 REPORT.md. heartbeat 改 5min, 继续设计 EA 稿', 'total': 0}
→ 子 agent 已冻结，等你拍板（重试/换思路/取消）
[20:05:54] PUSH [error] 🚨 任务升级到 escalate: t-20260612-093433-1ce224
角色: researcher 等级: L
目标: 长期任务: 联网学习 MT4/MT5 EA + 免费EA解析 + 设计/编译/测试
心跳断: 36025秒前 (3×stale=900s)
进度: {'current': 0, 'message': '[3/6 ✓] 写完 REPORT.md. heartbeat 改 5min, 继续设计 EA 稿', 'total': 0}
→ 子 agent 已冻结，等你拍板（重试/换思路/取消）
[20:06:54] PUSH [error] 🚨 任务升级到 escalate: t-20260612-093433-1ce224
角色: researcher 等级: L
目标: 长期任务: 联网学习 MT4/MT5 EA + 免费EA解析 + 设计/编译/测试
心跳断: 36085秒前 (3×stale=900s)
进度: {'current': 0, 'message': '[3/6 ✓] 写完 REPORT.md. heartbeat 改 5min, 继续设计 EA 稿', 'total': 0}
→ 子 agent 已冻结，等你拍板（重试/换思路/取消）
[20:07:54] PUSH [error] 🚨 任务升级到 escalate: t-20260612-093433-1ce224
角色: researcher 等级: L
目标: 长期任务: 联网学习 MT4/MT5 EA + 免费EA解析 + 设计/编译/测试
心跳断: 36145秒前 (3×stale=900s)
进度: {'current': 0, 'message': '[3/6 ✓] 写完 REPORT.md. heartbeat 改 5min, 继续设计 EA 稿', 'total': 0}
→ 子 agent 已冻结，等你拍板（重试/换思路/取消）
[20:08:54] PUSH [error] 🚨 任务升级到 escalate: t-20260612-093433-1ce224
角色: researcher 等级: L
目标: 长期任务: 联网学习 MT4/MT5 EA + 免费EA解析 + 设计/编译/测试
心跳断: 36205秒前 (3×stale=900s)
进度: {'current': 0, 'message': '[3/6 ✓] 写完 REPORT.md. heartbeat 改 5min, 继续设计 EA 稿', 'total': 0}
→ 子 agent 已冻结，等你拍板（重试/换思路/取消）
[20:09:54] PUSH [error] 🚨 任务升级到 escalate: t-20260612-093433-1ce224
角色: researcher 等级: L
目标: 长期任务: 联网学习 MT4/MT5 EA + 免费EA解析 + 设计/编译/测试
心跳断: 36265秒前 (3×stale=900s)
进度: {'current': 0, 'message': '[3/6 ✓] 写完 REPORT.md. heartbeat 改 5min, 继续设计 EA 稿', 'total': 0}
→ 子 agent 已冻结，等你拍板（重试/换思路/取消）
[20:10:54] PUSH [error] 🚨 任务升级到 escalate: t-20260612-093433-1ce224
角色: researcher 等级: L
目标: 长期任务: 联网学习 MT4/MT5 EA + 免费EA解析 + 设计/编译/测试
心跳断: 36325秒前 (3×stale=900s)
进度: {'current': 0, 'message': '[3/6 ✓] 写完 REPORT.md. heartbeat 改 5min, 继续设计 EA 稿', 'total': 0}
→ 子 agent 已冻结，等你拍板（重试/换思路/取消）
[20:11:54] PUSH [error] 🚨 任务升级到 escalate: t-20260612-093433-1ce224
角色: researcher 等级: L
目标: 长期任务: 联网学习 MT4/MT5 EA + 免费EA解析 + 设计/编译/测试
心跳断: 36385秒前 (3×stale=900s)
进度: {'current': 0, 'message': '[3/6 ✓] 写完 REPORT.md. heartbeat 改 5min, 继续设计 EA 稿', 'total': 0}
→ 子 agent 已冻结，等你拍板（重试/换思路/取消）
[20:12:54] PUSH [error] 🚨 任务升级到 escalate: t-20260612-093433-1ce224
角色: researcher 等级: L
目标: 长期任务: 联网学习 MT4/MT5 EA + 免费EA解析 + 设计/编译/测试
心跳断: 36445秒前 (3×stale=900s)
进度: {'current': 0, 'message': '[3/6 ✓] 写完 REPORT.md. heartbeat 改 5min, 继续设计 EA 稿', 'total': 0}
→ 子 agent 已冻结，等你拍板（重试/换思路/取消）
[20:13:54] PUSH [error] 🚨 任务升级到 escalate: t-20260612-093433-1ce224
角色: researcher 等级: L
目标: 长期任务: 联网学习 MT4/MT5 EA + 免费EA解析 + 设计/编译/测试
心跳断: 36505秒前 (3×stale=900s)
进度: {'current': 0, 'message': '[3/6 ✓] 写完 REPORT.md. heartbeat 改 5min, 继续设计 EA 稿', 'total': 0}
→ 子 agent 已冻结，等你拍板（重试/换思路/取消）
[20:14:54] PUSH [error] 🚨 任务升级到 escalate: t-20260612-093433-1ce224
角色: researcher 等级: L
目标: 长期任务: 联网学习 MT4/MT5 EA + 免费EA解析 + 设计/编译/测试
心跳断: 36565秒前 (3×stale=900s)
进度: {'current': 0, 'message': '[3/6 ✓] 写完 REPORT.md. heartbeat 改 5min, 继续设计 EA 稿', 'total': 0}
→ 子 agent 已冻结，等你拍板（重试/换思路/取消）
[20:15:54] PUSH [error] 🚨 任务升级到 escalate: t-20260612-093433-1ce224
角色: researcher 等级: L
目标: 长期任务: 联网学习 MT4/MT5 EA + 免费EA解析 + 设计/编译/测试
心跳断: 36625秒前 (3×stale=900s)
进度: {'current': 0, 'message': '[3/6 ✓] 写完 REPORT.md. heartbeat 改 5min, 继续设计 EA 稿', 'total': 0}
→ 子 agent 已冻结，等你拍板（重试/换思路/取消）
[20:16:54] PUSH [error] 🚨 任务升级到 escalate: t-20260612-093433-1ce224
角色: researcher 等级: L
目标: 长期任务: 联网学习 MT4/MT5 EA + 免费EA解析 + 设计/编译/测试
心跳断: 36685秒前 (3×stale=900s)
进度: {'current': 0, 'message': '[3/6 ✓] 写完 REPORT.md. heartbeat 改 5min, 继续设计 EA 稿', 'total': 0}
→ 子 agent 已冻结，等你拍板（重试/换思路/取消）
[20:17:54] PUSH [error] 🚨 任务升级到 escalate: t-20260612-093433-1ce224
角色: researcher 等级: L
目标: 长期任务: 联网学习 MT4/MT5 EA + 免费EA解析 + 设计/编译/测试
心跳断: 36745秒前 (3×stale=900s)
进度: {'current': 0, 'message': '[3/6 ✓] 写完 REPORT.md. heartbeat 改 5min, 继续设计 EA 稿', 'total': 0}
→ 子 agent 已冻结，等你拍板（重试/换思路/取消）
[20:18:54] PUSH [error] 🚨 任务升级到 escalate: t-20260612-093433-1ce224
角色: researcher 等级: L
目标: 长期任务: 联网学习 MT4/MT5 EA + 免费EA解析 + 设计/编译/测试
心跳断: 36805秒前 (3×stale=900s)
进度: {'current': 0, 'message': '[3/6 ✓] 写完 REPORT.md. heartbeat 改 5min, 继续设计 EA 稿', 'total': 0}
→ 子 agent 已冻结，等你拍板（重试/换思路/取消）
[20:19:54] PUSH [error] 🚨 任务升级到 escalate: t-20260612-093433-1ce224
角色: researcher 等级: L
目标: 长期任务: 联网学习 MT4/MT5 EA + 免费EA解析 + 设计/编译/测试
心跳断: 36865秒前 (3×stale=900s)
进度: {'current': 0, 'message': '[3/6 ✓] 写完 REPORT.md. heartbeat 改 5min, 继续设计 EA 稿', 'total': 0}
→ 子 agent 已冻结，等你拍板（重试/换思路/取消）
[20:20:54] PUSH [error] 🚨 任务升级到 escalate: t-20260612-093433-1ce224
角色: researcher 等级: L
目标: 长期任务: 联网学习 MT4/MT5 EA + 免费EA解析 + 设计/编译/测试
心跳断: 36925秒前 (3×stale=900s)
进度: {'current': 0, 'message': '[3/6 ✓] 写完 REPORT.md. heartbeat 改 5min, 继续设计 EA 稿', 'total': 0}
→ 子 agent 已冻结，等你拍板（重试/换思路/取消）
[20:21:54] PUSH [error] 🚨 任务升级到 escalate: t-20260612-093433-1ce224
角色: researcher 等级: L
目标: 长期任务: 联网学习 MT4/MT5 EA + 免费EA解析 + 设计/编译/测试
心跳断: 36985秒前 (3×stale=900s)
进度: {'current': 0, 'message': '[3/6 ✓] 写完 REPORT.md. heartbeat 改 5min, 继续设计 EA 稿', 'total': 0}
→ 子 agent 已冻结，等你拍板（重试/换思路/取消）
[20:22:54] PUSH [error] 🚨 任务升级到 escalate: t-20260612-093433-1ce224
角色: researcher 等级: L
目标: 长期任务: 联网学习 MT4/MT5 EA + 免费EA解析 + 设计/编译/测试
心跳断: 37045秒前 (3×stale=900s)
进度: {'current': 0, 'message': '[3/6 ✓] 写完 REPORT.md. heartbeat 改 5min, 继续设计 EA 稿', 'total': 0}
→ 子 agent 已冻结，等你拍板（重试/换思路/取消）
[20:23:54] PUSH [error] 🚨 任务升级到 escalate: t-20260612-093433-1ce224
角色: researcher 等级: L
目标: 长期任务: 联网学习 MT4/MT5 EA + 免费EA解析 + 设计/编译/测试
心跳断: 37105秒前 (3×stale=900s)
进度: {'current': 0, 'message': '[3/6 ✓] 写完 REPORT.md. heartbeat 改 5min, 继续设计 EA 稿', 'total': 0}
→ 子 agent 已冻结，等你拍板（重试/换思路/取消）
[20:24:54] PUSH [error] 🚨 任务升级到 escalate: t-20260612-093433-1ce224
角色: researcher 等级: L
目标: 长期任务: 联网学习 MT4/MT5 EA + 免费EA解析 + 设计/编译/测试
心跳断: 37165秒前 (3×stale=900s)
进度: {'current': 0, 'message': '[3/6 ✓] 写完 REPORT.md. heartbeat 改 5min, 继续设计 EA 稿', 'total': 0}
→ 子 agent 已冻结，等你拍板（重试/换思路/取消）
[20:25:54] PUSH [error] 🚨 任务升级到 escalate: t-20260612-093433-1ce224
角色: researcher 等级: L
目标: 长期任务: 联网学习 MT4/MT5 EA + 免费EA解析 + 设计/编译/测试
心跳断: 37225秒前 (3×stale=900s)
进度: {'current': 0, 'message': '[3/6 ✓] 写完 REPORT.md. heartbeat 改 5min, 继续设计 EA 稿', 'total': 0}
→ 子 agent 已冻结，等你拍板（重试/换思路/取消）
[20:26:54] PUSH [error] 🚨 任务升级到 escalate: t-20260612-093433-1ce224
角色: researcher 等级: L
目标: 长期任务: 联网学习 MT4/MT5 EA + 免费EA解析 + 设计/编译/测试
心跳断: 37285秒前 (3×stale=900s)
进度: {'current': 0, 'message': '[3/6 ✓] 写完 REPORT.md. heartbeat 改 5min, 继续设计 EA 稿', 'total': 0}
→ 子 agent 已冻结，等你拍板（重试/换思路/取消）
[20:27:55] PUSH [error] 🚨 任务升级到 escalate: t-20260612-093433-1ce224
角色: researcher 等级: L
目标: 长期任务: 联网学习 MT4/MT5 EA + 免费EA解析 + 设计/编译/测试
心跳断: 37345秒前 (3×stale=900s)
进度: {'current': 0, 'message': '[3/6 ✓] 写完 REPORT.md. heartbeat 改 5min, 继续设计 EA 稿', 'total': 0}
→ 子 agent 已冻结，等你拍板（重试/换思路/取消）
[20:28:55] PUSH [error] 🚨 任务升级到 escalate: t-20260612-093433-1ce224
角色: researcher 等级: L
目标: 长期任务: 联网学习 MT4/MT5 EA + 免费EA解析 + 设计/编译/测试
心跳断: 37406秒前 (3×stale=900s)
进度: {'current': 0, 'message': '[3/6 ✓] 写完 REPORT.md. heartbeat 改 5min, 继续设计 EA 稿', 'total': 0}
→ 子 agent 已冻结，等你拍板（重试/换思路/取消）
[20:29:55] PUSH [error] 🚨 任务升级到 escalate: t-20260612-093433-1ce224
角色: researcher 等级: L
目标: 长期任务: 联网学习 MT4/MT5 EA + 免费EA解析 + 设计/编译/测试
心跳断: 37466秒前 (3×stale=900s)
进度: {'current': 0, 'message': '[3/6 ✓] 写完 REPORT.md. heartbeat 改 5min, 继续设计 EA 稿', 'total': 0}
→ 子 agent 已冻结，等你拍板（重试/换思路/取消）
[20:30:55] PUSH [error] 🚨 任务升级到 escalate: t-20260612-093433-1ce224
角色: researcher 等级: L
目标: 长期任务: 联网学习 MT4/MT5 EA + 免费EA解析 + 设计/编译/测试
心跳断: 37526秒前 (3×stale=900s)
进度: {'current': 0, 'message': '[3/6 ✓] 写完 REPORT.md. heartbeat 改 5min, 继续设计 EA 稿', 'total': 0}
→ 子 agent 已冻结，等你拍板（重试/换思路/取消）
[20:31:55] PUSH [error] 🚨 任务升级到 escalate: t-20260612-093433-1ce224
角色: researcher 等级: L
目标: 长期任务: 联网学习 MT4/MT5 EA + 免费EA解析 + 设计/编译/测试
心跳断: 37586秒前 (3×stale=900s)
进度: {'current': 0, 'message': '[3/6 ✓] 写完 REPORT.md. heartbeat 改 5min, 继续设计 EA 稿', 'total': 0}
→ 子 agent 已冻结，等你拍板（重试/换思路/取消）
[20:32:55] PUSH [error] 🚨 任务升级到 escalate: t-20260612-093433-1ce224
角色: researcher 等级: L
目标: 长期任务: 联网学习 MT4/MT5 EA + 免费EA解析 + 设计/编译/测试
心跳断: 37646秒前 (3×stale=900s)
进度: {'current': 0, 'message': '[3/6 ✓] 写完 REPORT.md. heartbeat 改 5min, 继续设计 EA 稿', 'total': 0}
→ 子 agent 已冻结，等你拍板（重试/换思路/取消）
[20:33:55] PUSH [error] 🚨 任务升级到 escalate: t-20260612-093433-1ce224
角色: researcher 等级: L
目标: 长期任务: 联网学习 MT4/MT5 EA + 免费EA解析 + 设计/编译/测试
心跳断: 37706秒前 (3×stale=900s)
进度: {'current': 0, 'message': '[3/6 ✓] 写完 REPORT.md. heartbeat 改 5min, 继续设计 EA 稿', 'total': 0}
→ 子 agent 已冻结，等你拍板（重试/换思路/取消）
[20:34:55] PUSH [error] 🚨 任务升级到 escalate: t-20260612-093433-1ce224
角色: researcher 等级: L
目标: 长期任务: 联网学习 MT4/MT5 EA + 免费EA解析 + 设计/编译/测试
心跳断: 37766秒前 (3×stale=900s)
进度: {'current': 0, 'message': '[3/6 ✓] 写完 REPORT.md. heartbeat 改 5min, 继续设计 EA 稿', 'total': 0}
→ 子 agent 已冻结，等你拍板（重试/换思路/取消）
[20:35:55] PUSH [error] 🚨 任务升级到 escalate: t-20260612-093433-1ce224
角色: researcher 等级: L
目标: 长期任务: 联网学习 MT4/MT5 EA + 免费EA解析 + 设计/编译/测试
心跳断: 37826秒前 (3×stale=900s)
进度: {'current': 0, 'message': '[3/6 ✓] 写完 REPORT.md. heartbeat 改 5min, 继续设计 EA 稿', 'total': 0}
→ 子 agent 已冻结，等你拍板（重试/换思路/取消）
[20:36:55] PUSH [error] 🚨 任务升级到 escalate: t-20260612-093433-1ce224
角色: researcher 等级: L
目标: 长期任务: 联网学习 MT4/MT5 EA + 免费EA解析 + 设计/编译/测试
心跳断: 37886秒前 (3×stale=900s)
进度: {'current': 0, 'message': '[3/6 ✓] 写完 REPORT.md. heartbeat 改 5min, 继续设计 EA 稿', 'total': 0}
→ 子 agent 已冻结，等你拍板（重试/换思路/取消）
[20:37:55] PUSH [error] 🚨 任务升级到 escalate: t-20260612-093433-1ce224
角色: researcher 等级: L
目标: 长期任务: 联网学习 MT4/MT5 EA + 免费EA解析 + 设计/编译/测试
心跳断: 37946秒前 (3×stale=900s)
进度: {'current': 0, 'message': '[3/6 ✓] 写完 REPORT.md. heartbeat 改 5min, 继续设计 EA 稿', 'total': 0}
→ 子 agent 已冻结，等你拍板（重试/换思路/取消）
[20:38:55] PUSH [error] 🚨 任务升级到 escalate: t-20260612-093433-1ce224
角色: researcher 等级: L
目标: 长期任务: 联网学习 MT4/MT5 EA + 免费EA解析 + 设计/编译/测试
心跳断: 38006秒前 (3×stale=900s)
进度: {'current': 0, 'message': '[3/6 ✓] 写完 REPORT.md. heartbeat 改 5min, 继续设计 EA 稿', 'total': 0}
→ 子 agent 已冻结，等你拍板（重试/换思路/取消）
[20:39:55] PUSH [error] 🚨 任务升级到 escalate: t-20260612-093433-1ce224
角色: researcher 等级: L
目标: 长期任务: 联网学习 MT4/MT5 EA + 免费EA解析 + 设计/编译/测试
心跳断: 38066秒前 (3×stale=900s)
进度: {'current': 0, 'message': '[3/6 ✓] 写完 REPORT.md. heartbeat 改 5min, 继续设计 EA 稿', 'total': 0}
→ 子 agent 已冻结，等你拍板（重试/换思路/取消）
[20:40:55] PUSH [error] 🚨 任务升级到 escalate: t-20260612-093433-1ce224
角色: researcher 等级: L
目标: 长期任务: 联网学习 MT4/MT5 EA + 免费EA解析 + 设计/编译/测试
心跳断: 38126秒前 (3×stale=900s)
进度: {'current': 0, 'message': '[3/6 ✓] 写完 REPORT.md. heartbeat 改 5min, 继续设计 EA 稿', 'total': 0}
→ 子 agent 已冻结，等你拍板（重试/换思路/取消）
[20:41:55] PUSH [error] 🚨 任务升级到 escalate: t-20260612-093433-1ce224
角色: researcher 等级: L
目标: 长期任务: 联网学习 MT4/MT5 EA + 免费EA解析 + 设计/编译/测试
心跳断: 38186秒前 (3×stale=900s)
进度: {'current': 0, 'message': '[3/6 ✓] 写完 REPORT.md. heartbeat 改 5min, 继续设计 EA 稿', 'total': 0}
→ 子 agent 已冻结，等你拍板（重试/换思路/取消）
[20:42:55] PUSH [error] 🚨 任务升级到 escalate: t-20260612-093433-1ce224
角色: researcher 等级: L
目标: 长期任务: 联网学习 MT4/MT5 EA + 免费EA解析 + 设计/编译/测试
心跳断: 38246秒前 (3×stale=900s)
进度: {'current': 0, 'message': '[3/6 ✓] 写完 REPORT.md. heartbeat 改 5min, 继续设计 EA 稿', 'total': 0}
→ 子 agent 已冻结，等你拍板（重试/换思路/取消）
[20:43:55] PUSH [error] 🚨 任务升级到 escalate: t-20260612-093433-1ce224
角色: researcher 等级: L
目标: 长期任务: 联网学习 MT4/MT5 EA + 免费EA解析 + 设计/编译/测试
心跳断: 38306秒前 (3×stale=900s)
进度: {'current': 0, 'message': '[3/6 ✓] 写完 REPORT.md. heartbeat 改 5min, 继续设计 EA 稿', 'total': 0}
→ 子 agent 已冻结，等你拍板（重试/换思路/取消）
[20:44:55] PUSH [error] 🚨 任务升级到 escalate: t-20260612-093433-1ce224
角色: researcher 等级: L
目标: 长期任务: 联网学习 MT4/MT5 EA + 免费EA解析 + 设计/编译/测试
心跳断: 38366秒前 (3×stale=900s)
进度: {'current': 0, 'message': '[3/6 ✓] 写完 REPORT.md. heartbeat 改 5min, 继续设计 EA 稿', 'total': 0}
→ 子 agent 已冻结，等你拍板（重试/换思路/取消）
[20:45:55] PUSH [error] 🚨 任务升级到 escalate: t-20260612-093433-1ce224
角色: researcher 等级: L
目标: 长期任务: 联网学习 MT4/MT5 EA + 免费EA解析 + 设计/编译/测试
心跳断: 38426秒前 (3×stale=900s)
进度: {'current': 0, 'message': '[3/6 ✓] 写完 REPORT.md. heartbeat 改 5min, 继续设计 EA 稿', 'total': 0}
→ 子 agent 已冻结，等你拍板（重试/换思路/取消）
[20:46:55] PUSH [error] 🚨 任务升级到 escalate: t-20260612-093433-1ce224
角色: researcher 等级: L
目标: 长期任务: 联网学习 MT4/MT5 EA + 免费EA解析 + 设计/编译/测试
心跳断: 38486秒前 (3×stale=900s)
进度: {'current': 0, 'message': '[3/6 ✓] 写完 REPORT.md. heartbeat 改 5min, 继续设计 EA 稿', 'total': 0}
→ 子 agent 已冻结，等你拍板（重试/换思路/取消）
[20:47:55] PUSH [error] 🚨 任务升级到 escalate: t-20260612-093433-1ce224
角色: researcher 等级: L
目标: 长期任务: 联网学习 MT4/MT5 EA + 免费EA解析 + 设计/编译/测试
心跳断: 38546秒前 (3×stale=900s)
进度: {'current': 0, 'message': '[3/6 ✓] 写完 REPORT.md. heartbeat 改 5min, 继续设计 EA 稿', 'total': 0}
→ 子 agent 已冻结，等你拍板（重试/换思路/取消）
[20:48:55] PUSH [error] 🚨 任务升级到 escalate: t-20260612-093433-1ce224
角色: researcher 等级: L
目标: 长期任务: 联网学习 MT4/MT5 EA + 免费EA解析 + 设计/编译/测试
心跳断: 38606秒前 (3×stale=900s)
进度: {'current': 0, 'message': '[3/6 ✓] 写完 REPORT.md. heartbeat 改 5min, 继续设计 EA 稿', 'total': 0}
→ 子 agent 已冻结，等你拍板（重试/换思路/取消）
[20:49:55] PUSH [error] 🚨 任务升级到 escalate: t-20260612-093433-1ce224
角色: researcher 等级: L
目标: 长期任务: 联网学习 MT4/MT5 EA + 免费EA解析 + 设计/编译/测试
心跳断: 38666秒前 (3×stale=900s)
进度: {'current': 0, 'message': '[3/6 ✓] 写完 REPORT.md. heartbeat 改 5min, 继续设计 EA 稿', 'total': 0}
→ 子 agent 已冻结，等你拍板（重试/换思路/取消）
[20:50:55] PUSH [error] 🚨 任务升级到 escalate: t-20260612-093433-1ce224
角色: researcher 等级: L
目标: 长期任务: 联网学习 MT4/MT5 EA + 免费EA解析 + 设计/编译/测试
心跳断: 38726秒前 (3×stale=900s)
进度: {'current': 0, 'message': '[3/6 ✓] 写完 REPORT.md. heartbeat 改 5min, 继续设计 EA 稿', 'total': 0}
→ 子 agent 已冻结，等你拍板（重试/换思路/取消）
[20:51:55] PUSH [error] 🚨 任务升级到 escalate: t-20260612-093433-1ce224
角色: researcher 等级: L
目标: 长期任务: 联网学习 MT4/MT5 EA + 免费EA解析 + 设计/编译/测试
心跳断: 38786秒前 (3×stale=900s)
进度: {'current': 0, 'message': '[3/6 ✓] 写完 REPORT.md. heartbeat 改 5min, 继续设计 EA 稿', 'total': 0}
→ 子 agent 已冻结，等你拍板（重试/换思路/取消）
[20:52:55] PUSH [error] 🚨 任务升级到 escalate: t-20260612-093433-1ce224
角色: researcher 等级: L
目标: 长期任务: 联网学习 MT4/MT5 EA + 免费EA解析 + 设计/编译/测试
心跳断: 38846秒前 (3×stale=900s)
进度: {'current': 0, 'message': '[3/6 ✓] 写完 REPORT.md. heartbeat 改 5min, 继续设计 EA 稿', 'total': 0}
→ 子 agent 已冻结，等你拍板（重试/换思路/取消）
[20:53:55] PUSH [error] 🚨 任务升级到 escalate: t-20260612-093433-1ce224
角色: researcher 等级: L
目标: 长期任务: 联网学习 MT4/MT5 EA + 免费EA解析 + 设计/编译/测试
心跳断: 38906秒前 (3×stale=900s)
进度: {'current': 0, 'message': '[3/6 ✓] 写完 REPORT.md. heartbeat 改 5min, 继续设计 EA 稿', 'total': 0}
→ 子 agent 已冻结，等你拍板（重试/换思路/取消）
[20:54:55] PUSH [error] 🚨 任务升级到 escalate: t-20260612-093433-1ce224
角色: researcher 等级: L
目标: 长期任务: 联网学习 MT4/MT5 EA + 免费EA解析 + 设计/编译/测试
心跳断: 38966秒前 (3×stale=900s)
进度: {'current': 0, 'message': '[3/6 ✓] 写完 REPORT.md. heartbeat 改 5min, 继续设计 EA 稿', 'total': 0}
→ 子 agent 已冻结，等你拍板（重试/换思路/取消）
[20:55:55] PUSH [error] 🚨 任务升级到 escalate: t-20260612-093433-1ce224
角色: researcher 等级: L
目标: 长期任务: 联网学习 MT4/MT5 EA + 免费EA解析 + 设计/编译/测试
心跳断: 39026秒前 (3×stale=900s)
进度: {'current': 0, 'message': '[3/6 ✓] 写完 REPORT.md. heartbeat 改 5min, 继续设计 EA 稿', 'total': 0}
→ 子 agent 已冻结，等你拍板（重试/换思路/取消）
[20:56:55] PUSH [error] 🚨 任务升级到 escalate: t-20260612-093433-1ce224
角色: researcher 等级: L
目标: 长期任务: 联网学习 MT4/MT5 EA + 免费EA解析 + 设计/编译/测试
心跳断: 39086秒前 (3×stale=900s)
进度: {'current': 0, 'message': '[3/6 ✓] 写完 REPORT.md. heartbeat 改 5min, 继续设计 EA 稿', 'total': 0}
→ 子 agent 已冻结，等你拍板（重试/换思路/取消）
[20:57:55] PUSH [error] 🚨 任务升级到 escalate: t-20260612-093433-1ce224
角色: researcher 等级: L
目标: 长期任务: 联网学习 MT4/MT5 EA + 免费EA解析 + 设计/编译/测试
心跳断: 39146秒前 (3×stale=900s)
进度: {'current': 0, 'message': '[3/6 ✓] 写完 REPORT.md. heartbeat 改 5min, 继续设计 EA 稿', 'total': 0}
→ 子 agent 已冻结，等你拍板（重试/换思路/取消）
[20:58:55] PUSH [error] 🚨 任务升级到 escalate: t-20260612-093433-1ce224
角色: researcher 等级: L
目标: 长期任务: 联网学习 MT4/MT5 EA + 免费EA解析 + 设计/编译/测试
心跳断: 39206秒前 (3×stale=900s)
进度: {'current': 0, 'message': '[3/6 ✓] 写完 REPORT.md. heartbeat 改 5min, 继续设计 EA 稿', 'total': 0}
→ 子 agent 已冻结，等你拍板（重试/换思路/取消）
[20:59:55] PUSH [error] 🚨 任务升级到 escalate: t-20260612-093433-1ce224
角色: researcher 等级: L
目标: 长期任务: 联网学习 MT4/MT5 EA + 免费EA解析 + 设计/编译/测试
心跳断: 39266秒前 (3×stale=900s)
进度: {'current': 0, 'message': '[3/6 ✓] 写完 REPORT.md. heartbeat 改 5min, 继续设计 EA 稿', 'total': 0}
→ 子 agent 已冻结，等你拍板（重试/换思路/取消）
[21:00:55] PUSH [error] 🚨 任务升级到 escalate: t-20260612-093433-1ce224
角色: researcher 等级: L
目标: 长期任务: 联网学习 MT4/MT5 EA + 免费EA解析 + 设计/编译/测试
心跳断: 39326秒前 (3×stale=900s)
进度: {'current': 0, 'message': '[3/6 ✓] 写完 REPORT.md. heartbeat 改 5min, 继续设计 EA 稿', 'total': 0}
→ 子 agent 已冻结，等你拍板（重试/换思路/取消）
[21:01:55] PUSH [error] 🚨 任务升级到 escalate: t-20260612-093433-1ce224
角色: researcher 等级: L
目标: 长期任务: 联网学习 MT4/MT5 EA + 免费EA解析 + 设计/编译/测试
心跳断: 39386秒前 (3×stale=900s)
进度: {'current': 0, 'message': '[3/6 ✓] 写完 REPORT.md. heartbeat 改 5min, 继续设计 EA 稿', 'total': 0}
→ 子 agent 已冻结，等你拍板（重试/换思路/取消）
[21:02:55] PUSH [error] 🚨 任务升级到 escalate: t-20260612-093433-1ce224
角色: researcher 等级: L
目标: 长期任务: 联网学习 MT4/MT5 EA + 免费EA解析 + 设计/编译/测试
心跳断: 39446秒前 (3×stale=900s)
进度: {'current': 0, 'message': '[3/6 ✓] 写完 REPORT.md. heartbeat 改 5min, 继续设计 EA 稿', 'total': 0}
→ 子 agent 已冻结，等你拍板（重试/换思路/取消）
[21:03:55] PUSH [error] 🚨 任务升级到 escalate: t-20260612-093433-1ce224
角色: researcher 等级: L
目标: 长期任务: 联网学习 MT4/MT5 EA + 免费EA解析 + 设计/编译/测试
心跳断: 39506秒前 (3×stale=900s)
进度: {'current': 0, 'message': '[3/6 ✓] 写完 REPORT.md. heartbeat 改 5min, 继续设计 EA 稿', 'total': 0}
→ 子 agent 已冻结，等你拍板（重试/换思路/取消）
[21:04:55] PUSH [error] 🚨 任务升级到 escalate: t-20260612-093433-1ce224
角色: researcher 等级: L
目标: 长期任务: 联网学习 MT4/MT5 EA + 免费EA解析 + 设计/编译/测试
心跳断: 39566秒前 (3×stale=900s)
进度: {'current': 0, 'message': '[3/6 ✓] 写完 REPORT.md. heartbeat 改 5min, 继续设计 EA 稿', 'total': 0}
→ 子 agent 已冻结，等你拍板（重试/换思路/取消）
[21:05:55] PUSH [error] 🚨 任务升级到 escalate: t-20260612-093433-1ce224
角色: researcher 等级: L
目标: 长期任务: 联网学习 MT4/MT5 EA + 免费EA解析 + 设计/编译/测试
心跳断: 39626秒前 (3×stale=900s)
进度: {'current': 0, 'message': '[3/6 ✓] 写完 REPORT.md. heartbeat 改 5min, 继续设计 EA 稿', 'total': 0}
→ 子 agent 已冻结，等你拍板（重试/换思路/取消）
[21:06:56] PUSH [error] 🚨 任务升级到 escalate: t-20260612-093433-1ce224
角色: researcher 等级: L
目标: 长期任务: 联网学习 MT4/MT5 EA + 免费EA解析 + 设计/编译/测试
心跳断: 39686秒前 (3×stale=900s)
进度: {'current': 0, 'message': '[3/6 ✓] 写完 REPORT.md. heartbeat 改 5min, 继续设计 EA 稿', 'total': 0}
→ 子 agent 已冻结，等你拍板（重试/换思路/取消）
[21:07:56] PUSH [error] 🚨 任务升级到 escalate: t-20260612-093433-1ce224
角色: researcher 等级: L
目标: 长期任务: 联网学习 MT4/MT5 EA + 免费EA解析 + 设计/编译/测试
心跳断: 39747秒前 (3×stale=900s)
进度: {'current': 0, 'message': '[3/6 ✓] 写完 REPORT.md. heartbeat 改 5min, 继续设计 EA 稿', 'total': 0}
→ 子 agent 已冻结，等你拍板（重试/换思路/取消）
[21:08:56] PUSH [error] 🚨 任务升级到 escalate: t-20260612-093433-1ce224
角色: researcher 等级: L
目标: 长期任务: 联网学习 MT4/MT5 EA + 免费EA解析 + 设计/编译/测试
心跳断: 39807秒前 (3×stale=900s)
进度: {'current': 0, 'message': '[3/6 ✓] 写完 REPORT.md. heartbeat 改 5min, 继续设计 EA 稿', 'total': 0}
→ 子 agent 已冻结，等你拍板（重试/换思路/取消）
[21:09:56] PUSH [error] 🚨 任务升级到 escalate: t-20260612-093433-1ce224
角色: researcher 等级: L
目标: 长期任务: 联网学习 MT4/MT5 EA + 免费EA解析 + 设计/编译/测试
心跳断: 39867秒前 (3×stale=900s)
进度: {'current': 0, 'message': '[3/6 ✓] 写完 REPORT.md. heartbeat 改 5min, 继续设计 EA 稿', 'total': 0}
→ 子 agent 已冻结，等你拍板（重试/换思路/取消）
[21:10:56] PUSH [error] 🚨 任务升级到 escalate: t-20260612-093433-1ce224
角色: researcher 等级: L
目标: 长期任务: 联网学习 MT4/MT5 EA + 免费EA解析 + 设计/编译/测试
心跳断: 39927秒前 (3×stale=900s)
进度: {'current': 0, 'message': '[3/6 ✓] 写完 REPORT.md. heartbeat 改 5min, 继续设计 EA 稿', 'total': 0}
→ 子 agent 已冻结，等你拍板（重试/换思路/取消）
[21:11:56] PUSH [error] 🚨 任务升级到 escalate: t-20260612-093433-1ce224
角色: researcher 等级: L
目标: 长期任务: 联网学习 MT4/MT5 EA + 免费EA解析 + 设计/编译/测试
心跳断: 39987秒前 (3×stale=900s)
进度: {'current': 0, 'message': '[3/6 ✓] 写完 REPORT.md. heartbeat 改 5min, 继续设计 EA 稿', 'total': 0}
→ 子 agent 已冻结，等你拍板（重试/换思路/取消）
[21:12:56] PUSH [error] 🚨 任务升级到 escalate: t-20260612-093433-1ce224
角色: researcher 等级: L
目标: 长期任务: 联网学习 MT4/MT5 EA + 免费EA解析 + 设计/编译/测试
心跳断: 40047秒前 (3×stale=900s)
进度: {'current': 0, 'message': '[3/6 ✓] 写完 REPORT.md. heartbeat 改 5min, 继续设计 EA 稿', 'total': 0}
→ 子 agent 已冻结，等你拍板（重试/换思路/取消）
[21:13:56] PUSH [error] 🚨 任务升级到 escalate: t-20260612-093433-1ce224
角色: researcher 等级: L
目标: 长期任务: 联网学习 MT4/MT5 EA + 免费EA解析 + 设计/编译/测试
心跳断: 40107秒前 (3×stale=900s)
进度: {'current': 0, 'message': '[3/6 ✓] 写完 REPORT.md. heartbeat 改 5min, 继续设计 EA 稿', 'total': 0}
→ 子 agent 已冻结，等你拍板（重试/换思路/取消）
[21:14:56] PUSH [error] 🚨 任务升级到 escalate: t-20260612-093433-1ce224
角色: researcher 等级: L
目标: 长期任务: 联网学习 MT4/MT5 EA + 免费EA解析 + 设计/编译/测试
心跳断: 40167秒前 (3×stale=900s)
进度: {'current': 0, 'message': '[3/6 ✓] 写完 REPORT.md. heartbeat 改 5min, 继续设计 EA 稿', 'total': 0}
→ 子 agent 已冻结，等你拍板（重试/换思路/取消）
[21:15:56] PUSH [error] 🚨 任务升级到 escalate: t-20260612-093433-1ce224
角色: researcher 等级: L
目标: 长期任务: 联网学习 MT4/MT5 EA + 免费EA解析 + 设计/编译/测试
心跳断: 40227秒前 (3×stale=900s)
进度: {'current': 0, 'message': '[3/6 ✓] 写完 REPORT.md. heartbeat 改 5min, 继续设计 EA 稿', 'total': 0}
→ 子 agent 已冻结，等你拍板（重试/换思路/取消）
[21:16:56] PUSH [error] 🚨 任务升级到 escalate: t-20260612-093433-1ce224
角色: researcher 等级: L
目标: 长期任务: 联网学习 MT4/MT5 EA + 免费EA解析 + 设计/编译/测试
心跳断: 40287秒前 (3×stale=900s)
进度: {'current': 0, 'message': '[3/6 ✓] 写完 REPORT.md. heartbeat 改 5min, 继续设计 EA 稿', 'total': 0}
→ 子 agent 已冻结，等你拍板（重试/换思路/取消）
[21:17:56] PUSH [error] 🚨 任务升级到 escalate: t-20260612-093433-1ce224
角色: researcher 等级: L
目标: 长期任务: 联网学习 MT4/MT5 EA + 免费EA解析 + 设计/编译/测试
心跳断: 40347秒前 (3×stale=900s)
进度: {'current': 0, 'message': '[3/6 ✓] 写完 REPORT.md. heartbeat 改 5min, 继续设计 EA 稿', 'total': 0}
→ 子 agent 已冻结，等你拍板（重试/换思路/取消）
[21:18:56] PUSH [error] 🚨 任务升级到 escalate: t-20260612-093433-1ce224
角色: researcher 等级: L
目标: 长期任务: 联网学习 MT4/MT5 EA + 免费EA解析 + 设计/编译/测试
心跳断: 40407秒前 (3×stale=900s)
进度: {'current': 0, 'message': '[3/6 ✓] 写完 REPORT.md. heartbeat 改 5min, 继续设计 EA 稿', 'total': 0}
→ 子 agent 已冻结，等你拍板（重试/换思路/取消）
[21:19:56] PUSH [error] 🚨 任务升级到 escalate: t-20260612-093433-1ce224
角色: researcher 等级: L
目标: 长期任务: 联网学习 MT4/MT5 EA + 免费EA解析 + 设计/编译/测试
心跳断: 40467秒前 (3×stale=900s)
进度: {'current': 0, 'message': '[3/6 ✓] 写完 REPORT.md. heartbeat 改 5min, 继续设计 EA 稿', 'total': 0}
→ 子 agent 已冻结，等你拍板（重试/换思路/取消）
[21:20:56] PUSH [error] 🚨 任务升级到 escalate: t-20260612-093433-1ce224
角色: researcher 等级: L
目标: 长期任务: 联网学习 MT4/MT5 EA + 免费EA解析 + 设计/编译/测试
心跳断: 40527秒前 (3×stale=900s)
进度: {'current': 0, 'message': '[3/6 ✓] 写完 REPORT.md. heartbeat 改 5min, 继续设计 EA 稿', 'total': 0}
→ 子 agent 已冻结，等你拍板（重试/换思路/取消）
[21:21:56] PUSH [error] 🚨 任务升级到 escalate: t-20260612-093433-1ce224
角色: researcher 等级: L
目标: 长期任务: 联网学习 MT4/MT5 EA + 免费EA解析 + 设计/编译/测试
心跳断: 40587秒前 (3×stale=900s)
进度: {'current': 0, 'message': '[3/6 ✓] 写完 REPORT.md. heartbeat 改 5min, 继续设计 EA 稿', 'total': 0}
→ 子 agent 已冻结，等你拍板（重试/换思路/取消）
[21:22:56] PUSH [error] 🚨 任务升级到 escalate: t-20260612-093433-1ce224
角色: researcher 等级: L
目标: 长期任务: 联网学习 MT4/MT5 EA + 免费EA解析 + 设计/编译/测试
心跳断: 40647秒前 (3×stale=900s)
进度: {'current': 0, 'message': '[3/6 ✓] 写完 REPORT.md. heartbeat 改 5min, 继续设计 EA 稿', 'total': 0}
→ 子 agent 已冻结，等你拍板（重试/换思路/取消）
[21:23:56] PUSH [error] 🚨 任务升级到 escalate: t-20260612-093433-1ce224
角色: researcher 等级: L
目标: 长期任务: 联网学习 MT4/MT5 EA + 免费EA解析 + 设计/编译/测试
心跳断: 40707秒前 (3×stale=900s)
进度: {'current': 0, 'message': '[3/6 ✓] 写完 REPORT.md. heartbeat 改 5min, 继续设计 EA 稿', 'total': 0}
→ 子 agent 已冻结，等你拍板（重试/换思路/取消）
[21:24:56] PUSH [error] 🚨 任务升级到 escalate: t-20260612-093433-1ce224
角色: researcher 等级: L
目标: 长期任务: 联网学习 MT4/MT5 EA + 免费EA解析 + 设计/编译/测试
心跳断: 40767秒前 (3×stale=900s)
进度: {'current': 0, 'message': '[3/6 ✓] 写完 REPORT.md. heartbeat 改 5min, 继续设计 EA 稿', 'total': 0}
→ 子 agent 已冻结，等你拍板（重试/换思路/取消）
[21:25:56] PUSH [error] 🚨 任务升级到 escalate: t-20260612-093433-1ce224
角色: researcher 等级: L
目标: 长期任务: 联网学习 MT4/MT5 EA + 免费EA解析 + 设计/编译/测试
心跳断: 40827秒前 (3×stale=900s)
进度: {'current': 0, 'message': '[3/6 ✓] 写完 REPORT.md. heartbeat 改 5min, 继续设计 EA 稿', 'total': 0}
→ 子 agent 已冻结，等你拍板（重试/换思路/取消）
[21:26:56] PUSH [error] 🚨 任务升级到 escalate: t-20260612-093433-1ce224
角色: researcher 等级: L
目标: 长期任务: 联网学习 MT4/MT5 EA + 免费EA解析 + 设计/编译/测试
心跳断: 40887秒前 (3×stale=900s)
进度: {'current': 0, 'message': '[3/6 ✓] 写完 REPORT.md. heartbeat 改 5min, 继续设计 EA 稿', 'total': 0}
→ 子 agent 已冻结，等你拍板（重试/换思路/取消）
[21:27:56] PUSH [error] 🚨 任务升级到 escalate: t-20260612-093433-1ce224
角色: researcher 等级: L
目标: 长期任务: 联网学习 MT4/MT5 EA + 免费EA解析 + 设计/编译/测试
心跳断: 40947秒前 (3×stale=900s)
进度: {'current': 0, 'message': '[3/6 ✓] 写完 REPORT.md. heartbeat 改 5min, 继续设计 EA 稿', 'total': 0}
→ 子 agent 已冻结，等你拍板（重试/换思路/取消）
[21:28:56] PUSH [error] 🚨 任务升级到 escalate: t-20260612-093433-1ce224
角色: researcher 等级: L
目标: 长期任务: 联网学习 MT4/MT5 EA + 免费EA解析 + 设计/编译/测试
心跳断: 41007秒前 (3×stale=900s)
进度: {'current': 0, 'message': '[3/6 ✓] 写完 REPORT.md. heartbeat 改 5min, 继续设计 EA 稿', 'total': 0}
→ 子 agent 已冻结，等你拍板（重试/换思路/取消）
[21:29:56] PUSH [error] 🚨 任务升级到 escalate: t-20260612-093433-1ce224
角色: researcher 等级: L
目标: 长期任务: 联网学习 MT4/MT5 EA + 免费EA解析 + 设计/编译/测试
心跳断: 41067秒前 (3×stale=900s)
进度: {'current': 0, 'message': '[3/6 ✓] 写完 REPORT.md. heartbeat 改 5min, 继续设计 EA 稿', 'total': 0}
→ 子 agent 已冻结，等你拍板（重试/换思路/取消）
[21:30:56] PUSH [error] 🚨 任务升级到 escalate: t-20260612-093433-1ce224
角色: researcher 等级: L
目标: 长期任务: 联网学习 MT4/MT5 EA + 免费EA解析 + 设计/编译/测试
心跳断: 41127秒前 (3×stale=900s)
进度: {'current': 0, 'message': '[3/6 ✓] 写完 REPORT.md. heartbeat 改 5min, 继续设计 EA 稿', 'total': 0}
→ 子 agent 已冻结，等你拍板（重试/换思路/取消）
[21:31:56] PUSH [error] 🚨 任务升级到 escalate: t-20260612-093433-1ce224
角色: researcher 等级: L
目标: 长期任务: 联网学习 MT4/MT5 EA + 免费EA解析 + 设计/编译/测试
心跳断: 41187秒前 (3×stale=900s)
进度: {'current': 0, 'message': '[3/6 ✓] 写完 REPORT.md. heartbeat 改 5min, 继续设计 EA 稿', 'total': 0}
→ 子 agent 已冻结，等你拍板（重试/换思路/取消）
[21:32:56] PUSH [error] 🚨 任务升级到 escalate: t-20260612-093433-1ce224
角色: researcher 等级: L
目标: 长期任务: 联网学习 MT4/MT5 EA + 免费EA解析 + 设计/编译/测试
心跳断: 41247秒前 (3×stale=900s)
进度: {'current': 0, 'message': '[3/6 ✓] 写完 REPORT.md. heartbeat 改 5min, 继续设计 EA 稿', 'total': 0}
→ 子 agent 已冻结，等你拍板（重试/换思路/取消）
[21:33:56] PUSH [error] 🚨 任务升级到 escalate: t-20260612-093433-1ce224
角色: researcher 等级: L
目标: 长期任务: 联网学习 MT4/MT5 EA + 免费EA解析 + 设计/编译/测试
心跳断: 41307秒前 (3×stale=900s)
进度: {'current': 0, 'message': '[3/6 ✓] 写完 REPORT.md. heartbeat 改 5min, 继续设计 EA 稿', 'total': 0}
→ 子 agent 已冻结，等你拍板（重试/换思路/取消）
[21:34:56] PUSH [error] 🚨 任务升级到 escalate: t-20260612-093433-1ce224
角色: researcher 等级: L
目标: 长期任务: 联网学习 MT4/MT5 EA + 免费EA解析 + 设计/编译/测试
心跳断: 41367秒前 (3×stale=900s)
进度: {'current': 0, 'message': '[3/6 ✓] 写完 REPORT.md. heartbeat 改 5min, 继续设计 EA 稿', 'total': 0}
→ 子 agent 已冻结，等你拍板（重试/换思路/取消）
[21:35:56] PUSH [error] 🚨 任务升级到 escalate: t-20260612-093433-1ce224
角色: researcher 等级: L
目标: 长期任务: 联网学习 MT4/MT5 EA + 免费EA解析 + 设计/编译/测试
心跳断: 41427秒前 (3×stale=900s)
进度: {'current': 0, 'message': '[3/6 ✓] 写完 REPORT.md. heartbeat 改 5min, 继续设计 EA 稿', 'total': 0}
→ 子 agent 已冻结，等你拍板（重试/换思路/取消）
[21:36:56] PUSH [error] 🚨 任务升级到 escalate: t-20260612-093433-1ce224
角色: researcher 等级: L
目标: 长期任务: 联网学习 MT4/MT5 EA + 免费EA解析 + 设计/编译/测试
心跳断: 41487秒前 (3×stale=900s)
进度: {'current': 0, 'message': '[3/6 ✓] 写完 REPORT.md. heartbeat 改 5min, 继续设计 EA 稿', 'total': 0}
→ 子 agent 已冻结，等你拍板（重试/换思路/取消）
[21:37:56] PUSH [error] 🚨 任务升级到 escalate: t-20260612-093433-1ce224
角色: researcher 等级: L
目标: 长期任务: 联网学习 MT4/MT5 EA + 免费EA解析 + 设计/编译/测试
心跳断: 41547秒前 (3×stale=900s)
进度: {'current': 0, 'message': '[3/6 ✓] 写完 REPORT.md. heartbeat 改 5min, 继续设计 EA 稿', 'total': 0}
→ 子 agent 已冻结，等你拍板（重试/换思路/取消）
[21:38:56] PUSH [error] 🚨 任务升级到 escalate: t-20260612-093433-1ce224
角色: researcher 等级: L
目标: 长期任务: 联网学习 MT4/MT5 EA + 免费EA解析 + 设计/编译/测试
心跳断: 41607秒前 (3×stale=900s)
进度: {'current': 0, 'message': '[3/6 ✓] 写完 REPORT.md. heartbeat 改 5min, 继续设计 EA 稿', 'total': 0}
→ 子 agent 已冻结，等你拍板（重试/换思路/取消）
[21:39:56] PUSH [error] 🚨 任务升级到 escalate: t-20260612-093433-1ce224
角色: researcher 等级: L
目标: 长期任务: 联网学习 MT4/MT5 EA + 免费EA解析 + 设计/编译/测试
心跳断: 41667秒前 (3×stale=900s)
进度: {'current': 0, 'message': '[3/6 ✓] 写完 REPORT.md. heartbeat 改 5min, 继续设计 EA 稿', 'total': 0}
→ 子 agent 已冻结，等你拍板（重试/换思路/取消）
[21:40:56] PUSH [error] 🚨 任务升级到 escalate: t-20260612-093433-1ce224
角色: researcher 等级: L
目标: 长期任务: 联网学习 MT4/MT5 EA + 免费EA解析 + 设计/编译/测试
心跳断: 41727秒前 (3×stale=900s)
进度: {'current': 0, 'message': '[3/6 ✓] 写完 REPORT.md. heartbeat 改 5min, 继续设计 EA 稿', 'total': 0}
→ 子 agent 已冻结，等你拍板（重试/换思路/取消）
[21:41:56] PUSH [error] 🚨 任务升级到 escalate: t-20260612-093433-1ce224
角色: researcher 等级: L
目标: 长期任务: 联网学习 MT4/MT5 EA + 免费EA解析 + 设计/编译/测试
心跳断: 41787秒前 (3×stale=900s)
进度: {'current': 0, 'message': '[3/6 ✓] 写完 REPORT.md. heartbeat 改 5min, 继续设计 EA 稿', 'total': 0}
→ 子 agent 已冻结，等你拍板（重试/换思路/取消）
[21:42:56] PUSH [error] 🚨 任务升级到 escalate: t-20260612-093433-1ce224
角色: researcher 等级: L
目标: 长期任务: 联网学习 MT4/MT5 EA + 免费EA解析 + 设计/编译/测试
心跳断: 41847秒前 (3×stale=900s)
进度: {'current': 0, 'message': '[3/6 ✓] 写完 REPORT.md. heartbeat 改 5min, 继续设计 EA 稿', 'total': 0}
→ 子 agent 已冻结，等你拍板（重试/换思路/取消）
[21:43:56] PUSH [error] 🚨 任务升级到 escalate: t-20260612-093433-1ce224
角色: researcher 等级: L
目标: 长期任务: 联网学习 MT4/MT5 EA + 免费EA解析 + 设计/编译/测试
心跳断: 41907秒前 (3×stale=900s)
进度: {'current': 0, 'message': '[3/6 ✓] 写完 REPORT.md. heartbeat 改 5min, 继续设计 EA 稿', 'total': 0}
→ 子 agent 已冻结，等你拍板（重试/换思路/取消）
[21:44:57] PUSH [error] 🚨 任务升级到 escalate: t-20260612-093433-1ce224
角色: researcher 等级: L
目标: 长期任务: 联网学习 MT4/MT5 EA + 免费EA解析 + 设计/编译/测试
心跳断: 41967秒前 (3×stale=900s)
进度: {'current': 0, 'message': '[3/6 ✓] 写完 REPORT.md. heartbeat 改 5min, 继续设计 EA 稿', 'total': 0}
→ 子 agent 已冻结，等你拍板（重试/换思路/取消）
[21:45:57] PUSH [error] 🚨 任务升级到 escalate: t-20260612-093433-1ce224
角色: researcher 等级: L
目标: 长期任务: 联网学习 MT4/MT5 EA + 免费EA解析 + 设计/编译/测试
心跳断: 42028秒前 (3×stale=900s)
进度: {'current': 0, 'message': '[3/6 ✓] 写完 REPORT.md. heartbeat 改 5min, 继续设计 EA 稿', 'total': 0}
→ 子 agent 已冻结，等你拍板（重试/换思路/取消）
[21:46:57] PUSH [error] 🚨 任务升级到 escalate: t-20260612-093433-1ce224
角色: researcher 等级: L
目标: 长期任务: 联网学习 MT4/MT5 EA + 免费EA解析 + 设计/编译/测试
心跳断: 42088秒前 (3×stale=900s)
进度: {'current': 0, 'message': '[3/6 ✓] 写完 REPORT.md. heartbeat 改 5min, 继续设计 EA 稿', 'total': 0}
→ 子 agent 已冻结，等你拍板（重试/换思路/取消）
[21:47:57] PUSH [error] 🚨 任务升级到 escalate: t-20260612-093433-1ce224
角色: researcher 等级: L
目标: 长期任务: 联网学习 MT4/MT5 EA + 免费EA解析 + 设计/编译/测试
心跳断: 42148秒前 (3×stale=900s)
进度: {'current': 0, 'message': '[3/6 ✓] 写完 REPORT.md. heartbeat 改 5min, 继续设计 EA 稿', 'total': 0}
→ 子 agent 已冻结，等你拍板（重试/换思路/取消）
[21:48:57] PUSH [error] 🚨 任务升级到 escalate: t-20260612-093433-1ce224
角色: researcher 等级: L
目标: 长期任务: 联网学习 MT4/MT5 EA + 免费EA解析 + 设计/编译/测试
心跳断: 42208秒前 (3×stale=900s)
进度: {'current': 0, 'message': '[3/6 ✓] 写完 REPORT.md. heartbeat 改 5min, 继续设计 EA 稿', 'total': 0}
→ 子 agent 已冻结，等你拍板（重试/换思路/取消）
[21:49:57] PUSH [error] 🚨 任务升级到 escalate: t-20260612-093433-1ce224
角色: researcher 等级: L
目标: 长期任务: 联网学习 MT4/MT5 EA + 免费EA解析 + 设计/编译/测试
心跳断: 42268秒前 (3×stale=900s)
进度: {'current': 0, 'message': '[3/6 ✓] 写完 REPORT.md. heartbeat 改 5min, 继续设计 EA 稿', 'total': 0}
→ 子 agent 已冻结，等你拍板（重试/换思路/取消）
[21:50:57] PUSH [error] 🚨 任务升级到 escalate: t-20260612-093433-1ce224
角色: researcher 等级: L
目标: 长期任务: 联网学习 MT4/MT5 EA + 免费EA解析 + 设计/编译/测试
心跳断: 42328秒前 (3×stale=900s)
进度: {'current': 0, 'message': '[3/6 ✓] 写完 REPORT.md. heartbeat 改 5min, 继续设计 EA 稿', 'total': 0}
→ 子 agent 已冻结，等你拍板（重试/换思路/取消）
[21:51:57] PUSH [error] 🚨 任务升级到 escalate: t-20260612-093433-1ce224
角色: researcher 等级: L
目标: 长期任务: 联网学习 MT4/MT5 EA + 免费EA解析 + 设计/编译/测试
心跳断: 42388秒前 (3×stale=900s)
进度: {'current': 0, 'message': '[3/6 ✓] 写完 REPORT.md. heartbeat 改 5min, 继续设计 EA 稿', 'total': 0}
→ 子 agent 已冻结，等你拍板（重试/换思路/取消）
[21:52:57] PUSH [error] 🚨 任务升级到 escalate: t-20260612-093433-1ce224
角色: researcher 等级: L
目标: 长期任务: 联网学习 MT4/MT5 EA + 免费EA解析 + 设计/编译/测试
心跳断: 42448秒前 (3×stale=900s)
进度: {'current': 0, 'message': '[3/6 ✓] 写完 REPORT.md. heartbeat 改 5min, 继续设计 EA 稿', 'total': 0}
→ 子 agent 已冻结，等你拍板（重试/换思路/取消）
[21:53:57] PUSH [error] 🚨 任务升级到 escalate: t-20260612-093433-1ce224
角色: researcher 等级: L
目标: 长期任务: 联网学习 MT4/MT5 EA + 免费EA解析 + 设计/编译/测试
心跳断: 42508秒前 (3×stale=900s)
进度: {'current': 0, 'message': '[3/6 ✓] 写完 REPORT.md. heartbeat 改 5min, 继续设计 EA 稿', 'total': 0}
→ 子 agent 已冻结，等你拍板（重试/换思路/取消）
[21:54:57] PUSH [error] 🚨 任务升级到 escalate: t-20260612-093433-1ce224
角色: researcher 等级: L
目标: 长期任务: 联网学习 MT4/MT5 EA + 免费EA解析 + 设计/编译/测试
心跳断: 42568秒前 (3×stale=900s)
进度: {'current': 0, 'message': '[3/6 ✓] 写完 REPORT.md. heartbeat 改 5min, 继续设计 EA 稿', 'total': 0}
→ 子 agent 已冻结，等你拍板（重试/换思路/取消）
[21:55:57] PUSH [error] 🚨 任务升级到 escalate: t-20260612-093433-1ce224
角色: researcher 等级: L
目标: 长期任务: 联网学习 MT4/MT5 EA + 免费EA解析 + 设计/编译/测试
心跳断: 42628秒前 (3×stale=900s)
进度: {'current': 0, 'message': '[3/6 ✓] 写完 REPORT.md. heartbeat 改 5min, 继续设计 EA 稿', 'total': 0}
→ 子 agent 已冻结，等你拍板（重试/换思路/取消）
[21:56:57] PUSH [error] 🚨 任务升级到 escalate: t-20260612-093433-1ce224
角色: researcher 等级: L
目标: 长期任务: 联网学习 MT4/MT5 EA + 免费EA解析 + 设计/编译/测试
心跳断: 42688秒前 (3×stale=900s)
进度: {'current': 0, 'message': '[3/6 ✓] 写完 REPORT.md. heartbeat 改 5min, 继续设计 EA 稿', 'total': 0}
→ 子 agent 已冻结，等你拍板（重试/换思路/取消）
[21:57:57] PUSH [error] 🚨 任务升级到 escalate: t-20260612-093433-1ce224
角色: researcher 等级: L
目标: 长期任务: 联网学习 MT4/MT5 EA + 免费EA解析 + 设计/编译/测试
心跳断: 42748秒前 (3×stale=900s)
进度: {'current': 0, 'message': '[3/6 ✓] 写完 REPORT.md. heartbeat 改 5min, 继续设计 EA 稿', 'total': 0}
→ 子 agent 已冻结，等你拍板（重试/换思路/取消）
[21:58:57] PUSH [error] 🚨 任务升级到 escalate: t-20260612-093433-1ce224
角色: researcher 等级: L
目标: 长期任务: 联网学习 MT4/MT5 EA + 免费EA解析 + 设计/编译/测试
心跳断: 42808秒前 (3×stale=900s)
进度: {'current': 0, 'message': '[3/6 ✓] 写完 REPORT.md. heartbeat 改 5min, 继续设计 EA 稿', 'total': 0}
→ 子 agent 已冻结，等你拍板（重试/换思路/取消）
[21:59:57] PUSH [error] 🚨 任务升级到 escalate: t-20260612-093433-1ce224
角色: researcher 等级: L
目标: 长期任务: 联网学习 MT4/MT5 EA + 免费EA解析 + 设计/编译/测试
心跳断: 42868秒前 (3×stale=900s)
进度: {'current': 0, 'message': '[3/6 ✓] 写完 REPORT.md. heartbeat 改 5min, 继续设计 EA 稿', 'total': 0}
→ 子 agent 已冻结，等你拍板（重试/换思路/取消）
[22:00:57] PUSH [error] 🚨 任务升级到 escalate: t-20260612-093433-1ce224
角色: researcher 等级: L
目标: 长期任务: 联网学习 MT4/MT5 EA + 免费EA解析 + 设计/编译/测试
心跳断: 42928秒前 (3×stale=900s)
进度: {'current': 0, 'message': '[3/6 ✓] 写完 REPORT.md. heartbeat 改 5min, 继续设计 EA 稿', 'total': 0}
→ 子 agent 已冻结，等你拍板（重试/换思路/取消）
[22:01:57] PUSH [error] 🚨 任务升级到 escalate: t-20260612-093433-1ce224
角色: researcher 等级: L
目标: 长期任务: 联网学习 MT4/MT5 EA + 免费EA解析 + 设计/编译/测试
心跳断: 42988秒前 (3×stale=900s)
进度: {'current': 0, 'message': '[3/6 ✓] 写完 REPORT.md. heartbeat 改 5min, 继续设计 EA 稿', 'total': 0}
→ 子 agent 已冻结，等你拍板（重试/换思路/取消）
[22:02:57] PUSH [error] 🚨 任务升级到 escalate: t-20260612-093433-1ce224
角色: researcher 等级: L
目标: 长期任务: 联网学习 MT4/MT5 EA + 免费EA解析 + 设计/编译/测试
心跳断: 43048秒前 (3×stale=900s)
进度: {'current': 0, 'message': '[3/6 ✓] 写完 REPORT.md. heartbeat 改 5min, 继续设计 EA 稿', 'total': 0}
→ 子 agent 已冻结，等你拍板（重试/换思路/取消）
[22:03:57] PUSH [error] 🚨 任务升级到 escalate: t-20260612-093433-1ce224
角色: researcher 等级: L
目标: 长期任务: 联网学习 MT4/MT5 EA + 免费EA解析 + 设计/编译/测试
心跳断: 43108秒前 (3×stale=900s)
进度: {'current': 0, 'message': '[3/6 ✓] 写完 REPORT.md. heartbeat 改 5min, 继续设计 EA 稿', 'total': 0}
→ 子 agent 已冻结，等你拍板（重试/换思路/取消）
[22:04:57] PUSH [error] 🚨 任务升级到 escalate: t-20260612-093433-1ce224
角色: researcher 等级: L
目标: 长期任务: 联网学习 MT4/MT5 EA + 免费EA解析 + 设计/编译/测试
心跳断: 43168秒前 (3×stale=900s)
进度: {'current': 0, 'message': '[3/6 ✓] 写完 REPORT.md. heartbeat 改 5min, 继续设计 EA 稿', 'total': 0}
→ 子 agent 已冻结，等你拍板（重试/换思路/取消）
[22:05:57] PUSH [error] 🚨 任务升级到 escalate: t-20260612-093433-1ce224
角色: researcher 等级: L
目标: 长期任务: 联网学习 MT4/MT5 EA + 免费EA解析 + 设计/编译/测试
心跳断: 43228秒前 (3×stale=900s)
进度: {'current': 0, 'message': '[3/6 ✓] 写完 REPORT.md. heartbeat 改 5min, 继续设计 EA 稿', 'total': 0}
→ 子 agent 已冻结，等你拍板（重试/换思路/取消）
[22:06:57] PUSH [error] 🚨 任务升级到 escalate: t-20260612-093433-1ce224
角色: researcher 等级: L
目标: 长期任务: 联网学习 MT4/MT5 EA + 免费EA解析 + 设计/编译/测试
心跳断: 43288秒前 (3×stale=900s)
进度: {'current': 0, 'message': '[3/6 ✓] 写完 REPORT.md. heartbeat 改 5min, 继续设计 EA 稿', 'total': 0}
→ 子 agent 已冻结，等你拍板（重试/换思路/取消）
[22:07:57] PUSH [error] 🚨 任务升级到 escalate: t-20260612-093433-1ce224
角色: researcher 等级: L
目标: 长期任务: 联网学习 MT4/MT5 EA + 免费EA解析 + 设计/编译/测试
心跳断: 43348秒前 (3×stale=900s)
进度: {'current': 0, 'message': '[3/6 ✓] 写完 REPORT.md. heartbeat 改 5min, 继续设计 EA 稿', 'total': 0}
→ 子 agent 已冻结，等你拍板（重试/换思路/取消）
[22:08:57] PUSH [error] 🚨 任务升级到 escalate: t-20260612-093433-1ce224
角色: researcher 等级: L
目标: 长期任务: 联网学习 MT4/MT5 EA + 免费EA解析 + 设计/编译/测试
心跳断: 43408秒前 (3×stale=900s)
进度: {'current': 0, 'message': '[3/6 ✓] 写完 REPORT.md. heartbeat 改 5min, 继续设计 EA 稿', 'total': 0}
→ 子 agent 已冻结，等你拍板（重试/换思路/取消）
[22:09:57] PUSH [error] 🚨 任务升级到 escalate: t-20260612-093433-1ce224
角色: researcher 等级: L
目标: 长期任务: 联网学习 MT4/MT5 EA + 免费EA解析 + 设计/编译/测试
心跳断: 43468秒前 (3×stale=900s)
进度: {'current': 0, 'message': '[3/6 ✓] 写完 REPORT.md. heartbeat 改 5min, 继续设计 EA 稿', 'total': 0}
→ 子 agent 已冻结，等你拍板（重试/换思路/取消）
[22:10:57] PUSH [error] 🚨 任务升级到 escalate: t-20260612-093433-1ce224
角色: researcher 等级: L
目标: 长期任务: 联网学习 MT4/MT5 EA + 免费EA解析 + 设计/编译/测试
心跳断: 43528秒前 (3×stale=900s)
进度: {'current': 0, 'message': '[3/6 ✓] 写完 REPORT.md. heartbeat 改 5min, 继续设计 EA 稿', 'total': 0}
→ 子 agent 已冻结，等你拍板（重试/换思路/取消）
[22:11:57] PUSH [error] 🚨 任务升级到 escalate: t-20260612-093433-1ce224
角色: researcher 等级: L
目标: 长期任务: 联网学习 MT4/MT5 EA + 免费EA解析 + 设计/编译/测试
心跳断: 43588秒前 (3×stale=900s)
进度: {'current': 0, 'message': '[3/6 ✓] 写完 REPORT.md. heartbeat 改 5min, 继续设计 EA 稿', 'total': 0}
→ 子 agent 已冻结，等你拍板（重试/换思路/取消）
[22:12:57] PUSH [error] 🚨 任务升级到 escalate: t-20260612-093433-1ce224
角色: researcher 等级: L
目标: 长期任务: 联网学习 MT4/MT5 EA + 免费EA解析 + 设计/编译/测试
心跳断: 43648秒前 (3×stale=900s)
进度: {'current': 0, 'message': '[3/6 ✓] 写完 REPORT.md. heartbeat 改 5min, 继续设计 EA 稿', 'total': 0}
→ 子 agent 已冻结，等你拍板（重试/换思路/取消）
[22:13:57] PUSH [error] 🚨 任务升级到 escalate: t-20260612-093433-1ce224
角色: researcher 等级: L
目标: 长期任务: 联网学习 MT4/MT5 EA + 免费EA解析 + 设计/编译/测试
心跳断: 43708秒前 (3×stale=900s)
进度: {'current': 0, 'message': '[3/6 ✓] 写完 REPORT.md. heartbeat 改 5min, 继续设计 EA 稿', 'total': 0}
→ 子 agent 已冻结，等你拍板（重试/换思路/取消）
[22:14:57] PUSH [error] 🚨 任务升级到 escalate: t-20260612-093433-1ce224
角色: researcher 等级: L
目标: 长期任务: 联网学习 MT4/MT5 EA + 免费EA解析 + 设计/编译/测试
心跳断: 43768秒前 (3×stale=900s)
进度: {'current': 0, 'message': '[3/6 ✓] 写完 REPORT.md. heartbeat 改 5min, 继续设计 EA 稿', 'total': 0}
→ 子 agent 已冻结，等你拍板（重试/换思路/取消）
[22:15:57] PUSH [error] 🚨 任务升级到 escalate: t-20260612-093433-1ce224
角色: researcher 等级: L
目标: 长期任务: 联网学习 MT4/MT5 EA + 免费EA解析 + 设计/编译/测试
心跳断: 43828秒前 (3×stale=900s)
进度: {'current': 0, 'message': '[3/6 ✓] 写完 REPORT.md. heartbeat 改 5min, 继续设计 EA 稿', 'total': 0}
→ 子 agent 已冻结，等你拍板（重试/换思路/取消）
[22:16:57] PUSH [error] 🚨 任务升级到 escalate: t-20260612-093433-1ce224
角色: researcher 等级: L
目标: 长期任务: 联网学习 MT4/MT5 EA + 免费EA解析 + 设计/编译/测试
心跳断: 43888秒前 (3×stale=900s)
进度: {'current': 0, 'message': '[3/6 ✓] 写完 REPORT.md. heartbeat 改 5min, 继续设计 EA 稿', 'total': 0}
→ 子 agent 已冻结，等你拍板（重试/换思路/取消）
[22:17:57] PUSH [error] 🚨 任务升级到 escalate: t-20260612-093433-1ce224
角色: researcher 等级: L
目标: 长期任务: 联网学习 MT4/MT5 EA + 免费EA解析 + 设计/编译/测试
心跳断: 43948秒前 (3×stale=900s)
进度: {'current': 0, 'message': '[3/6 ✓] 写完 REPORT.md. heartbeat 改 5min, 继续设计 EA 稿', 'total': 0}
→ 子 agent 已冻结，等你拍板（重试/换思路/取消）
[22:18:57] PUSH [error] 🚨 任务升级到 escalate: t-20260612-093433-1ce224
角色: researcher 等级: L
目标: 长期任务: 联网学习 MT4/MT5 EA + 免费EA解析 + 设计/编译/测试
心跳断: 44008秒前 (3×stale=900s)
进度: {'current': 0, 'message': '[3/6 ✓] 写完 REPORT.md. heartbeat 改 5min, 继续设计 EA 稿', 'total': 0}
→ 子 agent 已冻结，等你拍板（重试/换思路/取消）
[22:19:57] PUSH [error] 🚨 任务升级到 escalate: t-20260612-093433-1ce224
角色: researcher 等级: L
目标: 长期任务: 联网学习 MT4/MT5 EA + 免费EA解析 + 设计/编译/测试
心跳断: 44068秒前 (3×stale=900s)
进度: {'current': 0, 'message': '[3/6 ✓] 写完 REPORT.md. heartbeat 改 5min, 继续设计 EA 稿', 'total': 0}
→ 子 agent 已冻结，等你拍板（重试/换思路/取消）
[22:20:57] PUSH [error] 🚨 任务升级到 escalate: t-20260612-093433-1ce224
角色: researcher 等级: L
目标: 长期任务: 联网学习 MT4/MT5 EA + 免费EA解析 + 设计/编译/测试
心跳断: 44128秒前 (3×stale=900s)
进度: {'current': 0, 'message': '[3/6 ✓] 写完 REPORT.md. heartbeat 改 5min, 继续设计 EA 稿', 'total': 0}
→ 子 agent 已冻结，等你拍板（重试/换思路/取消）
[22:21:57] PUSH [error] 🚨 任务升级到 escalate: t-20260612-093433-1ce224
角色: researcher 等级: L
目标: 长期任务: 联网学习 MT4/MT5 EA + 免费EA解析 + 设计/编译/测试
心跳断: 44188秒前 (3×stale=900s)
进度: {'current': 0, 'message': '[3/6 ✓] 写完 REPORT.md. heartbeat 改 5min, 继续设计 EA 稿', 'total': 0}
→ 子 agent 已冻结，等你拍板（重试/换思路/取消）
[22:22:57] PUSH [error] 🚨 任务升级到 escalate: t-20260612-093433-1ce224
角色: researcher 等级: L
目标: 长期任务: 联网学习 MT4/MT5 EA + 免费EA解析 + 设计/编译/测试
心跳断: 44248秒前 (3×stale=900s)
进度: {'current': 0, 'message': '[3/6 ✓] 写完 REPORT.md. heartbeat 改 5min, 继续设计 EA 稿', 'total': 0}
→ 子 agent 已冻结，等你拍板（重试/换思路/取消）
[22:23:57] PUSH [error] 🚨 任务升级到 escalate: t-20260612-093433-1ce224
角色: researcher 等级: L
目标: 长期任务: 联网学习 MT4/MT5 EA + 免费EA解析 + 设计/编译/测试
心跳断: 44308秒前 (3×stale=900s)
进度: {'current': 0, 'message': '[3/6 ✓] 写完 REPORT.md. heartbeat 改 5min, 继续设计 EA 稿', 'total': 0}
→ 子 agent 已冻结，等你拍板（重试/换思路/取消）
[22:24:57] PUSH [error] 🚨 任务升级到 escalate: t-20260612-093433-1ce224
角色: researcher 等级: L
目标: 长期任务: 联网学习 MT4/MT5 EA + 免费EA解析 + 设计/编译/测试
心跳断: 44368秒前 (3×stale=900s)
进度: {'current': 0, 'message': '[3/6 ✓] 写完 REPORT.md. heartbeat 改 5min, 继续设计 EA 稿', 'total': 0}
→ 子 agent 已冻结，等你拍板（重试/换思路/取消）
[22:25:57] PUSH [error] 🚨 任务升级到 escalate: t-20260612-093433-1ce224
角色: researcher 等级: L
目标: 长期任务: 联网学习 MT4/MT5 EA + 免费EA解析 + 设计/编译/测试
心跳断: 44428秒前 (3×stale=900s)
进度: {'current': 0, 'message': '[3/6 ✓] 写完 REPORT.md. heartbeat 改 5min, 继续设计 EA 稿', 'total': 0}
→ 子 agent 已冻结，等你拍板（重试/换思路/取消）
[22:26:58] PUSH [error] 🚨 任务升级到 escalate: t-20260612-093433-1ce224
角色: researcher 等级: L
目标: 长期任务: 联网学习 MT4/MT5 EA + 免费EA解析 + 设计/编译/测试
心跳断: 44488秒前 (3×stale=900s)
进度: {'current': 0, 'message': '[3/6 ✓] 写完 REPORT.md. heartbeat 改 5min, 继续设计 EA 稿', 'total': 0}
→ 子 agent 已冻结，等你拍板（重试/换思路/取消）
[22:27:58] PUSH [error] 🚨 任务升级到 escalate: t-20260612-093433-1ce224
角色: researcher 等级: L
目标: 长期任务: 联网学习 MT4/MT5 EA + 免费EA解析 + 设计/编译/测试
心跳断: 44549秒前 (3×stale=900s)
进度: {'current': 0, 'message': '[3/6 ✓] 写完 REPORT.md. heartbeat 改 5min, 继续设计 EA 稿', 'total': 0}
→ 子 agent 已冻结，等你拍板（重试/换思路/取消）
[22:28:58] PUSH [error] 🚨 任务升级到 escalate: t-20260612-093433-1ce224
角色: researcher 等级: L
目标: 长期任务: 联网学习 MT4/MT5 EA + 免费EA解析 + 设计/编译/测试
心跳断: 44609秒前 (3×stale=900s)
进度: {'current': 0, 'message': '[3/6 ✓] 写完 REPORT.md. heartbeat 改 5min, 继续设计 EA 稿', 'total': 0}
→ 子 agent 已冻结，等你拍板（重试/换思路/取消）
[22:29:58] PUSH [error] 🚨 任务升级到 escalate: t-20260612-093433-1ce224
角色: researcher 等级: L
目标: 长期任务: 联网学习 MT4/MT5 EA + 免费EA解析 + 设计/编译/测试
心跳断: 44669秒前 (3×stale=900s)
进度: {'current': 0, 'message': '[3/6 ✓] 写完 REPORT.md. heartbeat 改 5min, 继续设计 EA 稿', 'total': 0}
→ 子 agent 已冻结，等你拍板（重试/换思路/取消）
[22:30:58] PUSH [error] 🚨 任务升级到 escalate: t-20260612-093433-1ce224
角色: researcher 等级: L
目标: 长期任务: 联网学习 MT4/MT5 EA + 免费EA解析 + 设计/编译/测试
心跳断: 44729秒前 (3×stale=900s)
进度: {'current': 0, 'message': '[3/6 ✓] 写完 REPORT.md. heartbeat 改 5min, 继续设计 EA 稿', 'total': 0}
→ 子 agent 已冻结，等你拍板（重试/换思路/取消）
[22:31:58] PUSH [error] 🚨 任务升级到 escalate: t-20260612-093433-1ce224
角色: researcher 等级: L
目标: 长期任务: 联网学习 MT4/MT5 EA + 免费EA解析 + 设计/编译/测试
心跳断: 44789秒前 (3×stale=900s)
进度: {'current': 0, 'message': '[3/6 ✓] 写完 REPORT.md. heartbeat 改 5min, 继续设计 EA 稿', 'total': 0}
→ 子 agent 已冻结，等你拍板（重试/换思路/取消）
[22:32:58] PUSH [error] 🚨 任务升级到 escalate: t-20260612-093433-1ce224
角色: researcher 等级: L
目标: 长期任务: 联网学习 MT4/MT5 EA + 免费EA解析 + 设计/编译/测试
心跳断: 44849秒前 (3×stale=900s)
进度: {'current': 0, 'message': '[3/6 ✓] 写完 REPORT.md. heartbeat 改 5min, 继续设计 EA 稿', 'total': 0}
→ 子 agent 已冻结，等你拍板（重试/换思路/取消）
[22:33:58] PUSH [error] 🚨 任务升级到 escalate: t-20260612-093433-1ce224
角色: researcher 等级: L
目标: 长期任务: 联网学习 MT4/MT5 EA + 免费EA解析 + 设计/编译/测试
心跳断: 44909秒前 (3×stale=900s)
进度: {'current': 0, 'message': '[3/6 ✓] 写完 REPORT.md. heartbeat 改 5min, 继续设计 EA 稿', 'total': 0}
→ 子 agent 已冻结，等你拍板（重试/换思路/取消）
[22:34:58] PUSH [error] 🚨 任务升级到 escalate: t-20260612-093433-1ce224
角色: researcher 等级: L
目标: 长期任务: 联网学习 MT4/MT5 EA + 免费EA解析 + 设计/编译/测试
心跳断: 44969秒前 (3×stale=900s)
进度: {'current': 0, 'message': '[3/6 ✓] 写完 REPORT.md. heartbeat 改 5min, 继续设计 EA 稿', 'total': 0}
→ 子 agent 已冻结，等你拍板（重试/换思路/取消）
[22:35:58] PUSH [error] 🚨 任务升级到 escalate: t-20260612-093433-1ce224
角色: researcher 等级: L
目标: 长期任务: 联网学习 MT4/MT5 EA + 免费EA解析 + 设计/编译/测试
心跳断: 45029秒前 (3×stale=900s)
进度: {'current': 0, 'message': '[3/6 ✓] 写完 REPORT.md. heartbeat 改 5min, 继续设计 EA 稿', 'total': 0}
→ 子 agent 已冻结，等你拍板（重试/换思路/取消）
[22:36:58] PUSH [error] 🚨 任务升级到 escalate: t-20260612-093433-1ce224
角色: researcher 等级: L
目标: 长期任务: 联网学习 MT4/MT5 EA + 免费EA解析 + 设计/编译/测试
心跳断: 45089秒前 (3×stale=900s)
进度: {'current': 0, 'message': '[3/6 ✓] 写完 REPORT.md. heartbeat 改 5min, 继续设计 EA 稿', 'total': 0}
→ 子 agent 已冻结，等你拍板（重试/换思路/取消）
[22:37:58] PUSH [error] 🚨 任务升级到 escalate: t-20260612-093433-1ce224
角色: researcher 等级: L
目标: 长期任务: 联网学习 MT4/MT5 EA + 免费EA解析 + 设计/编译/测试
心跳断: 45149秒前 (3×stale=900s)
进度: {'current': 0, 'message': '[3/6 ✓] 写完 REPORT.md. heartbeat 改 5min, 继续设计 EA 稿', 'total': 0}
→ 子 agent 已冻结，等你拍板（重试/换思路/取消）
[22:38:58] PUSH [error] 🚨 任务升级到 escalate: t-20260612-093433-1ce224
角色: researcher 等级: L
目标: 长期任务: 联网学习 MT4/MT5 EA + 免费EA解析 + 设计/编译/测试
心跳断: 45209秒前 (3×stale=900s)
进度: {'current': 0, 'message': '[3/6 ✓] 写完 REPORT.md. heartbeat 改 5min, 继续设计 EA 稿', 'total': 0}
→ 子 agent 已冻结，等你拍板（重试/换思路/取消）
[22:39:58] PUSH [error] 🚨 任务升级到 escalate: t-20260612-093433-1ce224
角色: researcher 等级: L
目标: 长期任务: 联网学习 MT4/MT5 EA + 免费EA解析 + 设计/编译/测试
心跳断: 45269秒前 (3×stale=900s)
进度: {'current': 0, 'message': '[3/6 ✓] 写完 REPORT.md. heartbeat 改 5min, 继续设计 EA 稿', 'total': 0}
→ 子 agent 已冻结，等你拍板（重试/换思路/取消）
[22:40:58] PUSH [error] 🚨 任务升级到 escalate: t-20260612-093433-1ce224
角色: researcher 等级: L
目标: 长期任务: 联网学习 MT4/MT5 EA + 免费EA解析 + 设计/编译/测试
心跳断: 45329秒前 (3×stale=900s)
进度: {'current': 0, 'message': '[3/6 ✓] 写完 REPORT.md. heartbeat 改 5min, 继续设计 EA 稿', 'total': 0}
→ 子 agent 已冻结，等你拍板（重试/换思路/取消）
[22:41:58] PUSH [error] 🚨 任务升级到 escalate: t-20260612-093433-1ce224
角色: researcher 等级: L
目标: 长期任务: 联网学习 MT4/MT5 EA + 免费EA解析 + 设计/编译/测试
心跳断: 45389秒前 (3×stale=900s)
进度: {'current': 0, 'message': '[3/6 ✓] 写完 REPORT.md. heartbeat 改 5min, 继续设计 EA 稿', 'total': 0}
→ 子 agent 已冻结，等你拍板（重试/换思路/取消）
[22:42:58] PUSH [error] 🚨 任务升级到 escalate: t-20260612-093433-1ce224
角色: researcher 等级: L
目标: 长期任务: 联网学习 MT4/MT5 EA + 免费EA解析 + 设计/编译/测试
心跳断: 45449秒前 (3×stale=900s)
进度: {'current': 0, 'message': '[3/6 ✓] 写完 REPORT.md. heartbeat 改 5min, 继续设计 EA 稿', 'total': 0}
→ 子 agent 已冻结，等你拍板（重试/换思路/取消）
[22:43:58] PUSH [error] 🚨 任务升级到 escalate: t-20260612-093433-1ce224
角色: researcher 等级: L
目标: 长期任务: 联网学习 MT4/MT5 EA + 免费EA解析 + 设计/编译/测试
心跳断: 45509秒前 (3×stale=900s)
进度: {'current': 0, 'message': '[3/6 ✓] 写完 REPORT.md. heartbeat 改 5min, 继续设计 EA 稿', 'total': 0}
→ 子 agent 已冻结，等你拍板（重试/换思路/取消）
[22:44:58] PUSH [error] 🚨 任务升级到 escalate: t-20260612-093433-1ce224
角色: researcher 等级: L
目标: 长期任务: 联网学习 MT4/MT5 EA + 免费EA解析 + 设计/编译/测试
心跳断: 45569秒前 (3×stale=900s)
进度: {'current': 0, 'message': '[3/6 ✓] 写完 REPORT.md. heartbeat 改 5min, 继续设计 EA 稿', 'total': 0}
→ 子 agent 已冻结，等你拍板（重试/换思路/取消）
[22:45:58] PUSH [error] 🚨 任务升级到 escalate: t-20260612-093433-1ce224
角色: researcher 等级: L
目标: 长期任务: 联网学习 MT4/MT5 EA + 免费EA解析 + 设计/编译/测试
心跳断: 45629秒前 (3×stale=900s)
进度: {'current': 0, 'message': '[3/6 ✓] 写完 REPORT.md. heartbeat 改 5min, 继续设计 EA 稿', 'total': 0}
→ 子 agent 已冻结，等你拍板（重试/换思路/取消）
[22:46:58] PUSH [error] 🚨 任务升级到 escalate: t-20260612-093433-1ce224
角色: researcher 等级: L
目标: 长期任务: 联网学习 MT4/MT5 EA + 免费EA解析 + 设计/编译/测试
心跳断: 45689秒前 (3×stale=900s)
进度: {'current': 0, 'message': '[3/6 ✓] 写完 REPORT.md. heartbeat 改 5min, 继续设计 EA 稿', 'total': 0}
→ 子 agent 已冻结，等你拍板（重试/换思路/取消）
[22:47:58] PUSH [error] 🚨 任务升级到 escalate: t-20260612-093433-1ce224
角色: researcher 等级: L
目标: 长期任务: 联网学习 MT4/MT5 EA + 免费EA解析 + 设计/编译/测试
心跳断: 45749秒前 (3×stale=900s)
进度: {'current': 0, 'message': '[3/6 ✓] 写完 REPORT.md. heartbeat 改 5min, 继续设计 EA 稿', 'total': 0}
→ 子 agent 已冻结，等你拍板（重试/换思路/取消）
[22:48:58] PUSH [error] 🚨 任务升级到 escalate: t-20260612-093433-1ce224
角色: researcher 等级: L
目标: 长期任务: 联网学习 MT4/MT5 EA + 免费EA解析 + 设计/编译/测试
心跳断: 45809秒前 (3×stale=900s)
进度: {'current': 0, 'message': '[3/6 ✓] 写完 REPORT.md. heartbeat 改 5min, 继续设计 EA 稿', 'total': 0}
→ 子 agent 已冻结，等你拍板（重试/换思路/取消）
[22:49:58] PUSH [error] 🚨 任务升级到 escalate: t-20260612-093433-1ce224
角色: researcher 等级: L
目标: 长期任务: 联网学习 MT4/MT5 EA + 免费EA解析 + 设计/编译/测试
心跳断: 45869秒前 (3×stale=900s)
进度: {'current': 0, 'message': '[3/6 ✓] 写完 REPORT.md. heartbeat 改 5min, 继续设计 EA 稿', 'total': 0}
→ 子 agent 已冻结，等你拍板（重试/换思路/取消）
[22:50:58] PUSH [error] 🚨 任务升级到 escalate: t-20260612-093433-1ce224
角色: researcher 等级: L
目标: 长期任务: 联网学习 MT4/MT5 EA + 免费EA解析 + 设计/编译/测试
心跳断: 45929秒前 (3×stale=900s)
进度: {'current': 0, 'message': '[3/6 ✓] 写完 REPORT.md. heartbeat 改 5min, 继续设计 EA 稿', 'total': 0}
→ 子 agent 已冻结，等你拍板（重试/换思路/取消）
[22:51:58] PUSH [error] 🚨 任务升级到 escalate: t-20260612-093433-1ce224
角色: researcher 等级: L
目标: 长期任务: 联网学习 MT4/MT5 EA + 免费EA解析 + 设计/编译/测试
心跳断: 45989秒前 (3×stale=900s)
进度: {'current': 0, 'message': '[3/6 ✓] 写完 REPORT.md. heartbeat 改 5min, 继续设计 EA 稿', 'total': 0}
→ 子 agent 已冻结，等你拍板（重试/换思路/取消）
[22:52:58] PUSH [error] 🚨 任务升级到 escalate: t-20260612-093433-1ce224
角色: researcher 等级: L
目标: 长期任务: 联网学习 MT4/MT5 EA + 免费EA解析 + 设计/编译/测试
心跳断: 46049秒前 (3×stale=900s)
进度: {'current': 0, 'message': '[3/6 ✓] 写完 REPORT.md. heartbeat 改 5min, 继续设计 EA 稿', 'total': 0}
→ 子 agent 已冻结，等你拍板（重试/换思路/取消）
[22:53:58] PUSH [error] 🚨 任务升级到 escalate: t-20260612-093433-1ce224
角色: researcher 等级: L
目标: 长期任务: 联网学习 MT4/MT5 EA + 免费EA解析 + 设计/编译/测试
心跳断: 46109秒前 (3×stale=900s)
进度: {'current': 0, 'message': '[3/6 ✓] 写完 REPORT.md. heartbeat 改 5min, 继续设计 EA 稿', 'total': 0}
→ 子 agent 已冻结，等你拍板（重试/换思路/取消）
[22:54:58] PUSH [error] 🚨 任务升级到 escalate: t-20260612-093433-1ce224
角色: researcher 等级: L
目标: 长期任务: 联网学习 MT4/MT5 EA + 免费EA解析 + 设计/编译/测试
心跳断: 46169秒前 (3×stale=900s)
进度: {'current': 0, 'message': '[3/6 ✓] 写完 REPORT.md. heartbeat 改 5min, 继续设计 EA 稿', 'total': 0}
→ 子 agent 已冻结，等你拍板（重试/换思路/取消）
[22:55:58] PUSH [error] 🚨 任务升级到 escalate: t-20260612-093433-1ce224
角色: researcher 等级: L
目标: 长期任务: 联网学习 MT4/MT5 EA + 免费EA解析 + 设计/编译/测试
心跳断: 46229秒前 (3×stale=900s)
进度: {'current': 0, 'message': '[3/6 ✓] 写完 REPORT.md. heartbeat 改 5min, 继续设计 EA 稿', 'total': 0}
→ 子 agent 已冻结，等你拍板（重试/换思路/取消）
[22:56:58] PUSH [error] 🚨 任务升级到 escalate: t-20260612-093433-1ce224
角色: researcher 等级: L
目标: 长期任务: 联网学习 MT4/MT5 EA + 免费EA解析 + 设计/编译/测试
心跳断: 46289秒前 (3×stale=900s)
进度: {'current': 0, 'message': '[3/6 ✓] 写完 REPORT.md. heartbeat 改 5min, 继续设计 EA 稿', 'total': 0}
→ 子 agent 已冻结，等你拍板（重试/换思路/取消）
[22:57:58] PUSH [error] 🚨 任务升级到 escalate: t-20260612-093433-1ce224
角色: researcher 等级: L
目标: 长期任务: 联网学习 MT4/MT5 EA + 免费EA解析 + 设计/编译/测试
心跳断: 46349秒前 (3×stale=900s)
进度: {'current': 0, 'message': '[3/6 ✓] 写完 REPORT.md. heartbeat 改 5min, 继续设计 EA 稿', 'total': 0}
→ 子 agent 已冻结，等你拍板（重试/换思路/取消）
[22:58:58] PUSH [error] 🚨 任务升级到 escalate: t-20260612-093433-1ce224
角色: researcher 等级: L
目标: 长期任务: 联网学习 MT4/MT5 EA + 免费EA解析 + 设计/编译/测试
心跳断: 46409秒前 (3×stale=900s)
进度: {'current': 0, 'message': '[3/6 ✓] 写完 REPORT.md. heartbeat 改 5min, 继续设计 EA 稿', 'total': 0}
→ 子 agent 已冻结，等你拍板（重试/换思路/取消）
[22:59:58] PUSH [error] 🚨 任务升级到 escalate: t-20260612-093433-1ce224
角色: researcher 等级: L
目标: 长期任务: 联网学习 MT4/MT5 EA + 免费EA解析 + 设计/编译/测试
心跳断: 46469秒前 (3×stale=900s)
进度: {'current': 0, 'message': '[3/6 ✓] 写完 REPORT.md. heartbeat 改 5min, 继续设计 EA 稿', 'total': 0}
→ 子 agent 已冻结，等你拍板（重试/换思路/取消）
[23:00:58] PUSH [error] 🚨 任务升级到 escalate: t-20260612-093433-1ce224
角色: researcher 等级: L
目标: 长期任务: 联网学习 MT4/MT5 EA + 免费EA解析 + 设计/编译/测试
心跳断: 46529秒前 (3×stale=900s)
进度: {'current': 0, 'message': '[3/6 ✓] 写完 REPORT.md. heartbeat 改 5min, 继续设计 EA 稿', 'total': 0}
→ 子 agent 已冻结，等你拍板（重试/换思路/取消）
[23:01:58] PUSH [error] 🚨 任务升级到 escalate: t-20260612-093433-1ce224
角色: researcher 等级: L
目标: 长期任务: 联网学习 MT4/MT5 EA + 免费EA解析 + 设计/编译/测试
心跳断: 46589秒前 (3×stale=900s)
进度: {'current': 0, 'message': '[3/6 ✓] 写完 REPORT.md. heartbeat 改 5min, 继续设计 EA 稿', 'total': 0}
→ 子 agent 已冻结，等你拍板（重试/换思路/取消）
[23:02:58] PUSH [error] 🚨 任务升级到 escalate: t-20260612-093433-1ce224
角色: researcher 等级: L
目标: 长期任务: 联网学习 MT4/MT5 EA + 免费EA解析 + 设计/编译/测试
心跳断: 46649秒前 (3×stale=900s)
进度: {'current': 0, 'message': '[3/6 ✓] 写完 REPORT.md. heartbeat 改 5min, 继续设计 EA 稿', 'total': 0}
→ 子 agent 已冻结，等你拍板（重试/换思路/取消）
[23:03:58] PUSH [error] 🚨 任务升级到 escalate: t-20260612-093433-1ce224
角色: researcher 等级: L
目标: 长期任务: 联网学习 MT4/MT5 EA + 免费EA解析 + 设计/编译/测试
心跳断: 46709秒前 (3×stale=900s)
进度: {'current': 0, 'message': '[3/6 ✓] 写完 REPORT.md. heartbeat 改 5min, 继续设计 EA 稿', 'total': 0}
→ 子 agent 已冻结，等你拍板（重试/换思路/取消）
[23:04:58] PUSH [error] 🚨 任务升级到 escalate: t-20260612-093433-1ce224
角色: researcher 等级: L
目标: 长期任务: 联网学习 MT4/MT5 EA + 免费EA解析 + 设计/编译/测试
心跳断: 46769秒前 (3×stale=900s)
进度: {'current': 0, 'message': '[3/6 ✓] 写完 REPORT.md. heartbeat 改 5min, 继续设计 EA 稿', 'total': 0}
→ 子 agent 已冻结，等你拍板（重试/换思路/取消）
[23:05:58] PUSH [error] 🚨 任务升级到 escalate: t-20260612-093433-1ce224
角色: researcher 等级: L
目标: 长期任务: 联网学习 MT4/MT5 EA + 免费EA解析 + 设计/编译/测试
心跳断: 46829秒前 (3×stale=900s)
进度: {'current': 0, 'message': '[3/6 ✓] 写完 REPORT.md. heartbeat 改 5min, 继续设计 EA 稿', 'total': 0}
→ 子 agent 已冻结，等你拍板（重试/换思路/取消）
[23:06:58] PUSH [error] 🚨 任务升级到 escalate: t-20260612-093433-1ce224
角色: researcher 等级: L
目标: 长期任务: 联网学习 MT4/MT5 EA + 免费EA解析 + 设计/编译/测试
心跳断: 46889秒前 (3×stale=900s)
进度: {'current': 0, 'message': '[3/6 ✓] 写完 REPORT.md. heartbeat 改 5min, 继续设计 EA 稿', 'total': 0}
→ 子 agent 已冻结，等你拍板（重试/换思路/取消）
[23:07:58] PUSH [error] 🚨 任务升级到 escalate: t-20260612-093433-1ce224
角色: researcher 等级: L
目标: 长期任务: 联网学习 MT4/MT5 EA + 免费EA解析 + 设计/编译/测试
心跳断: 46949秒前 (3×stale=900s)
进度: {'current': 0, 'message': '[3/6 ✓] 写完 REPORT.md. heartbeat 改 5min, 继续设计 EA 稿', 'total': 0}
→ 子 agent 已冻结，等你拍板（重试/换思路/取消）
[23:08:58] PUSH [error] 🚨 任务升级到 escalate: t-20260612-093433-1ce224
角色: researcher 等级: L
目标: 长期任务: 联网学习 MT4/MT5 EA + 免费EA解析 + 设计/编译/测试
心跳断: 47009秒前 (3×stale=900s)
进度: {'current': 0, 'message': '[3/6 ✓] 写完 REPORT.md. heartbeat 改 5min, 继续设计 EA 稿', 'total': 0}
→ 子 agent 已冻结，等你拍板（重试/换思路/取消）
[23:09:58] PUSH [error] 🚨 任务升级到 escalate: t-20260612-093433-1ce224
角色: researcher 等级: L
目标: 长期任务: 联网学习 MT4/MT5 EA + 免费EA解析 + 设计/编译/测试
心跳断: 47069秒前 (3×stale=900s)
进度: {'current': 0, 'message': '[3/6 ✓] 写完 REPORT.md. heartbeat 改 5min, 继续设计 EA 稿', 'total': 0}
→ 子 agent 已冻结，等你拍板（重试/换思路/取消）
[23:10:59] PUSH [error] 🚨 任务升级到 escalate: t-20260612-093433-1ce224
角色: researcher 等级: L
目标: 长期任务: 联网学习 MT4/MT5 EA + 免费EA解析 + 设计/编译/测试
心跳断: 47129秒前 (3×stale=900s)
进度: {'current': 0, 'message': '[3/6 ✓] 写完 REPORT.md. heartbeat 改 5min, 继续设计 EA 稿', 'total': 0}
→ 子 agent 已冻结，等你拍板（重试/换思路/取消）
[23:11:59] PUSH [error] 🚨 任务升级到 escalate: t-20260612-093433-1ce224
角色: researcher 等级: L
目标: 长期任务: 联网学习 MT4/MT5 EA + 免费EA解析 + 设计/编译/测试
心跳断: 47190秒前 (3×stale=900s)
进度: {'current': 0, 'message': '[3/6 ✓] 写完 REPORT.md. heartbeat 改 5min, 继续设计 EA 稿', 'total': 0}
→ 子 agent 已冻结，等你拍板（重试/换思路/取消）
[23:12:59] PUSH [error] 🚨 任务升级到 escalate: t-20260612-093433-1ce224
角色: researcher 等级: L
目标: 长期任务: 联网学习 MT4/MT5 EA + 免费EA解析 + 设计/编译/测试
心跳断: 47250秒前 (3×stale=900s)
进度: {'current': 0, 'message': '[3/6 ✓] 写完 REPORT.md. heartbeat 改 5min, 继续设计 EA 稿', 'total': 0}
→ 子 agent 已冻结，等你拍板（重试/换思路/取消）
[23:13:59] PUSH [error] 🚨 任务升级到 escalate: t-20260612-093433-1ce224
角色: researcher 等级: L
目标: 长期任务: 联网学习 MT4/MT5 EA + 免费EA解析 + 设计/编译/测试
心跳断: 47310秒前 (3×stale=900s)
进度: {'current': 0, 'message': '[3/6 ✓] 写完 REPORT.md. heartbeat 改 5min, 继续设计 EA 稿', 'total': 0}
→ 子 agent 已冻结，等你拍板（重试/换思路/取消）
[23:14:59] PUSH [error] 🚨 任务升级到 escalate: t-20260612-093433-1ce224
角色: researcher 等级: L
目标: 长期任务: 联网学习 MT4/MT5 EA + 免费EA解析 + 设计/编译/测试
心跳断: 47370秒前 (3×stale=900s)
进度: {'current': 0, 'message': '[3/6 ✓] 写完 REPORT.md. heartbeat 改 5min, 继续设计 EA 稿', 'total': 0}
→ 子 agent 已冻结，等你拍板（重试/换思路/取消）
[23:15:59] PUSH [error] 🚨 任务升级到 escalate: t-20260612-093433-1ce224
角色: researcher 等级: L
目标: 长期任务: 联网学习 MT4/MT5 EA + 免费EA解析 + 设计/编译/测试
心跳断: 47430秒前 (3×stale=900s)
进度: {'current': 0, 'message': '[3/6 ✓] 写完 REPORT.md. heartbeat 改 5min, 继续设计 EA 稿', 'total': 0}
→ 子 agent 已冻结，等你拍板（重试/换思路/取消）
[23:16:59] PUSH [error] 🚨 任务升级到 escalate: t-20260612-093433-1ce224
角色: researcher 等级: L
目标: 长期任务: 联网学习 MT4/MT5 EA + 免费EA解析 + 设计/编译/测试
心跳断: 47490秒前 (3×stale=900s)
进度: {'current': 0, 'message': '[3/6 ✓] 写完 REPORT.md. heartbeat 改 5min, 继续设计 EA 稿', 'total': 0}
→ 子 agent 已冻结，等你拍板（重试/换思路/取消）
[23:17:59] PUSH [error] 🚨 任务升级到 escalate: t-20260612-093433-1ce224
角色: researcher 等级: L
目标: 长期任务: 联网学习 MT4/MT5 EA + 免费EA解析 + 设计/编译/测试
心跳断: 47550秒前 (3×stale=900s)
进度: {'current': 0, 'message': '[3/6 ✓] 写完 REPORT.md. heartbeat 改 5min, 继续设计 EA 稿', 'total': 0}
→ 子 agent 已冻结，等你拍板（重试/换思路/取消）
[23:18:59] PUSH [error] 🚨 任务升级到 escalate: t-20260612-093433-1ce224
角色: researcher 等级: L
目标: 长期任务: 联网学习 MT4/MT5 EA + 免费EA解析 + 设计/编译/测试
心跳断: 47610秒前 (3×stale=900s)
进度: {'current': 0, 'message': '[3/6 ✓] 写完 REPORT.md. heartbeat 改 5min, 继续设计 EA 稿', 'total': 0}
→ 子 agent 已冻结，等你拍板（重试/换思路/取消）
[23:19:59] PUSH [error] 🚨 任务升级到 escalate: t-20260612-093433-1ce224
角色: researcher 等级: L
目标: 长期任务: 联网学习 MT4/MT5 EA + 免费EA解析 + 设计/编译/测试
心跳断: 47670秒前 (3×stale=900s)
进度: {'current': 0, 'message': '[3/6 ✓] 写完 REPORT.md. heartbeat 改 5min, 继续设计 EA 稿', 'total': 0}
→ 子 agent 已冻结，等你拍板（重试/换思路/取消）
[23:20:59] PUSH [error] 🚨 任务升级到 escalate: t-20260612-093433-1ce224
角色: researcher 等级: L
目标: 长期任务: 联网学习 MT4/MT5 EA + 免费EA解析 + 设计/编译/测试
心跳断: 47730秒前 (3×stale=900s)
进度: {'current': 0, 'message': '[3/6 ✓] 写完 REPORT.md. heartbeat 改 5min, 继续设计 EA 稿', 'total': 0}
→ 子 agent 已冻结，等你拍板（重试/换思路/取消）
[23:21:59] PUSH [error] 🚨 任务升级到 escalate: t-20260612-093433-1ce224
角色: researcher 等级: L
目标: 长期任务: 联网学习 MT4/MT5 EA + 免费EA解析 + 设计/编译/测试
心跳断: 47790秒前 (3×stale=900s)
进度: {'current': 0, 'message': '[3/6 ✓] 写完 REPORT.md. heartbeat 改 5min, 继续设计 EA 稿', 'total': 0}
→ 子 agent 已冻结，等你拍板（重试/换思路/取消）
[23:22:59] PUSH [error] 🚨 任务升级到 escalate: t-20260612-093433-1ce224
角色: researcher 等级: L
目标: 长期任务: 联网学习 MT4/MT5 EA + 免费EA解析 + 设计/编译/测试
心跳断: 47850秒前 (3×stale=900s)
进度: {'current': 0, 'message': '[3/6 ✓] 写完 REPORT.md. heartbeat 改 5min, 继续设计 EA 稿', 'total': 0}
→ 子 agent 已冻结，等你拍板（重试/换思路/取消）
[23:23:59] PUSH [error] 🚨 任务升级到 escalate: t-20260612-093433-1ce224
角色: researcher 等级: L
目标: 长期任务: 联网学习 MT4/MT5 EA + 免费EA解析 + 设计/编译/测试
心跳断: 47910秒前 (3×stale=900s)
进度: {'current': 0, 'message': '[3/6 ✓] 写完 REPORT.md. heartbeat 改 5min, 继续设计 EA 稿', 'total': 0}
→ 子 agent 已冻结，等你拍板（重试/换思路/取消）
[23:24:59] PUSH [error] 🚨 任务升级到 escalate: t-20260612-093433-1ce224
角色: researcher 等级: L
目标: 长期任务: 联网学习 MT4/MT5 EA + 免费EA解析 + 设计/编译/测试
心跳断: 47970秒前 (3×stale=900s)
进度: {'current': 0, 'message': '[3/6 ✓] 写完 REPORT.md. heartbeat 改 5min, 继续设计 EA 稿', 'total': 0}
→ 子 agent 已冻结，等你拍板（重试/换思路/取消）
[23:25:59] PUSH [error] 🚨 任务升级到 escalate: t-20260612-093433-1ce224
角色: researcher 等级: L
目标: 长期任务: 联网学习 MT4/MT5 EA + 免费EA解析 + 设计/编译/测试
心跳断: 48030秒前 (3×stale=900s)
进度: {'current': 0, 'message': '[3/6 ✓] 写完 REPORT.md. heartbeat 改 5min, 继续设计 EA 稿', 'total': 0}
→ 子 agent 已冻结，等你拍板（重试/换思路/取消）
[23:26:59] PUSH [error] 🚨 任务升级到 escalate: t-20260612-093433-1ce224
角色: researcher 等级: L
目标: 长期任务: 联网学习 MT4/MT5 EA + 免费EA解析 + 设计/编译/测试
心跳断: 48090秒前 (3×stale=900s)
进度: {'current': 0, 'message': '[3/6 ✓] 写完 REPORT.md. heartbeat 改 5min, 继续设计 EA 稿', 'total': 0}
→ 子 agent 已冻结，等你拍板（重试/换思路/取消）
[23:27:59] PUSH [error] 🚨 任务升级到 escalate: t-20260612-093433-1ce224
角色: researcher 等级: L
目标: 长期任务: 联网学习 MT4/MT5 EA + 免费EA解析 + 设计/编译/测试
心跳断: 48150秒前 (3×stale=900s)
进度: {'current': 0, 'message': '[3/6 ✓] 写完 REPORT.md. heartbeat 改 5min, 继续设计 EA 稿', 'total': 0}
→ 子 agent 已冻结，等你拍板（重试/换思路/取消）
[23:28:59] PUSH [error] 🚨 任务升级到 escalate: t-20260612-093433-1ce224
角色: researcher 等级: L
目标: 长期任务: 联网学习 MT4/MT5 EA + 免费EA解析 + 设计/编译/测试
心跳断: 48210秒前 (3×stale=900s)
进度: {'current': 0, 'message': '[3/6 ✓] 写完 REPORT.md. heartbeat 改 5min, 继续设计 EA 稿', 'total': 0}
→ 子 agent 已冻结，等你拍板（重试/换思路/取消）
[23:29:59] PUSH [error] 🚨 任务升级到 escalate: t-20260612-093433-1ce224
角色: researcher 等级: L
目标: 长期任务: 联网学习 MT4/MT5 EA + 免费EA解析 + 设计/编译/测试
心跳断: 48270秒前 (3×stale=900s)
进度: {'current': 0, 'message': '[3/6 ✓] 写完 REPORT.md. heartbeat 改 5min, 继续设计 EA 稿', 'total': 0}
→ 子 agent 已冻结，等你拍板（重试/换思路/取消）
[23:30:59] PUSH [error] 🚨 任务升级到 escalate: t-20260612-093433-1ce224
角色: researcher 等级: L
目标: 长期任务: 联网学习 MT4/MT5 EA + 免费EA解析 + 设计/编译/测试
心跳断: 48330秒前 (3×stale=900s)
进度: {'current': 0, 'message': '[3/6 ✓] 写完 REPORT.md. heartbeat 改 5min, 继续设计 EA 稿', 'total': 0}
→ 子 agent 已冻结，等你拍板（重试/换思路/取消）
[23:31:59] PUSH [error] 🚨 任务升级到 escalate: t-20260612-093433-1ce224
角色: researcher 等级: L
目标: 长期任务: 联网学习 MT4/MT5 EA + 免费EA解析 + 设计/编译/测试
心跳断: 48390秒前 (3×stale=900s)
进度: {'current': 0, 'message': '[3/6 ✓] 写完 REPORT.md. heartbeat 改 5min, 继续设计 EA 稿', 'total': 0}
→ 子 agent 已冻结，等你拍板（重试/换思路/取消）
[23:32:59] PUSH [error] 🚨 任务升级到 escalate: t-20260612-093433-1ce224
角色: researcher 等级: L
目标: 长期任务: 联网学习 MT4/MT5 EA + 免费EA解析 + 设计/编译/测试
心跳断: 48450秒前 (3×stale=900s)
进度: {'current': 0, 'message': '[3/6 ✓] 写完 REPORT.md. heartbeat 改 5min, 继续设计 EA 稿', 'total': 0}
→ 子 agent 已冻结，等你拍板（重试/换思路/取消）
[23:33:59] PUSH [error] 🚨 任务升级到 escalate: t-20260612-093433-1ce224
角色: researcher 等级: L
目标: 长期任务: 联网学习 MT4/MT5 EA + 免费EA解析 + 设计/编译/测试
心跳断: 48510秒前 (3×stale=900s)
进度: {'current': 0, 'message': '[3/6 ✓] 写完 REPORT.md. heartbeat 改 5min, 继续设计 EA 稿', 'total': 0}
→ 子 agent 已冻结，等你拍板（重试/换思路/取消）
[23:34:59] PUSH [error] 🚨 任务升级到 escalate: t-20260612-093433-1ce224
角色: researcher 等级: L
目标: 长期任务: 联网学习 MT4/MT5 EA + 免费EA解析 + 设计/编译/测试
心跳断: 48570秒前 (3×stale=900s)
进度: {'current': 0, 'message': '[3/6 ✓] 写完 REPORT.md. heartbeat 改 5min, 继续设计 EA 稿', 'total': 0}
→ 子 agent 已冻结，等你拍板（重试/换思路/取消）
[23:35:59] PUSH [error] 🚨 任务升级到 escalate: t-20260612-093433-1ce224
角色: researcher 等级: L
目标: 长期任务: 联网学习 MT4/MT5 EA + 免费EA解析 + 设计/编译/测试
心跳断: 48630秒前 (3×stale=900s)
进度: {'current': 0, 'message': '[3/6 ✓] 写完 REPORT.md. heartbeat 改 5min, 继续设计 EA 稿', 'total': 0}
→ 子 agent 已冻结，等你拍板（重试/换思路/取消）
[23:36:59] PUSH [error] 🚨 任务升级到 escalate: t-20260612-093433-1ce224
角色: researcher 等级: L
目标: 长期任务: 联网学习 MT4/MT5 EA + 免费EA解析 + 设计/编译/测试
心跳断: 48690秒前 (3×stale=900s)
进度: {'current': 0, 'message': '[3/6 ✓] 写完 REPORT.md. heartbeat 改 5min, 继续设计 EA 稿', 'total': 0}
→ 子 agent 已冻结，等你拍板（重试/换思路/取消）
[23:37:59] PUSH [error] 🚨 任务升级到 escalate: t-20260612-093433-1ce224
角色: researcher 等级: L
目标: 长期任务: 联网学习 MT4/MT5 EA + 免费EA解析 + 设计/编译/测试
心跳断: 48750秒前 (3×stale=900s)
进度: {'current': 0, 'message': '[3/6 ✓] 写完 REPORT.md. heartbeat 改 5min, 继续设计 EA 稿', 'total': 0}
→ 子 agent 已冻结，等你拍板（重试/换思路/取消）
[23:38:59] PUSH [error] 🚨 任务升级到 escalate: t-20260612-093433-1ce224
角色: researcher 等级: L
目标: 长期任务: 联网学习 MT4/MT5 EA + 免费EA解析 + 设计/编译/测试
心跳断: 48810秒前 (3×stale=900s)
进度: {'current': 0, 'message': '[3/6 ✓] 写完 REPORT.md. heartbeat 改 5min, 继续设计 EA 稿', 'total': 0}
→ 子 agent 已冻结，等你拍板（重试/换思路/取消）
[23:39:59] PUSH [error] 🚨 任务升级到 escalate: t-20260612-093433-1ce224
角色: researcher 等级: L
目标: 长期任务: 联网学习 MT4/MT5 EA + 免费EA解析 + 设计/编译/测试
心跳断: 48870秒前 (3×stale=900s)
进度: {'current': 0, 'message': '[3/6 ✓] 写完 REPORT.md. heartbeat 改 5min, 继续设计 EA 稿', 'total': 0}
→ 子 agent 已冻结，等你拍板（重试/换思路/取消）
[23:40:59] PUSH [error] 🚨 任务升级到 escalate: t-20260612-093433-1ce224
角色: researcher 等级: L
目标: 长期任务: 联网学习 MT4/MT5 EA + 免费EA解析 + 设计/编译/测试
心跳断: 48930秒前 (3×stale=900s)
进度: {'current': 0, 'message': '[3/6 ✓] 写完 REPORT.md. heartbeat 改 5min, 继续设计 EA 稿', 'total': 0}
→ 子 agent 已冻结，等你拍板（重试/换思路/取消）
[23:41:59] PUSH [error] 🚨 任务升级到 escalate: t-20260612-093433-1ce224
角色: researcher 等级: L
目标: 长期任务: 联网学习 MT4/MT5 EA + 免费EA解析 + 设计/编译/测试
心跳断: 48990秒前 (3×stale=900s)
进度: {'current': 0, 'message': '[3/6 ✓] 写完 REPORT.md. heartbeat 改 5min, 继续设计 EA 稿', 'total': 0}
→ 子 agent 已冻结，等你拍板（重试/换思路/取消）
[23:42:59] PUSH [error] 🚨 任务升级到 escalate: t-20260612-093433-1ce224
角色: researcher 等级: L
目标: 长期任务: 联网学习 MT4/MT5 EA + 免费EA解析 + 设计/编译/测试
心跳断: 49050秒前 (3×stale=900s)
进度: {'current': 0, 'message': '[3/6 ✓] 写完 REPORT.md. heartbeat 改 5min, 继续设计 EA 稿', 'total': 0}
→ 子 agent 已冻结，等你拍板（重试/换思路/取消）
[23:43:59] PUSH [error] 🚨 任务升级到 escalate: t-20260612-093433-1ce224
角色: researcher 等级: L
目标: 长期任务: 联网学习 MT4/MT5 EA + 免费EA解析 + 设计/编译/测试
心跳断: 49110秒前 (3×stale=900s)
进度: {'current': 0, 'message': '[3/6 ✓] 写完 REPORT.md. heartbeat 改 5min, 继续设计 EA 稿', 'total': 0}
→ 子 agent 已冻结，等你拍板（重试/换思路/取消）
[23:44:59] PUSH [error] 🚨 任务升级到 escalate: t-20260612-093433-1ce224
角色: researcher 等级: L
目标: 长期任务: 联网学习 MT4/MT5 EA + 免费EA解析 + 设计/编译/测试
心跳断: 49170秒前 (3×stale=900s)
进度: {'current': 0, 'message': '[3/6 ✓] 写完 REPORT.md. heartbeat 改 5min, 继续设计 EA 稿', 'total': 0}
→ 子 agent 已冻结，等你拍板（重试/换思路/取消）
[23:45:59] PUSH [error] 🚨 任务升级到 escalate: t-20260612-093433-1ce224
角色: researcher 等级: L
目标: 长期任务: 联网学习 MT4/MT5 EA + 免费EA解析 + 设计/编译/测试
心跳断: 49230秒前 (3×stale=900s)
进度: {'current': 0, 'message': '[3/6 ✓] 写完 REPORT.md. heartbeat 改 5min, 继续设计 EA 稿', 'total': 0}
→ 子 agent 已冻结，等你拍板（重试/换思路/取消）
[23:46:59] PUSH [error] 🚨 任务升级到 escalate: t-20260612-093433-1ce224
角色: researcher 等级: L
目标: 长期任务: 联网学习 MT4/MT5 EA + 免费EA解析 + 设计/编译/测试
心跳断: 49290秒前 (3×stale=900s)
进度: {'current': 0, 'message': '[3/6 ✓] 写完 REPORT.md. heartbeat 改 5min, 继续设计 EA 稿', 'total': 0}
→ 子 agent 已冻结，等你拍板（重试/换思路/取消）
[23:47:59] PUSH [error] 🚨 任务升级到 escalate: t-20260612-093433-1ce224
角色: researcher 等级: L
目标: 长期任务: 联网学习 MT4/MT5 EA + 免费EA解析 + 设计/编译/测试
心跳断: 49350秒前 (3×stale=900s)
进度: {'current': 0, 'message': '[3/6 ✓] 写完 REPORT.md. heartbeat 改 5min, 继续设计 EA 稿', 'total': 0}
→ 子 agent 已冻结，等你拍板（重试/换思路/取消）
[23:48:59] PUSH [error] 🚨 任务升级到 escalate: t-20260612-093433-1ce224
角色: researcher 等级: L
目标: 长期任务: 联网学习 MT4/MT5 EA + 免费EA解析 + 设计/编译/测试
心跳断: 49410秒前 (3×stale=900s)
进度: {'current': 0, 'message': '[3/6 ✓] 写完 REPORT.md. heartbeat 改 5min, 继续设计 EA 稿', 'total': 0}
→ 子 agent 已冻结，等你拍板（重试/换思路/取消）
[23:49:59] PUSH [error] 🚨 任务升级到 escalate: t-20260612-093433-1ce224
角色: researcher 等级: L
目标: 长期任务: 联网学习 MT4/MT5 EA + 免费EA解析 + 设计/编译/测试
心跳断: 49470秒前 (3×stale=900s)
进度: {'current': 0, 'message': '[3/6 ✓] 写完 REPORT.md. heartbeat 改 5min, 继续设计 EA 稿', 'total': 0}
→ 子 agent 已冻结，等你拍板（重试/换思路/取消）
[23:50:59] PUSH [error] 🚨 任务升级到 escalate: t-20260612-093433-1ce224
角色: researcher 等级: L
目标: 长期任务: 联网学习 MT4/MT5 EA + 免费EA解析 + 设计/编译/测试
心跳断: 49530秒前 (3×stale=900s)
进度: {'current': 0, 'message': '[3/6 ✓] 写完 REPORT.md. heartbeat 改 5min, 继续设计 EA 稿', 'total': 0}
→ 子 agent 已冻结，等你拍板（重试/换思路/取消）
[23:51:59] PUSH [error] 🚨 任务升级到 escalate: t-20260612-093433-1ce224
角色: researcher 等级: L
目标: 长期任务: 联网学习 MT4/MT5 EA + 免费EA解析 + 设计/编译/测试
心跳断: 49590秒前 (3×stale=900s)
进度: {'current': 0, 'message': '[3/6 ✓] 写完 REPORT.md. heartbeat 改 5min, 继续设计 EA 稿', 'total': 0}
→ 子 agent 已冻结，等你拍板（重试/换思路/取消）
[23:52:59] PUSH [error] 🚨 任务升级到 escalate: t-20260612-093433-1ce224
角色: researcher 等级: L
目标: 长期任务: 联网学习 MT4/MT5 EA + 免费EA解析 + 设计/编译/测试
心跳断: 49650秒前 (3×stale=900s)
进度: {'current': 0, 'message': '[3/6 ✓] 写完 REPORT.md. heartbeat 改 5min, 继续设计 EA 稿', 'total': 0}
→ 子 agent 已冻结，等你拍板（重试/换思路/取消）
[23:53:59] PUSH [error] 🚨 任务升级到 escalate: t-20260612-093433-1ce224
角色: researcher 等级: L
目标: 长期任务: 联网学习 MT4/MT5 EA + 免费EA解析 + 设计/编译/测试
心跳断: 49710秒前 (3×stale=900s)
进度: {'current': 0, 'message': '[3/6 ✓] 写完 REPORT.md. heartbeat 改 5min, 继续设计 EA 稿', 'total': 0}
→ 子 agent 已冻结，等你拍板（重试/换思路/取消）
[23:54:59] PUSH [error] 🚨 任务升级到 escalate: t-20260612-093433-1ce224
角色: researcher 等级: L
目标: 长期任务: 联网学习 MT4/MT5 EA + 免费EA解析 + 设计/编译/测试
心跳断: 49770秒前 (3×stale=900s)
进度: {'current': 0, 'message': '[3/6 ✓] 写完 REPORT.md. heartbeat 改 5min, 继续设计 EA 稿', 'total': 0}
→ 子 agent 已冻结，等你拍板（重试/换思路/取消）
[23:56:00] PUSH [error] 🚨 任务升级到 escalate: t-20260612-093433-1ce224
角色: researcher 等级: L
目标: 长期任务: 联网学习 MT4/MT5 EA + 免费EA解析 + 设计/编译/测试
心跳断: 49830秒前 (3×stale=900s)
进度: {'current': 0, 'message': '[3/6 ✓] 写完 REPORT.md. heartbeat 改 5min, 继续设计 EA 稿', 'total': 0}
→ 子 agent 已冻结，等你拍板（重试/换思路/取消）
[23:57:00] PUSH [error] 🚨 任务升级到 escalate: t-20260612-093433-1ce224
角色: researcher 等级: L
目标: 长期任务: 联网学习 MT4/MT5 EA + 免费EA解析 + 设计/编译/测试
心跳断: 49891秒前 (3×stale=900s)
进度: {'current': 0, 'message': '[3/6 ✓] 写完 REPORT.md. heartbeat 改 5min, 继续设计 EA 稿', 'total': 0}
→ 子 agent 已冻结，等你拍板（重试/换思路/取消）
[23:58:00] PUSH [error] 🚨 任务升级到 escalate: t-20260612-093433-1ce224
角色: researcher 等级: L
目标: 长期任务: 联网学习 MT4/MT5 EA + 免费EA解析 + 设计/编译/测试
心跳断: 49951秒前 (3×stale=900s)
进度: {'current': 0, 'message': '[3/6 ✓] 写完 REPORT.md. heartbeat 改 5min, 继续设计 EA 稿', 'total': 0}
→ 子 agent 已冻结，等你拍板（重试/换思路/取消）
[23:59:00] PUSH [error] 🚨 任务升级到 escalate: t-20260612-093433-1ce224
角色: researcher 等级: L
目标: 长期任务: 联网学习 MT4/MT5 EA + 免费EA解析 + 设计/编译/测试
心跳断: 50011秒前 (3×stale=900s)
进度: {'current': 0, 'message': '[3/6 ✓] 写完 REPORT.md. heartbeat 改 5min, 继续设计 EA 稿', 'total': 0}
→ 子 agent 已冻结，等你拍板（重试/换思路/取消）
